userName,score,at,content
Luluk Muawanah,5,2025-10-03 16:14:19,oktober -o nya apa ooo ini udh pindah di blood strike awok awok awok
Kembar Kembar,1,2025-10-03 16:13:15,game burik
Muhammad Luthfi,4,2025-10-03 16:13:10,seru banget cok bagi SG 2 geratis ge mimin
Agas Hawu,5,2025-10-03 16:08:46,sangat bagus
vintxyy Skarall,1,2025-10-03 16:02:34,game burik banyak bug nya hadeh..
Baim Putra,5,2025-10-03 15:47:42,minta daimon
Ahmad Juma,5,2025-10-03 15:35:16,hammas
Kang Cabul,5,2025-10-03 15:31:02,tolong kondisikan bnyk yg teleport
Kiki Kiki,5,2025-10-03 15:30:04,sangat mantap. tapi kalo bisa balikin yg bisa dapat DM yg dlu itu
Hamzah Gg,1,2025-10-03 15:27:10,umk
Danil Akbar96,1,2025-10-03 15:23:07,gak sesuai seperti kontrol penuhpedahal nggak kontrol penuh aim nggak nempel nembak nggak enak ff 8bin gini lah nggak enak banget saya kira saya aja yang mengalami gangguan sinyal sering patah maen nya gak tau nya yang lain juga sering ngebak juga nembak sering nggak kena pedahal depan mata musuh
fajar istriyatna,1,2025-10-03 15:22:32,ngelaxs .... kenapa nih min
Lina Waruwu,1,2025-10-03 15:21:33,makin lama free fire ini makin susah jaringa tolong lah garena diperbaiki
Rizal Muke,1,2025-10-03 15:15:54,panutan ku gak bisa main ff lagi
Shuraa21,5,2025-10-03 15:14:21,burik
akun Ml,5,2025-10-03 15:03:41,sudah makin berkembang
Arya Sakti,5,2025-10-03 15:03:19,gak ada ulasan
Abib Biba,1,2025-10-03 15:00:49,gem ini udah rusak banget . ak main siyal 50 luting aja susah gem burik rusak
e,2,2025-10-03 14:59:45,"min ini ko gabisa masuk gamenya si, gatel ini tangan pen maen"
Reza Reza aditiya,4,2025-10-03 14:59:37,geme seru
akuniqbal 1818_,3,2025-10-03 14:58:07,Ga bisa di download
Persinas Asad,5,2025-10-03 14:49:42,keren
Calief Azka,5,2025-10-03 14:47:48,geme nya bagus bgt seru untuk dibuat main bareng meskipun agak nge leg sedikit tapi tetap bagus gravitasi nya semoga geme ini kedepan nya semakin bagus lagi🙏
Berto Kadepa,5,2025-10-03 14:44:12,PANIAI BOSY
Iyainmas Iyainmas,5,2025-10-03 14:40:01,halo Garena kok skin senjata ku kok hilang semua padahal saya gak pakai cheat atau rege dan baju celana semua ilang dan dan SG trompet susah susah dapetin kok juga ilang
FAJRI AJII2005,4,2025-10-03 14:36:17,lumayan saya suka
aical fros gaming,1,2025-10-03 14:31:45,"game ga layak main kaya t41 game nya bs bs nya org nembak dlu baru gerak, bug nya kaya orang gila benerin lagi game lu garena miskin, bug masih banyak di benerin dlu miskin"
Has Yir,5,2025-10-03 14:29:38,main ya sangat enak debas sekali
afifah hanum,5,2025-10-03 14:29:20,Bagus
nazril pulungan,5,2025-10-03 14:28:49,seru banget dah ni game
Komik Pik,4,2025-10-03 14:25:03,aku rasa ini game free fire bagus banget tapi masalahnya itu bandel bandel lamanya dikembalikan lagi itulah membuatkan rating 4 bintang saja Aku harap Garena boleh Jangan membuat bandel bandel yang yang lama jangan dikembalikan itulah masalahnya membuatkan free fire dibenci dan tidak mau didownload kuharap Garena bisa mengerti ya
Ziefara Hansha hafizhah,1,2025-10-03 14:23:20,game burik njs. #epepburik #gamekikir
Redmi Tapin,5,2025-10-03 14:20:36,hahahaha......maaf
Okllay Fauzi,1,2025-10-03 14:20:26,"ping di dalam game jelek/tinggi,mengakibatkan delay,apalagi kalo main rank,makin buruk ping gamenya,padahal buat YouTube,download,main game lain aman saja,saat main game freefire pasti terkendala jaringan internet tidak bagus,itu dari dulu internet di dalam game freefire selalu buruk/jelek,isinya dari dulu penjualan terus yang di utamakan,bukannya memperbaiki masalah di dalam game,ini malah menjual terus menerus.(tidak paham lagi sama game freefire),banyak akun yang di jual dan pensi,karna buruk"
Dewi Permatasari Dewi,5,2025-10-03 14:17:25,sangatt woww pokoknyaa gayss cumaa gituuu ngelegg nya mintaa ampun nih hidup burik💕
Juanda Saputra,2,2025-10-03 14:11:19,tolong game nya di buat supaya gak kaku dan koneksi nya tolong jangan di buat buat
Kylefingers,5,2025-10-03 14:10:54,gw dulu suka suka tapi lama lama hp juge jadi korban🗿gigit gigit gigit lagi pecah🗿tapi bgus ff adalah hati yg suka menyinari hidup ku
Muhammad Rafi,5,2025-10-03 14:02:04,seru
Rany Safitry,3,2025-10-03 14:00:18,masalah jaringan tolong di fix ya
Sanuya Ini akun ep ep,5,2025-10-03 13:57:34,bagus banget game epep ini
Jowandosky Manalu,5,2025-10-03 13:55:08,bagus sih tapi englag tolong diperbaiki ya min gara gara itu aku jadi makin malas main ff sekali lagi tolong diperbaiki ya min. jadi lebih sering main ROBLOX deh min . TERIMA KASIH 😘😘😘
ASA HANET,5,2025-10-03 13:52:27,wekk
Ahmad Hadi,5,2025-10-03 13:51:14,min kembalikan g Budi 01 gaming cuman perkara main blok strik Ampe v bet bg Budi di ilangin kembalikan bg Budi dia main bloks straik buat nyari napkah kan banyak game mah Ampe gaboleh
Jesy Jesyka,5,2025-10-03 13:46:26,mksh bnyak sy sdh mendapatkan 5bintang
Asep Zohan,2,2025-10-03 13:46:08,kebanyakan bug
444 gzz,1,2025-10-03 13:43:01,ini knp garena? aku login jaringan lancar tpi kaga bisa masuk ajg
Muhammad Akmal,5,2025-10-03 13:42:27,game ini sangat seru sekali tapi mohon Garena kembalikan emote push up dah peak old dan untuk update juga lumayan tapi kurang nya dari free fire banyak sekali orang yang menggunakan cheat atau panel saat saya bermain cs rangked atau br rangked menggapa yang pake cheat/panel tidak di ban asal kan kita kalau iam nya nempel ke kepala langsung di reapot atau ban mohon lah Garena
dika triyadi,1,2025-10-03 13:42:21,Bu
Gilang Arfandi,1,2025-10-03 13:37:49,tolong lah bug damage yh dinperhatiakan terus knp selalu dapat tim yg ngk bisa main kalah terus capek
Sifa Sifa,5,2025-10-03 13:27:26,game ini sangat seruu
Muh nouf Al mahdi,5,2025-10-03 13:26:31,suka suka aja seru
Aqila Tama,5,2025-10-03 13:23:51,Saya berterima kasih kepada Garena karena game free fire ini bagus bisa ngereng sampai green master aku sekarang Rengnya green master 5kali Dan heroik 26kali seru banget Yo Garena kolep dengan hantu hantu
Tarwiyah TARLIM,1,2025-10-03 13:20:36,game rusak
Aldo Aldo,5,2025-10-03 13:20:12,aku ketagihan
Eza Pratama,2,2025-10-03 13:18:41,game ini sangat jelek gua kalah mulu memang GARENA anj
Rapka Suryandi,3,2025-10-03 13:18:21,game ini enakan cuma sinyal nya aja yg kurang bagus padahal sinyal gua udah bgs tapi kok ngelag gua kah bintang 🌟🌟🌟 3 aja grafik sinyalnya benerin aja gua kasih bintang lima
Dede Xyyz,5,2025-10-03 13:18:16,sangat bagus sekali
Leny Manies,5,2025-10-03 13:16:45,seru dan menyenangkan tapi mau evo shotgun😕
ari pua,5,2025-10-03 13:14:17,game yng sangat kerennn!!!
Nurul Huda,5,2025-10-03 13:13:01,FreeFiremAXxN
Jonathan Tandilangi,1,2025-10-03 13:10:13,gamenya banyak bug
Nur Calia354,3,2025-10-03 13:07:24,Hay kerator kalau bisa tingkatkan jaringannya biar dapat kil terus
Farel_bungas,1,2025-10-03 13:07:14,"apasih epep kek kntl skrg, gbisa login padahal sinyal bagus bego"
Syawal,5,2025-10-03 13:03:16,permainan yang seru tanpa batas aku memberi game berikut 5 bintang!!!!
Ervin,5,2025-10-03 12:59:51,yulik
Satria Agus,5,2025-10-03 12:54:52,ngelak dan patah patah coek
Nizam Tayo,5,2025-10-03 12:52:16,game nya enak banget seruuuu
Cahya Cahya,1,2025-10-03 12:52:09,saya kasih ratting bintang satu karna garena nge bl akun bg budi 01 gaming
Fadil ENdro,5,2025-10-03 12:49:52,game nya bikin ketagihan kalo pake ap king
Bara Bere,5,2025-10-03 12:43:43,ff di hati🥰
Jano Jano babi,1,2025-10-03 12:43:27,Game busuk
Mur Niah,4,2025-10-03 12:41:59,sangat enak di mainin
Alpa Alpa,5,2025-10-03 12:39:29,"developer tolong benerin bug damage, meresahkan padahal 1 vs 1 tapi malah bug damage kayak udah kena headshot tapi hp nya masih banyak tolong benerin dong"
Dedew,2,2025-10-03 12:39:25,tolong dong jangan cuma mikirin keuntungan saja. pikirin juga kenyamanan para pemain bug sinyal bug demig benar-benar bikin mood anjlok. jadinya malas buat main ni games
Aulia Saputra,5,2025-10-03 12:37:02,gem yang saya suka
Hafid Putra1,5,2025-10-03 12:32:08,game nya burik bikin sakit mata mending main roblok
564_I Gusti Ngurah Agung Yudistira,5,2025-10-03 12:31:00,Garena Besok update ya di tanggal 4 oktober tahun 2025
Hijam Prit,1,2025-10-03 12:22:23,bagus
Prime Kanjiro,5,2025-10-03 12:21:54,bagus game nya
Suroso Hadi,1,2025-10-03 12:21:12,dapat merusak memori
Rendy Rusly,5,2025-10-03 12:14:45,Dendi Liu 🙏🪂
Jannah Jannah,5,2025-10-03 12:12:50,game inih seruh sekali
Zar Aja,2,2025-10-03 12:08:52,"perbaiki bug nya min,di cs sering tiba"" gabisa gerak"
Arika Aurelya,1,2025-10-03 12:07:29,game nya semakin update semakin banyak event yang ga ngotak
zaenal arifin,3,2025-10-03 12:01:53,tingkatkan lagi
DRAZ zsx,5,2025-10-03 12:01:47,seru
Kippli,4,2025-10-03 11:51:56,MANTAP MIN WALAUPUNGAME GAK ADA PINTU😹🗿
Ario Aswan,1,2025-10-03 11:51:52,雄鶏ゲーム
Lionel Luvluv,1,2025-10-03 11:51:36,game rusak!! tolong garena perbaiki dulu bug jaringannya padahal saya pakai wifi yang baru pasang tapi jaringan atau lag terus kalau mulai bermain sering sekali tidak bisa memasuki game nya.
Ezza Sitio,5,2025-10-03 11:48:54,seru banget 💢💢💢
Meckoz05,5,2025-10-03 11:47:00,terus berkembang pihak Garena💪🏻
Marwa aura Aura,5,2025-10-03 11:46:37,wahh bagus seklai
Akhtar Gemoy,5,2025-10-03 11:46:35,game bagus dan cocok buat yg bosen main atau kaum mageran
R c b V n d,5,2025-10-03 11:44:48,baik
Frisco,1,2025-10-03 11:37:28,benda yang sangat bagus sama banyak semuanya emot langsung muňċuʟ
Tika Sholihah,1,2025-10-03 11:37:01,"GARENA T@1 PLISS LAH KALO TURUN SEASON RINGANIN LAH KITA Masa GW DARK SISTEM SEMUA SEDANGKAN MUSUH MALAH KAYA PROPLAYER kaya ngak adil banget gitu, pliss lah sistem nya di benerin kami para Player game burik, harus mendapatkan perilaku buruk dari game burik(mana sistem nya cacat lagi) hadehh cape gw GARENA"
Zakiah??,2,2025-10-03 11:36:39,"seru, tapi sinyal bagus malah ngelag, apaan tiba tiba merah padahal sinyal nya baik baik aja, suka ngebug juga, kadang pas headshot malah sayanya yang knockdown dan tolong perbaikin dan baca kritikkan para player nya, terimakasih"
クリスミュッハ,1,2025-10-03 11:35:44,papoke ff kee
billiac star 02,5,2025-10-03 11:35:14,game nya seruuu apalagiii kalooo punyaaa temennn mabarrr
gulali gulagula,1,2025-10-03 11:28:18,woi asu napa ff gw ireng cukup itu perbaiki asu!
Kareem Holt,5,2025-10-03 11:25:58,keren
Sovia Oktavia,3,2025-10-03 11:25:55,sering terjadinya bug banyak cit/file
ALIF Tai,5,2025-10-03 11:25:34,mimin garena aku pengen akun ff akun ku ko si ban
Budevi,5,2025-10-03 11:16:25,diamon
fadli setiawan,1,2025-10-03 11:12:26,"game nya aneh bet, padahal sinyal nya bagus malah lag di ff nya apa coba, terus lag sinyalnya warna putih,terus kebanyakan orang troll atau bocil drak system jdi mls main ff lg"
Muhammad Alfansuri lutfi,3,2025-10-03 11:00:11,"min padahal hp gw unlock 120 fps trus dalam game kok gabisa 120 fps dah malahan 60 fps,susah 60 fps minn"
cakra cakra,5,2025-10-03 10:59:25,ini game yg sangat seru
Ali Topan,5,2025-10-03 10:58:21,skor jngan cepat turun nya y
Muhammad Asrul,5,2025-10-03 10:54:16,cukup menarik sih tapi ada masalah kecil seperti ngabak
taufik ismail,5,2025-10-03 10:49:10,aku sangat suka
Abu Rasyid,5,2025-10-03 10:44:34,game nya bagus tapi kadang kadang ngebug
Dafa Pratama,5,2025-10-03 10:43:51,gacor
kancil halus,5,2025-10-03 10:36:59,game nya seru
Ggggvfff,5,2025-10-03 10:31:04,👍
Nurasih Dariansyah,5,2025-10-03 10:26:41,karena ini game yg sangat seruuuu sekali kami bisa mabar dan bisa onmic 🙏🤓
Siti Ilyas,5,2025-10-03 10:26:32,karna sedikit orng nya babi
Daffa Syaputra,5,2025-10-03 10:22:04,geme sangat bagus btw minta daimon min
Gina Dini,5,2025-10-03 10:20:22,sangat menyenangkan
Ali Ali,5,2025-10-03 10:14:04,game nya seru
Agus Kuprit,5,2025-10-03 10:12:31,bagus dan enak buat main
Muhammad Subkhi,1,2025-10-03 10:11:56,kemabliin akun bang budi garena
Riska Rahmadani,5,2025-10-03 10:11:37,aku sangat suka ff
MUHYIDIN Jamil,5,2025-10-03 10:10:55,ini adalah game terbaik di seluruh dunia garena semoga akun ku selalu hoki garena🙏
Oppo,5,2025-10-03 10:07:58,baik
Februari Februari,5,2025-10-03 10:07:01,Bagus
Dandox Badada,5,2025-10-03 09:58:21,tolong perbaiki soal ganguan sinyal
WILDAN•gz,1,2025-10-03 09:56:21,jelek grafik udah rata kiri masih aja ngelag
Patur fm Rahman,1,2025-10-03 09:56:20,bug demeg mohon di perbaiki secepatnya
Sufiyannor,1,2025-10-03 09:53:52,bagusan pubg
Indra Saputra jaya,5,2025-10-03 09:53:19,ecccooo#666
Salim Mudin,5,2025-10-03 09:49:57,bagus Garena saya adalah raja Pepeng di ff wkwk tolong geratisin diamond ff biar gk bosen ekwkk
Sahriah,5,2025-10-03 09:48:08,game free fire sangat menyenangkan
P linght Linht,1,2025-10-03 09:45:20,"min buatin fitur unbind dari Garena cukup 1x digunakan buat yg bindnya udah mati, soalnya mau gnti ga bisa"
Neni Santi,5,2025-10-03 09:43:56,baguss minus ada chit
vanz zr,1,2025-10-03 09:40:31,buat garena sesekali bikin lah hoki setiap nyespin pasti gak pernah dapet gimana mau main game ini kalo gapernah hoki
Rahmadtika 0910,5,2025-10-03 09:37:55,"min, saya kan baru download ff semoga dibagi akun sama min Garena amin ya Allah yang ada SG mamba aja pun saya bersyukur bismillah yaallah Semoga dibagi amin"
Fandi Ff,5,2025-10-03 09:37:31,ff MAX
wage wage,5,2025-10-03 09:29:16,game ini sangat seru ku kasih bintang lima😁😁😁😁
Dani Anugrah,5,2025-10-03 09:23:59,"seru,tapi skin S1 keluarin lagi doang min mau nyepin nih dan satu lagi jangot bnld keluarin lagi plisss minzzz"
Eruauw,5,2025-10-03 09:22:23,bagus banget ada bug nya
Raja Debata,1,2025-10-03 09:22:09,"maksa top up mentangg"" g pernah top up level Prime di turunin gw yg hbs berjuta"" di turunin level primee gw mutusin buat pensi game burik"
Suparto Suparto,5,2025-10-03 09:20:41,login ke lobinya lama udah nunggu lama2 mohon di per baiki
Oyama Mahiro,1,2025-10-03 09:17:49,Tangkap Anies🗿😹
yuni indra,4,2025-10-03 09:10:27,gamenya bagus cuman saya gabisa login gatau knpa
Shany Aprlll,4,2025-10-03 09:06:10,bagus ilov ff
Muhamad Indra Bagus Sanjaya,5,2025-10-03 09:02:24,mantap
Reza Aditiya,5,2025-10-03 09:01:28,"gw sengaja ngasi bintang 5karna , gw pdhl bru login ke ff malah langsung kena band, padahal ga pke apa² , + gw coba 3akun ke band smua, hade game kikir, mending kalian ati"", dan itu penjelasan gw."
ahmad khonif,1,2025-10-03 09:01:04,burik
Triyatin,5,2025-10-03 09:00:45,game nya sangat bagus
Daffa Aufar,5,2025-10-03 08:58:37,perbaiki bug ga bisa login secepatnya
Alzz Tobi,4,2025-10-03 08:56:07,"Masih ada beberapa masalah seperti masalah jaringan, juga untuk bug dalam matchmaking, aku sudah lama bermain game ini, tetapi saat ini belum terlalu puas dengan gamenya, tetapi overall bagus, semua nya udah bagus, saran aja tambahin senjata baru biar ga ngebosenin, kayak senjata assault rifle STG-44 dan senjata F2000."
Bocah Lampung,1,2025-10-03 08:54:58,saya nge push ff gk naik naik walaupun udh kil lima gak nik
Marchello Iglesias,4,2025-10-03 08:51:46,seru gk ngebosenin berasa perang beneran
dewi herwandi,5,2025-10-03 08:51:08,aku mau spin kalo ga dapet item nya aku jadiin bintang 1
M Gilang Lang,1,2025-10-03 08:49:47,Kami Sebagai pelupayer FF Ingin bang Budi 01 satu geming main lgi di Gem FF dan Kembalikan Akun FF bang Budi secepat ya kalau tk kami sebagai Follows ya akan PNSI dari FF
Zaky Alfatih,5,2025-10-03 08:48:12,karena ff selalu di hati
Kevin Dra,1,2025-10-03 08:47:39,"anj ff burik bikin hp gw patah patah, gak seperti dulu gak patah patah"
Kenzi Toro,5,2025-10-03 08:46:14,baik bagus.
Putueka Suarjaya,5,2025-10-03 08:42:29,bagus
Rafa Rafa,5,2025-10-03 08:40:25,Terimakasih sudah menciptakan geme ini
Madan-Cebonk73,5,2025-10-03 08:32:35,Mantapsss!!!
Wayan Arya,4,2025-10-03 08:31:29,gamenya bagus dan menarik tapi sekarang setiap main br/cs ranked sinyalnya merah terus padahal wifi/data nya banyak dan sinyal WiFi nya bagus
Rizal Ramadhan,1,2025-10-03 08:30:07,game jelek ngebug
fadli saputralaksana,4,2025-10-03 08:23:45,game nyah bagus dan grfik juga bagus tapi ada satu kekurangan dari game ff ini banyak citernyah Tolong kepada Garena free firee tolong di benin para citer nyah meresahkan bangt
Apa Lool,5,2025-10-03 08:21:57,game yg seru
ARIF WIJAYA,5,2025-10-03 08:15:30,mantap
neng ulfah,5,2025-10-03 08:14:31,seru bngt tapi suka lag aja
Fatir pahlevi,1,2025-10-03 08:11:10,burik sering lek
Konsumen,2,2025-10-03 08:04:24,game nya kurang baguss sinyal padahal bagus tiba² gak ada angin dan hujan tim ot tolong perbaiki Garena
Siahaan Rasdi,5,2025-10-03 08:04:15,maknyos
Ardiyah Garin,5,2025-10-03 07:57:40,sangat seru
Algo Fiqi,5,2025-10-03 07:53:52,minta akunnya dong
riaa rhyy,1,2025-10-03 07:50:14,"malas ahh, kok panutan gue ""budi"" ga bisaa main?"
Raya Arko Pratama,5,2025-10-03 07:50:10,game nya seru bisa mabar
BASORI Ilham,4,2025-10-03 07:49:00,game ini bagus tapi.aku ingin training old kembali
Boy Sumatra,5,2025-10-03 07:45:30,FFik
Minarni AHMAD,1,2025-10-03 07:44:48,apalah dari dulu sering leg sendiri padahal sinyal bagus uda burik sering leg² gajelas
Pw Arip123,5,2025-10-03 07:44:22,Cara hack akun ff
Bapae Ayu,5,2025-10-03 07:42:14,sangat seru tapi terlalu banyak sesen
Fadil Pangestu,5,2025-10-03 07:39:45,FF ini bagus dan keren kasih diamond bang 1000 bang
Sam Shemzz,5,2025-10-03 07:38:43,sangat baik
Tacosbell,5,2025-10-03 07:34:39,sengaja ka kasih mode mode mode pesawat
Tole Realme,5,2025-10-03 07:32:38,game ya enak di main kan bukan kek mobil legen wkwkwkwk
Bintang Azzami,5,2025-10-03 07:25:39,ff sangat seru aku ketagihan aku main2019 👍
Feqri Satria,5,2025-10-03 07:23:01,"sebelum download ff saya sering kejedot pintu, setelah download ff saya sudah tidak kejedot pintu terimakasih ff"
Eza Gionino,5,2025-10-03 07:17:17,ye Ade pintu
loky ariantaka,5,2025-10-03 07:16:20,bagus
Rido Jolek,3,2025-10-03 07:15:52,tolong jaringan nya diperbaikinya apa LG pas main ngelek parah itu aja moga dibaca
Lusiana Arimadi,4,2025-10-03 07:11:50,karena menyiapkan fasilitas 😔👎
Tri Tanggalan,5,2025-10-03 07:11:34,min tolong benerin sinyal nya masak pakai kuota masih ngelag tolong segera di benerin ini sangat menggangu saya apalagi saat bermain
Reydi Setiawan,5,2025-10-03 07:10:59,saran suara tembak nya di max di perbaiki
Nuha Putra,5,2025-10-03 07:10:23,saya hari ini sudah boyyah
Hok Cai,5,2025-10-03 07:04:47,aku suka semoga akun ku gk di band garena
Eka Adelia,5,2025-10-03 07:04:46,keren
Anarita Dos Santos,4,2025-10-03 07:04:04,ini uda bagus si ff tapi tolong tambahin pick atau bidik dan pintu kalo gak ada jadi bahan tawaan game lain sprti pubgdan ML
Captain Kid,5,2025-10-03 07:01:01,game sangat keren dan unik
Ayu Nadiyah,1,2025-10-03 06:55:49,"kanapa sih min banyak bug nya, bikin ngerugiin pelayer lain"
Dikihanifs Dikihanif,5,2025-10-03 06:54:40,keren
Infinix Rc,5,2025-10-03 06:48:52,bagus
Mey raa,5,2025-10-03 06:48:04,like bang pindah
Veni,1,2025-10-03 06:46:08,akun hilang
Aqilaalzahra Zahra,5,2025-10-03 06:45:15,bagus seruu
fais aska,5,2025-10-03 06:43:51,seruu
Muhammad Ikbal,5,2025-10-03 06:41:04,🔥🔥
Arya Ganteng,5,2025-10-03 06:33:25,semoga aku hoki
Jeni Nuraeni,5,2025-10-03 06:29:55,game ini seru tapi banyak kekurangan
Sullimah Sullimah,5,2025-10-03 06:24:23,kerja bagus
Aura Yahaira16,5,2025-10-03 06:23:20,saya suka dengan game ini dan ini adalah game favorit sayaa
Khansaa,5,2025-10-03 06:22:27,enak banget cuyyyy
Bintang Triatna,5,2025-10-03 06:20:37,game burik
Langit Hermawan,5,2025-10-03 06:17:53,aku suka game ini tapi hokiin dong Garena bentar lagi aku top up ya garena
Fauzan maulana Firmansyah,5,2025-10-03 06:17:51,aku main epep sejak tahun 2017
Noni Noni,5,2025-10-03 06:10:14,game nya sangat seru
Ardin Rena,5,2025-10-03 06:05:17,🍌🍌🍌🍌
Rezki,5,2025-10-03 06:05:16,gem nya bagus ga kaya gem sebelah semangat buat developer nya
Rafi,5,2025-10-03 06:02:04,cepat
Bisam Abrisam,1,2025-10-03 05:58:55,kenapa bang budi 01 gaming di band permanen di game burik
M Febri,5,2025-10-03 05:55:34,sangat senang
Cila,5,2025-10-03 05:52:35,👍👍👍🌹🌹🌹
Yuda Juliansyah,1,2025-10-03 05:48:10,game rusak di csr banyak orang cit pake tele kagak di ban rusak
Kenzie Dafa,5,2025-10-03 05:48:01,sangat seru untuk dimainkan
Raden Mas,3,2025-10-03 05:47:12,kurang grafik min
Neng Ratu,5,2025-10-03 05:44:32,game nya memang seru tapi bug nya banyak banget plis garena perbaiki bug nya
uzumaki naruto,2,2025-10-03 05:41:44,aneh burik
Nabila Putri,5,2025-10-03 05:40:36,seruu banget hero dan skin nya bagus bagus
Abid Pratama,1,2025-10-03 05:36:04,gua beri bintang satu karena bg Budi gk bisa main emg anj
Rehan Nasution,5,2025-10-03 05:35:31,"tolong ih, jangan banyakin chiter nya, tolong hargai pemain lain nya,dan buk nya di hilangkan semua"
Eza Novalio,5,2025-10-03 05:33:06,"seru bet cok, pokoknya mantep lah"
Mini Juflin,5,2025-10-03 05:32:48,Bagus unik bisa cari pacar di sini game ini
Damar Irsyad,5,2025-10-03 05:32:08,game nya seru banget
BONUSE Dy,5,2025-10-03 05:26:43,Terima Kasih!
septi kusuma,5,2025-10-03 05:23:30,gem ini Sangat bagus
akunmobilelegend,1,2025-10-03 05:23:19,burik jelek
Rafa alrazi,5,2025-10-03 05:19:41,season game ff ini sangat singkat saya tidak sempat push renk
Arif Firmanto,5,2025-10-03 05:17:35,aku mau dm 1000
Muhammad Akbaru iqbal,1,2025-10-03 05:13:21,game banyak bug
STOK 18,4,2025-10-03 05:12:18,tolong lah kepada mimin Garena kita sebagai Player marah' ketika main game ini di karemakan sinyal padahal jaringannya bagus jadi tolong ya segera di perbaiki 🙏😇
Mardiani,5,2025-10-03 05:11:32,game bagus
Redmi A1,1,2025-10-03 05:08:37,tolong lah Garena di perbaiki gem nya... Samat masuk harus tunggu beberapa menit... makin rosak aja ini epep
Kanzia Nur maulidia,4,2025-10-03 05:07:28,seru
Rian Alfazar,5,2025-10-03 05:03:46,game nya bisa entod entod
Sopiyan,4,2025-10-03 04:55:01,bagus
runa cakep,2,2025-10-03 04:54:57,"ini kenapa di update terus ya, hp gw ngelagg woi lama lama pengen gw hapus aja ni game nya padahal dulu bagus sekarang bikin hp ngelag padahal udah beli hp baru gw tetap ngelagg teruss capek gw season cepet banget lagi perasaan dulu GK secepat ini"
Cekdo Do,1,2025-10-03 04:53:42,Budi 01 gaming
Nurwana Kabir,1,2025-10-03 04:48:56,riana riana riana
Indah Device,1,2025-10-03 04:48:18,main game lain aja di ban dari game 😹
Muhamad Epan,5,2025-10-03 04:44:14,musuh nya bot semua
Rahmad Ilminasir,1,2025-10-03 04:38:34,GARENA yg terhormat coba di CS RANK tokonya semua hayato terima kasih😁😅
Rahmat Setiyadi,5,2025-10-03 04:37:37,keli memang mantap
Ikram Muhzulwal,5,2025-10-03 04:36:11,game ini seru banget
Miftakhul Khoiri,2,2025-10-03 04:33:47,makin tahun makin jelek event eventnya apalah skin SG 2 cuma di kasih efek sedikit ga sesuai banget sama harganya statistik cuma nambah moment speed lagi sebagai game yang pernah No 1 di play store menurut saya event yang sekarang jelek parah banget
Dodi Suprodi,5,2025-10-03 04:31:03,game nya bagus dan bikin bosen ngilang
Wonokoyo Team,5,2025-10-03 04:31:02,mintak DM 100.000
Abdillah Azka,5,2025-10-03 04:28:11,aku suka freefayer
Nabila Raisya,5,2025-10-03 04:25:22,sangat seru
Putu Sintya,5,2025-10-03 04:23:10,eleppyu epep
Rizz X,5,2025-10-03 04:23:01,bagus
Fatan Faturahman,1,2025-10-03 04:18:40,kacang lupa kulit
madi expand,5,2025-10-03 04:16:42,pengin Gren master dan dapat dm 6000 biar bisa prem 4
Vivo V,5,2025-10-03 04:12:46,bagus
Jefrianus Bolo dadi,5,2025-10-03 04:10:20,tolong jaringan gamenya diperbaiki 🥹
Elvi Oke,5,2025-10-03 04:09:39,baik
Ita Rosita,5,2025-10-03 04:05:05,pxegxt
Syakirah rania Insyirah,5,2025-10-03 04:03:12,wajib download tapi untuk Garena plis lah kalo spin kasih hoki dikit
widya pranita,5,2025-10-03 04:00:09,game nya seru sekali aku ingi menjadi yutuber free fire
Abisam Reynan,5,2025-10-03 03:59:57,saya cinta free free
puskesmas mersam,4,2025-10-03 03:55:45,game nya keren bagus tapi masih banyak bug nya sekarang item old jadi pasaran kayak topi jerami Kakashi tolong Garena poles sedikit lagi
Nazwa Djailany,5,2025-10-03 03:49:51,gem yang bagus
Adya Sep,5,2025-10-03 03:46:25,balikin akun lama gw
yayat x,1,2025-10-03 03:45:25,game burik
M.Hidayat Dayat,1,2025-10-03 03:44:14,apalah bg budi akunnya di bl cuman gara2 main blood strike garena baperan lol
Kresna Patria Nurutama,5,2025-10-03 03:42:07,bagus
Boom Berr,5,2025-10-03 03:32:24,game ini sangat bagus
Ahmad Wahyudi,5,2025-10-03 03:29:01,top games
Rizal Fatullah,5,2025-10-03 03:24:02,hehe
Adzan Muntadza,5,2025-10-03 03:23:52,ok
Fauzi Adia,1,2025-10-03 03:19:36,"blog, orang cuman nerima endorse dari game lain, ampe akun ff bang budi di blacklist"
Bukit Ponsel,5,2025-10-03 03:10:33,sangat puas
Alfatih Azfar,5,2025-10-03 03:00:47,epep selamanya
Iwan Nursahid,5,2025-10-03 02:56:20,permainannya sangat bagus tapi kalo kalah sekali langsung di gantiin lawan bot :(
Sini Tomo Tomo,5,2025-10-03 02:53:28,bagus bjir
Slamet Widodo,1,2025-10-03 02:52:41,gk di kasih hoki tiyap spin jck
Muhammad Hasan Hasan,4,2025-10-03 02:50:27,mantap min tolong dikecilin dkit mb nya ntar ku kasih bintang 10
idal Ubay,1,2025-10-03 02:49:41,game ini jelek ga bagus
Dimas Rani,5,2025-10-03 02:27:13,gamenya sangat menghibur
Kevin,5,2025-10-03 02:15:50,sangat membagongkan
Jaka Putraa,5,2025-10-03 02:13:49,jaringannya tolong pada jaringan gw 4 batang terus tapi kok 999 mulu tolong di perbaiki Garena terima kasiii
FAN AJJA,4,2025-10-03 02:06:07,kerennnnnn boyhhhhh wajib main sikk
Dede Setia,3,2025-10-03 02:01:48,"update terus menerus tapi bug gak di ilangin tolong ya min bug damage sama bug nyangkut di tembok nya di benerin, saya cuman mau ngomong itu aja terima kasih untuk garena karena ff saya jadi punya banyak temen onnline 😄😊"
Arya Situmorang,5,2025-10-03 01:53:49,bagus
Fadil Yusuf,5,2025-10-03 01:46:38,seru
SyaatKece,1,2025-10-03 01:41:50,game tolol kakeen dark sistem
D A N I EKA SAPUTRA,5,2025-10-03 01:39:38,tolong perbaiki bug yang ada di free fire 🙏
Akun Fifa,2,2025-10-03 01:29:59,panutan gua udagabisa main ff. yepinya susah
Sulton Maulana,5,2025-10-03 01:21:10,sangat mem buat hati senang 👍👍👍🤩🥰
Rido Imanuel,5,2025-10-03 01:17:48,kerja bagus
Rizki Revaldo,1,2025-10-03 01:16:19,banyak akun yang di ban
ansapril apndi,1,2025-10-03 01:16:12,"Garena pas lagi main di mode Lon wolf, betle royal dan Clasic skuat mainya ngelek-nelek apa lagi matcking br renk dan cs renk lama banget mulainya dan jaringanya ngelek-ngelek kesel banget kalo masi ngelek ku hapus ini Geme KAM|PANG 🤬🟥🏁-_~_~🎃🤬🤬🤬🤬🤬🤬🤬🤬🤬🤬🤬🤬🤬🤬🤬🤬🤬🤬🤬🤬🤬🤬🤬🤬🤬🤬🤬🤬🤬🤬😭😭😭"
Ovax Cevix,5,2025-10-03 01:15:11,seruuu
Sond Draif,5,2025-10-03 01:06:20,gem inilah yang NO1 di dunia sangat bagus coba kalian download dijamin gak nyesel 🥰🥰
Adrian Mutu,5,2025-10-03 01:00:46,menurut saya game ini untuk bosen aja
Along,4,2025-10-03 00:57:05,epep nya sih bgus tpi knp aku bisa onmic ga ad suara ku coba perbaiki dong grena 😭
Bagus 1927,5,2025-10-03 00:27:05,Free fire Keren
Opick Si Chaplin,5,2025-10-03 00:13:33,tapi kalau saya main cs rank tim nya suka yg BOT tapi tim lawan yg jago jago tolong Garena memperbaiki game ini tim nya yng imbang terimakasih
Kevin Fata,5,2025-10-03 00:11:59,"Free Fire sangat bagus karena grafik yang bagus namun ramah di hp kentang, intinya Free Fire selalu dihati"
fajar Mei saputra,5,2025-10-03 00:06:01,seru kalii
Relfaleo aksen Aryudha,1,2025-10-03 00:03:51,ayolah benerin tiap-tiap mau beli spesial aidrop gak bisa terus
ilham maulana,1,2025-10-02 23:54:15,knpa bang budi di blacklist woyy 😡👊
Pandu Albastian,1,2025-10-02 23:40:34,main saya kasih bintang 1 karna panutanku kok di bl akunnya bang budi 01 gaming dia paling penting di ff gua walau pun tidak punya pertemananya
raya rafa,5,2025-10-02 23:33:20,game nya bagus cocok untuk aku yg lagi galau
Altiansyah Teguh,5,2025-10-02 23:10:34,nice
Nabhan,5,2025-10-02 23:01:09,sangat seru dan asik
wayan arya,1,2025-10-02 22:37:22,akun gua kena bl mulu game gak ada otak yang lain pake cit di diemin giliran gua aim hoki mulu kena bl benerin dong sistem ya garena klo akun gua terus ke bl kasi gua dm salam garena gak tau yg pake cit sma gak 🙏
Musa sannip,5,2025-10-02 22:27:19,game ya seru
Rizky Yesyu,5,2025-10-02 22:14:35,Dilak coy
Andre Ardan,5,2025-10-02 21:50:25,permainan yang seru
Lukman Hakim,5,2025-10-02 21:42:31,aplikasi saat bagus untuk para bocil dan seru
Kontol Burut12,1,2025-10-02 21:07:32,karna saya kasih bintang satu karena di game ini banyak masalah gerapik buruk terus banyak cit
Aril Aril,5,2025-10-02 19:51:15,gem terbaik
reendi vendi,5,2025-10-02 18:51:56,sangat bagus
Iky,1,2025-10-02 18:44:16,panutan gw budi kalo emang lu udah benci sama dia gw bakal bikin rating 1 ni game
Acil meikel,5,2025-10-02 18:13:27,"sangat baik, saya menyukainya"
Chen Sendra,5,2025-10-02 18:05:32,bagi akun ya bng udh aku kasi bintang tu
Tri Rohmanto Rohman,5,2025-10-02 18:03:25,asik
Eilish bert elyees Eilish,5,2025-10-02 17:58:15,bagus
Agung Triyadi,1,2025-10-02 17:48:05,oi akun gua itu benerin bodo nuggu muluu gem tolo lammaaaa
Bot Grow,1,2025-10-02 16:31:51,💔💔💔💔
Gayau Sjaji,5,2025-10-02 16:25:19,bagus
Mismo Surya prasaja,5,2025-10-02 16:22:14,Makasih sudah menemani masa kecil ku sekarang aku sudah lebih dewasa aku akan lebih fokus ke cita cita ku 👋👋
endi sopandi,5,2025-10-02 16:14:27,nyaman
Penok Ajja,5,2025-10-02 16:06:14,suka SE x....
Aris Werimon,5,2025-10-02 16:05:13,mantap
mr hanns,5,2025-10-02 15:56:55,gw jadi makin gg ni comback epep
KAMUNANYA Wkwk,1,2025-10-02 15:41:44,menurutku gem ini bagus tapi minusnya gak di kasih hoki dan banyak DARK sistem di cs.di BR
Radiansa40 Radiansa40,5,2025-10-02 15:36:10,SERUUU
Dionisius Silalahi,1,2025-10-02 15:34:33,gua udah pensi gua udah dari 2019 main ini gem dan hari pertama gua kambek main ff di situ Garena kecewain aku. akun ff gua di bl sama Garena Sam kayak yg di alami bg Budi . cuman satu yg gua mau bilang kalau bukan karena bang Budi 01 gem ini inggak banyak yg minat main kan 😔
Rido,5,2025-10-02 15:23:02,bagusss
Oryu Buulolo,5,2025-10-02 15:17:34,keren
Saprijal aja Aja,5,2025-10-02 15:14:31,sa sangat bagus
stokkk Evooo256,1,2025-10-02 15:11:43,"bug damage gak ngotak, bikin males main🥱"
Bang Dugut,1,2025-10-02 15:10:29,game nya jelek
Al Pais,5,2025-10-02 15:01:10,Oke
angel Silahi,5,2025-10-02 15:01:10,NICE
YUDA 1,1,2025-10-02 14:57:47,teman bot semua
Rian Ilyasa,5,2025-10-02 14:52:12,salam tetap gak ada pintu SALAM BURIKKKK
Dimas,5,2025-10-02 14:51:10,manatapp garena bagi akun dong
Frengki Cipeng,1,2025-10-02 14:49:20,game payah
Aifen lowen,1,2025-10-02 14:45:17,"benerin game lu nih, makin hari makin menjadi-jadi yang gak pake chit di ban yang pake Chet gak di ban game apa ini kek gak ada yang urus lu baca lu liat apa keluhan kami sebagai proplyer atau yang main game yang lu buat kalo gini terus mending hapus aja game ini dari play store."
IRIANA Ana,5,2025-10-02 14:42:14,gem seru kualitas bagus
Kartika kim,1,2025-10-02 14:34:17,"𝒑𝒂𝒓𝒂𝒉 𝒖𝒅𝒉 𝒔𝒆𝒎𝒊𝒏𝒈𝒈𝒖𝒂𝒏 𝒋𝒂𝒓𝒊𝒏𝒈𝒂𝒏 𝒌𝒖𝒏𝒊𝒏𝒈 𝒎𝒖𝒍𝒖 𝟑𝟎𝟎+ 𝒎𝒖𝒍𝒖.. 𝒃𝒊𝒌𝒊𝒏 𝒆𝒎𝒐𝒔𝒊 𝒎𝒂𝒊𝒏 𝒏𝒚𝒂.. 𝒑𝒂𝒅𝒂𝒉𝒂𝒍 𝒑𝒂𝒌𝒂𝒊 𝒘𝒊𝒇𝒊, 𝒋𝒂𝒓𝒊𝒏𝒈𝒂𝒏 𝒋𝒈 𝒃𝒂𝒊𝒌, 𝒊𝒏𝒊 𝒚𝒈 𝒔𝒂𝒍𝒂𝒉 𝒅𝒊𝒎𝒏𝒂 𝒚𝒂𝒂.. 𝒔𝒂𝒎𝒑𝒆 𝒂𝒒 𝒉𝒂𝒑𝒖𝒔𝟐𝒊𝒏, 𝒓𝒆𝒔𝒕𝒂𝒓𝒕 𝒃𝒆𝒓𝒌𝒂𝒍𝒊𝟐 𝒕𝒆𝒕𝒆𝒑 𝒃𝒊𝒌𝒊𝒏 𝒌𝒆𝒔𝒆𝒍 𝒌𝒂𝒓𝒆𝒏𝒂 𝒋𝒂𝒓𝒊𝒏𝒈𝒂𝒏 𝒕𝒊𝒃𝒂𝟐 𝒏𝒂𝒊𝒌 ... 𝒕𝒐𝒍𝒐𝒏𝒈 𝒍𝒂𝒉"
Mas Cungkring,5,2025-10-02 14:34:04,"sangat bagus, tapi sayang banyak yang ngechit"
Rafka Putra,1,2025-10-02 14:22:14,kocak orang gak salah apa² di bl game rusak
Rafi Celyn,1,2025-10-02 14:10:02,Jelek
Herda Gamer,5,2025-10-02 14:09:45,"sebaik""nya lebih baik ketika kita mendapatkan sebuah hadiah dri seseorang pembuat gamenya sendiri"
Prince azzami Pramesta,5,2025-10-02 14:07:38,"oy min, sg trouble nya kapan keluar yang permanen?"
ÊVÎŁツSH ÐØW Z,1,2025-10-02 14:07:22,"sumpah gm ya bagus banget playernya juga baik"" Peh aku kasih reting 5-4 sangking bagus nya"
Atjwar mbejux,1,2025-10-02 14:06:10,awal sisen pasti ngelagggg cs atau br sama aja gimana ini Garena udah pakai data tetap ngelaggg pakai wifi sama aja gimana ini Garena woiiii tolongg apa aku terlalu jago ya Garena tahik lak 😭😭😭
Haidar,5,2025-10-02 14:05:52,siapa yg buat kasih diamond
Fatihr Ardiansha putera,1,2025-10-02 13:58:07,permainan buruk
M david M david sepriansyah,5,2025-10-02 13:49:43,firefire adalh gem yg seru dan paling baguss ayo garena terus semangat untuk mengabdet setiap seson firefire!!
Zhakariya78 Z-78,5,2025-10-02 13:40:39,FF emang keren banget bisa dapat kan bandel gratis
Adib Kajen,1,2025-10-02 13:39:47,gelarena kenapa bayak cit
Faizal Septriansyah,1,2025-10-02 13:38:28,tolong kembalikan jaman 2019😟
Rapi Amasah,5,2025-10-02 13:35:19,game bagus
Andre Yesaya,3,2025-10-02 13:33:09,game seru tapi gak kasih D
Nizam,1,2025-10-02 13:30:51,"sinyal nya tolong diperbaiki, karena dibuat scroll atau lainnya lancar tapi pas main jadi jelek"
Alim Agus,5,2025-10-02 13:30:30,karena game ini asik
Roni Syahputra,4,2025-10-02 13:30:10,saya sangat suka
Fitri Saja,5,2025-10-02 13:30:00,ff sekarang bagusss💯
Ivander Raka,5,2025-10-02 13:28:46,seru banget rasanya seneng
Rendy Rendy,5,2025-10-02 13:26:46,Ahmad fajar ff
idris Ahmad,1,2025-10-02 13:19:41,jangan donglot plis akun gw hilang 2× plis game peng hilang akun
Rezi Bos king,5,2025-10-02 13:19:29,keren
Pili Petak,5,2025-10-02 13:18:23,SANGAT KEREN
irfan nugraha,2,2025-10-02 13:07:27,garena mohon game ini di perbaiki di tidak bisa login ada bacaan server config 3
Tegar Herdiansyah,1,2025-10-02 13:06:44,game sangat bagus
Muhamad Hafizh,5,2025-10-02 13:06:13,seru
Chuu,1,2025-10-02 12:59:42,jaringan tidak stabil padahal sinyal bagus
Dewi Puspitasari,1,2025-10-02 12:59:30,"game burik monyet, gw gak mic gak ngomong kasar, gk ngetik toxic juga knp tb² di mute babi apa² di mute sekalian aja fitur mic hapus asu"
Budi Okee,5,2025-10-02 12:58:45,banyak bak demege
ANINDIA FAUZIAH,4,2025-10-02 12:52:36,bagus
Nazwa Wawa,1,2025-10-02 12:51:51,akun aku gabisa dibalikin padahal akun Facebook🙁
Rizal 0999,5,2025-10-02 12:50:33,bapaku garena
Ranto Saputra,5,2025-10-02 12:49:50,"gamenya burik,kikir full png,banyak drama"
Neza Pratama,4,2025-10-02 12:48:45,FRI.FIREE
Adam Adam,5,2025-10-02 12:45:16,bagus bngttt
rehan faturrahman,1,2025-10-02 12:42:11,kenapa bang budi di blaklits dia juga butuh 💸
Rufaidah,5,2025-10-02 12:41:29,sangat sukaa sklii sm game in seru dan gak bikin aku gabut lgii pokoknya bintang lima dehh
alfarezrl rmdn,1,2025-10-02 12:40:45,ni game banyak bocil nairi cik 😹
dana dana,3,2025-10-02 12:39:11,turunkah harga toko prime ga ngontak
Xhaka Omer,1,2025-10-02 12:33:33,Garena parbaiki game kamu karena aku pas main tiba tiba keluar sendiri
oki jerom,5,2025-10-02 12:32:00,sangat seru!
habib Zain,2,2025-10-02 12:30:35,kakaean bug
Rahma wati,5,2025-10-02 12:28:18,"aku ketika main ff, beh aim gw gacorr dan ff nggak burik lagi, aku udah lama juga main ff, mulai dari 2019"
Komang Aldi,5,2025-10-02 12:26:22,ff selalu dihati siapa yang.nglihat in juga suka ff salam nama saya wayan Adi Saputra dari hti di wilayah Lampung
Theys Pattiasina,4,2025-10-02 12:25:06,karna garvik bagus
El Hazmi,1,2025-10-02 12:23:05,al
Risto Boimau,5,2025-10-02 12:19:41,saya suka mai Free fire max
Jamal arya,5,2025-10-02 12:18:38,game ini sangat bagus untuk di main kan seru sekali
Fa Dhil,5,2025-10-02 12:12:28,mantap
Olivia Zm,5,2025-10-02 12:11:31,👍👍👍👍👍👍👍
Putra Ragil,5,2025-10-02 12:09:35,Game yang seru 👍👍👍
Boo kirr,5,2025-10-02 12:08:46,mantap
Nabil Modz,5,2025-10-02 12:06:29,"game udah bagus cuman kekurangannya satu , banyak cheat dan ada beberapa bagian player yang menggunakan cheat cuman gak di banned sama sekali"
Eca Galaxy,5,2025-10-02 12:04:25,"bagus banget tau tapi aku pengen hoki melulu 😥😥😥😔😔🙏🙏😭😭plies Garena kece keren banget 👋🥺😚😚😚🍰🍰🍰🍰🥰🥰🥰 aku,ingin diamonds, nama usryme me elsa,,Naura"
Irfan Sugiarto,1,2025-10-02 12:03:55,kembalikan akun ku yang ke banned
Rabilian Iskandar,4,2025-10-02 12:03:11,matchmaking nya lama banget
Teggar,1,2025-10-02 11:59:35,game kikir pake nge bl bg budi lgi rusak²
Didik kandangan Rostanto,5,2025-10-02 11:58:16,seru dan menyenangkan
Riyo Adi,1,2025-10-02 11:54:05,niat hati mau balik game lagi malah ga bisa login diulang tetap sama
Riko,5,2025-10-02 11:51:17,Game ini akan indah jika akunku kembali
Sahari Herri,4,2025-10-02 11:51:17,min ko free fire jadi ginih GK onmic dan GK bisa di perbaiki knp min tolong dong min GK bisa bisa 🙏🙏
Firdan Aditya,5,2025-10-02 11:44:00,suka ngelek ngelek ama patah patah kadang suka banting hv sanking kesel nya kalo bisa mah turunin mb nya lah
LOIS APRILI MUSKANANFOLA,5,2025-10-02 11:42:36,aku suka game ini
Ikbal Kc,5,2025-10-02 11:35:23,kirim DM sekilas nya
shofi frogner,1,2025-10-02 11:27:46,epep game burik ngntd
CERIA AGNIA SHALIHAH,5,2025-10-02 11:27:30,DOWNLOAD SEKARANG JUGAAAA!!!!!!!!!!
Afriansa putera,1,2025-10-02 11:25:35,game tak tau trima kasi hilang suda panutan ku
Hendri Kates,5,2025-10-02 11:18:09,gem ini sangat bagus
vanaaa??,5,2025-10-02 11:15:26,"MASYAALLAH Tabarakallah gamenya kadang timnya draksistem, kroco, kadang ngelag😤 tapi Alhamdulillah saya main baik baik ajaa😻"
Nai Enay,4,2025-10-02 11:07:20,"ini game nya bagus tapi, sinyal nya sering putus² padahal disini koneksi internet nya bagus."
Reni Reni,5,2025-10-02 11:04:03,bagus banget
Arka,5,2025-10-02 11:01:04,game nya enak banget dan animasinya bagus
Gween Syareefa,3,2025-10-02 10:59:41,bagu sih tapi kurangin ngebug nya aj itu aja si
Lusiana Maryanti,5,2025-10-02 10:58:07,kenapa banyak bak di gem ini
hergethemi betaubun,4,2025-10-02 10:55:26,"min Garena perbaikin ff dong, kok gw main cs ketemu cheter mulu"
Rozak Fatah,1,2025-10-02 10:53:42,kembalikan diamond ungu😡😡
Nadia syg Nadia syg,5,2025-10-02 10:53:33,game ini sangat penting untuk saya buat Garena makasih udah buat game ini semoga sehat selalu ya garena amiiinnn
Agus Komang,1,2025-10-02 10:50:23,kembalikan akun bang Budi
Haikal,1,2025-10-02 10:41:17,tu BG Budi 01 gaming gak bisa main lagi apalah garena
Nabila Golden,5,2025-10-02 10:39:38,game ini menarik perhatian para semua pencinta game dan yap min jangan lupa perbaiki lagi ya min kadang agk ngeleg atau ada bug terimakasih sudah membaca
Maulana Yusuf,5,2025-10-02 10:37:30,gem ini sangat cocok untuk saya
Raden Alwi,1,2025-10-02 10:33:44,manarik
Alfis nurhabibi,5,2025-10-02 10:32:47,guwe pernah ff max e malahan ff biasa
Indonesia Raya,5,2025-10-02 10:32:47,Kamu bisa jadi Imlek dari hasil penelitian menunjukkan bahwa aku beli 1sx
Gsdhdhfhfjcjfj,5,2025-10-02 10:28:55,sangat bagus sekaliii
Arga Situmeang,5,2025-10-02 10:24:17,GARENA SAYA MAU SESUATU YAITU BANDEL YANG BAGUS GARENA SECARA GRATIS HGARENA PLIS
Rangga Habsi,5,2025-10-02 10:21:36,baguss dan seru ayo segera donlot sekaranggg
Mania Marfel,1,2025-10-02 10:21:22,Game Kikir Garena pelit
Dontol Bule,5,2025-10-02 10:18:39,sangat seruh
El Dirgam el rafif,5,2025-10-02 10:17:29,kasikan diamaon10000
Sela Aulia,5,2025-10-02 10:13:58,bagus
Galuh TOR,1,2025-10-02 10:07:06,burik gak ada pintu
Muhsinin 1,5,2025-10-02 09:56:07,game nya seru
Salwa Nursaras,5,2025-10-02 09:56:06,"sumpah ga bohong game nya bagus banget ,,tapi kadang pas lagi war game nya nge lag suka bikin kesel juga anjir apalagi pas turun beh sakit hati bet ini mah capek² naikin rank ehh malah turun tapi gapapa ko walaupun gitu aku tetep suka sama ff elevyu ff👍🏻🗿🤸🏻‍♀"
Zohdi Akbar,5,2025-10-02 09:41:05,game ini bagus banget tapi ada bug nya tolong dong admin perbaiki lagi kalo udah di perbaiki kabarin ya
Nama Mana,5,2025-10-02 09:36:14,Karena game nya sangat seru
Laurdent tamba,5,2025-10-02 09:31:25,sangat keren
Samsung Samsung04e,3,2025-10-02 09:23:53,karna bg buda tidak bisa main lagi garena babi
Hezel Valensia,1,2025-10-02 09:15:31,min bang budi sampe pensi loh min kok gitu mimin nya
AryaDF A6,1,2025-10-02 09:11:20,game aneh banyak bug sama ga bisa pakai skil
Pebri Ardianto,1,2025-10-02 09:08:56,aku bener bener kecewa sama Mimin salah satu panutanku dari dulu sampe sekarang di buat pensi sama Mimin kecewa banget gua sama Mimin mending aku pensi aja daripada kehilangan panutan ku
Ragna Ivander Darielle,5,2025-10-02 09:05:54,bagus sekali
Makbar Fadilla,5,2025-10-02 09:05:02,"lumayan, tapi tolong lah garena bantuin akun aku hoki, dan aku dapat temen kayak drag sistem tolong adill plesss"
Khairil Anwar,1,2025-10-02 09:03:51,ini kenapa min tiba tiba data ff saya ke hapus harus download ulang aku gak mau tau pokoknya kasih aku 10.000 DM min
darmi cibro82,2,2025-10-02 08:57:03,"min kok akun saya tiba-tiba saja tidak bisa masuk dan ada tulisan""gagal mendapatkan config versi : 3""itu bukan emoji ya min Memeng seperti itu yang muncul mohon perbaiki atau bantu aku saya min😭😭"
Radit,5,2025-10-02 08:53:23,enak cuy
Son Aji,5,2025-10-02 08:52:33,karena. ffmax seru
Apip Pudin,5,2025-10-02 08:52:16,game nya sangat seru
Ofurube Jahat,5,2025-10-02 08:51:12,kurangi bug dong
alif andra,5,2025-10-02 08:48:59,akun baru
Rizky GD,1,2025-10-02 08:44:57,napa si ngelag padahal sinyal kenceng banget kuota juga masih banyak anehhhh
Zum Khasanah,5,2025-10-02 08:42:42,min kuluarin rambut kakasih putih
Oppo Oppo F1s,5,2025-10-02 08:32:26,Enak di mainkan
Agam Agam,5,2025-10-02 08:30:22,sangat bagus dan seru tapi ada bug yang harus di perbaiki yaitu bug damage
Kenco Yaco,1,2025-10-02 08:28:35,dah bintang 1
Emmy Nurul HIDAYAH,5,2025-10-02 08:24:01,bisa bermain tembak tembakan
prasisma,5,2025-10-02 08:23:09,sangat bagus
Aldo Firdauzy,1,2025-10-02 08:21:20,lawak
Diphda Ayyasy,5,2025-10-02 08:14:34,bagus
M holik Alpaujan,5,2025-10-02 08:13:45,ff dihati
Melisa Djurian,5,2025-10-02 08:06:18,enak di main bisa mabar juga
Riyan Nyagilang,5,2025-10-02 08:01:35,iya
Mochamad Azriel,5,2025-10-02 07:56:40,Gamenya bagus harga-harganya juga pada murah gak kaya mobile legend pada mahal mending fre fire gak bikin stres mobile legend mah kalah truss🥰🥰🥰
Reza Alfa,5,2025-10-02 07:51:48,game bagus
Iros Iros,5,2025-10-02 07:50:39,Seru
Gon Opet,4,2025-10-02 07:50:27,ini harus nya di adakan mode offline kaya ml bisa nyoba skin apa aja sama bisa main walaupun computer supaya bisa ngalahin ml tolong garena atau develover nya baca plissss🙏🙏
Steven Dooff,2,2025-10-02 07:46:14,"setelah saya kembali memainkan game ini lagi saya merasa kecewa karna banyak bug yg merugikan player,banyak chiter yang gak di ban,jaringan yang harusnya bagus malah buruk,sistem cs rank yg tidak adil,karena musuh mendapatkan tim yg lebih pro/skilnya baik"
Rizky Apriansyah,5,2025-10-02 07:43:31,semoga hoki saat gacha di free fire
vera,5,2025-10-02 07:34:57,bgi dm gerena
De Ni,5,2025-10-02 07:31:06,sekali lagi bagi diamond 100
Igbal,1,2025-10-02 07:22:41,tolong bagus kan game ini bg budi 01 gaming knapa tidak bisa main rank memang game free fire burikkkkkkkkkk hapus aja tu game burikk iri ya garena liat bg budi main blodstrik
Theo putra,5,2025-10-02 07:16:48,berikan saya akun ff bagus kali plis
Rafa Bayu,5,2025-10-02 07:14:21,game sudah bagus kerenn bgt (colab lagi dong min) 🗿🗿
Dafa Ibnu,5,2025-10-02 07:10:08,bagus ni
Epandimas Epanhrp,4,2025-10-02 07:10:03,👍
Muhamad nasrullah Anas,5,2025-10-02 07:09:24,"“Game-nya seru banget, grafiknya ringan tapi keren, cocok buat HP dengan spek apa pun.” “Mode permainan bervariasi, nggak cepat bosan.” “Event dan hadiah selalu menarik, bikin semangat main terus.” “Kontrol mudah dipahami, cocok buat pemula maupun pro.” “Komunitas besar, gampang cari teman mabar.” Kekurangannya Bermuda remastered gak ada di RANKED"
Alfaro Fathir,5,2025-10-02 07:04:43,game seru gw udah sultan main dari 2020
zexy zex,1,2025-10-02 07:02:46,"dua tiga tutup botol ini game macam pentol ahahaha, game banyak bug paling bikin emosi bug damege tolong perbaiki atau kasih saya diamond 🗿"
Adit Ainur,4,2025-10-02 06:42:05,bagus
Zazid Bustomi,1,2025-10-02 06:41:59,ini game bagus tapi saya udah pakai tampilan semut tapi masih ngeleg padahal udah punya paketan 4GB tolong perbaiki min
infinixhot50i,5,2025-10-02 06:41:05,seru banget
Isbandi Kaidah,4,2025-10-02 06:39:04,aku cinta free firee
Rahma Rahma,5,2025-10-02 06:38:49,woi
PRAHWONO BS,5,2025-10-02 06:34:04,seruu bisaa ngilanginn sterss
Fatir arya wiguna,5,2025-10-02 06:33:47,gem ini sangat seru
Redmi,5,2025-10-02 06:33:37,indonesia
Muh Yasin,5,2025-10-02 06:31:56,sangat bagus 🫶🫶
MUHAMMAD REHAN rehan,1,2025-10-02 06:31:04,macthing nya lama banget g mulai mulai
Kalirejo New,1,2025-10-02 06:29:25,karena saya main cs dikasih tim drakor sistem mohon untuk di perbaiki karena bintang saya turun terus.
Baba Niss,1,2025-10-02 06:24:09,ff asu babi anzing game burik
Ahmad Suparman,5,2025-10-02 06:23:53,keren makin banyak di gratisin makin banyak player nya plis shotgun permanen gratis plis garena
Martin Martin,5,2025-10-02 06:21:47,ff enak dimain kan
Bagas pujon gacor TRI SETIAWAN,4,2025-10-02 06:17:06,gamenya seru sihh tapi jangan yg susah buat main gamenya
Krisna,1,2025-10-02 06:16:39,burik
Joe Rafa,1,2025-10-02 06:14:33,jelek
Jl Jf,5,2025-10-02 06:11:24,permainan nya bagus
David Saputra,5,2025-10-02 06:10:29,gamenya bagus banget aku suka betul
FADLI Oktasatrio,1,2025-10-02 06:07:12,"game mementingkan duit dari pada player, dikit² diamond 😮‍💨"
Linda,5,2025-10-02 06:06:27,game play 😎😎👍
Aldi Nos,5,2025-10-02 06:05:42,gua udanh kombek.ff lagih game nya bagus makin kesini ff makin bagus tapi ke inget ff jaman dulu jaman namanya tahun 2018 tengkyu
Guyaxxx Man,3,2025-10-02 06:05:30,akun gw ilang knp
Febriana Dewi,5,2025-10-02 06:05:23,geme nya baik dan lebih jago main
Sidi Arta,5,2025-10-02 06:00:21,made
Ahmad Yuda,5,2025-10-02 05:59:49,aku senang sekalian karna dapat bermain dengan nyaman
Rima Farma,5,2025-10-02 05:56:13,"game ini sangat bagus, tapi aku suka lag padahal sinyal aku tidak lag"
Phone Lmg,5,2025-10-02 05:54:39,gak ngelek blas sumpah
Didin Muhidin,3,2025-10-02 05:52:56,aga ngelag dikit
Bintang Tang,4,2025-10-02 05:50:32,aku main dari 2020 sampai sekarang masih belum ada evo gun vektor aku nunggu itu dari lamaaa baget berharap bakal ada karna itu senjata favorit ku. jadi tolong buatkan Evo gun vektor kalau sudah rilis bakal top up sampai dpt.!
Yanto Toto,1,2025-10-02 05:45:01,parahh orang yang buat game ini rame malah di blacklist!!!!
Habib Bulloh,5,2025-10-02 05:38:54,seru bagus dan ga bosenin
Karimuddin Ibrahim,1,2025-10-02 05:38:18,nggak bagus lagi
Ahmad Faqih,5,2025-10-02 05:29:46,game ini adalah game kesukaan ku
Muhammad Fauzi,5,2025-10-02 05:27:18,game ini seru banget aku pengen bgt diamond gak pernah top up
rizki,5,2025-10-02 05:26:42,aku suka ff apa lagi ff colab sama ultaman
Ali Kapuas,5,2025-10-02 05:12:23,game nya bagus
Marsil,5,2025-10-02 05:11:24,Garena baik😖😖
Adi Setiawan,5,2025-10-02 04:58:54,bagus dan kece dan menghilangin sedih 😁😁😁😁😁😁😁🧡🧡🧡🧡🧡🧡🧡🧡😁😁😁😁😁🧡😁😁😁😁😁😁😁😁😁😁😁😁😁😁😁😁😁😁😁😁😁😁😁😁 ................. .....................................................................
Gungde Gunawan,5,2025-10-02 04:51:58,seru
Bayu Abdillah,3,2025-10-02 04:51:38,Rodok gatel Soale jaringan ku gak ngeleg tambah ngeleg gatel untung wes tak hapus game free fire max dan free Fire biasa alhamdulliah gak ngeleg
Dani Febiyan,5,2025-10-02 04:46:22,hoki
Adbul Aziz Adbul Aziz,5,2025-10-02 04:45:39,Free Fire Max UPDATE 1 tahun baru 2026 BOCORAN BUNDA EVO WINTERLAND LEGENDARY BUNDLE NEW
Moza Aqmal Ramadhan,5,2025-10-02 04:43:15,game sangat bagusss
Nazurah Rakan,5,2025-10-02 04:41:24,bagus
Mola Zone,5,2025-10-02 04:31:50,bagi saya diamond
AIR_ PROJECT,5,2025-10-02 04:29:24,samgat seru walau aku masih noob
Dapur TriVa,5,2025-10-02 04:28:34,aku suka kali game nya
Jordy Juan,5,2025-10-02 04:24:36,ff buagus bangettttttt pake bangget gacor btw diamond gratis min hehehehe
Dzakwan Khalill,5,2025-10-02 04:24:11,sangat bagus gamenya
Adit Gcr,1,2025-10-02 04:16:04,kok bang budi di Blaskist Garena
dirly gustian rhamadoni,1,2025-10-02 04:15:33,bang budi gak bisa main aku pun gak main knp bang budi gak bisa main gitu lohhh
ummu salma,3,2025-10-02 04:04:36,gem nya bagus tapi kalau udah Pepeng malah gak mati tolong Garena di perbaiki
Nazwa sandi Mahrani,5,2025-10-02 04:02:23,dari kmren pengen downlod bagus bet game nya
Fajar Rukmana,5,2025-10-02 04:01:05,baik
Patra Wakulu,5,2025-10-02 03:55:14,sangat baik
Farrel Arifin,2,2025-10-02 03:53:18,ga bisa di loginin maleh ah
Yustice Deki,5,2025-10-02 03:30:04,Aku sangat menyukai gem ini dan tapi aku tidak pede karena peremku 1
Rafiy Aja,5,2025-10-02 03:28:04,gem ini sangat seru
Alka Bara,5,2025-10-02 03:26:51,game nya bagus
Hapis Alimah,5,2025-10-02 03:15:15,game sangat seru
Zik,1,2025-10-02 03:11:18,tiba tiba ke bl padahal GK pernah ngrcit
Dwi Ananta,5,2025-10-02 03:06:08,game nya seru dan ada juga skin senjata yang keren keren dan juga ada pakaian ya bagus'
gethebush 15,5,2025-10-02 03:05:39,cok
Yanuardi Yunus,5,2025-10-02 02:56:28,seru
Rioo Rioozzc,1,2025-10-02 02:53:33,woi Garena gem burik lu jangan blacklist bang Budi 01 anj
Riski Asipa,5,2025-10-02 02:49:08,Et dah ini parah banget sih udah tolol dan bodoh lagi alah sialan emang bodoh bat sumpah parah ini si
Novi Yanti,1,2025-10-02 02:44:15,game bapuk dimainin kocag😹
Rifky Ahmad rizqillah,1,2025-10-02 02:40:58,"NERF RYDEN KØNTØL, UDAH BERAPA PATCH KAGAK LU NERF ÀÑJÎNG, GARENA KØNTØL. BIKIN SKILL AKTIF NGOTAK DIKIT KØNTØL, GARENA TØLØL."
Hamizan Raihan,5,2025-10-02 02:05:04,👍🏻👍🏻👍🏻👍🏻👍🏻👍🏻👍🏻mantap Garena ff nya
saipul bahri,5,2025-10-02 02:04:51,sbie embek r
Bocil epep Epep (Jamet malang),1,2025-10-02 02:00:46,woy balikin v nya bang budi 01gaming
Ifan Setiawan,1,2025-10-02 01:59:20,Alasan saya berikan satu bintang karena saya bermain game ini selalu membuat hp saya kentang setian terimakasih
Setya Yoga,1,2025-10-02 01:39:29,geme kikir jangan download
Irfi Putri,5,2025-10-02 01:36:26,game terbaik yang ku temui
Ga Lang,1,2025-10-02 01:32:27,eror tolong di perbaiki lagi
Anas Semboy,5,2025-10-02 01:31:21,pertama gua main ff
restu tegar,1,2025-10-02 01:28:50,gem nya gak jelas gem rusak pokok nya ini gem gak jelas marusak hp
Naura fauzahra putri,4,2025-10-02 01:05:42,game sigma bagus bngt
Upin Alif,5,2025-10-02 01:02:38,HP patah patah pas main geme padahal penyimpanan nya masih banyak geme gk jelas garena asu
Bibi Sawit,1,2025-10-02 00:56:18,game buruk kurang pintu
ibrahim firdaus firdaus,1,2025-10-02 00:44:36,dongo benerin sinyal aja dulu tolol
Hanzz_ aja,5,2025-10-02 00:42:18,game nya Sangat bagus TPI tolong hilangin honor scorrr nya
ini punya putra Z,5,2025-10-02 00:42:07,enak sekali rasanya aku ingin menjadi seorang p emimpin
sabunmandi,5,2025-10-02 00:35:47,bagus juga buat hp 2rm 🤣🤣🤣
Yoga Andiva,5,2025-10-02 00:26:33,sangat bisamenghibur saat sedang tidak mood
Rina Bengkulu,5,2025-10-02 00:20:22,ff ini seru dari pada Roblox
Marjan Marjan. A,5,2025-10-02 00:16:17,haya pls deh kasih bintang
"M,razendra Razendra",4,2025-10-02 00:11:34,karena Garena baik sama aku
Jolu Kampalosot,5,2025-10-02 00:11:11,aku sangat senang
Iyoh Soheriah,5,2025-10-02 00:08:51,game ini sangat seru dan banyak pemain yang baik
Vivo Y22,5,2025-10-02 00:06:09,ff game kesukaan ku
Muhammad Alif,5,2025-10-02 00:04:16,game yang sangat bagus dan menyenangkan 😄😄
Humardani Humardani,3,2025-10-02 00:02:54,puas
Sipa Alzahra,5,2025-10-02 00:01:06,permainan nan yang bagus
santhozz Gama,5,2025-10-01 23:53:02,fd ke bangke sg headsot kepala 3 x tidak knok
Jaka baik,1,2025-10-01 23:31:39,aplikasi apa inii jelekkkk bngettt😖
Nikco Dwi Marvellino,5,2025-10-01 23:26:51,sqngat bagus
Fai Mal,4,2025-10-01 23:24:27,bagus sih tpi ksih DM lah Garena 200 ajaaaa
Ali Ibrahim,5,2025-10-01 23:15:54,terimakasih atas garena karena saya besar bersama game ini dari 2018 saya mulai main dan sampai sekarang masih main juga game nya tambah bagus daripada sejak dulu kalau lagi gabut atau lagi mood pasti saya login mabar bersama teman teman saya gameplay yang bagus mantap dan main cr'ran 1v1 kek pokoknya game nya seruuuuuuuuuuuuuuuu banget
000 000,1,2025-10-01 23:10:12,ini game udah kikir makin lama bukannya ngurang malah nambah kikir
Kamisinnubun Yowakim,5,2025-10-01 23:05:05,🥰🥰🥰🥰🥰👍🔥🙏aku 🥰 terimakasih mama karna mama sudah download game ini🥰
Sri Mahanum,5,2025-10-01 23:02:56,ok main enak mantap
YUNI mugiyati,5,2025-10-01 22:57:44,anjay
Romawati Beratu,5,2025-10-01 22:55:16,Aku
Yuni Apriani,5,2025-10-01 22:48:13,saya ingin akun ff yg bagus
Yudistira,5,2025-10-01 22:46:47,update tambahin lagi ya min
Muhammad Mahesa,1,2025-10-01 22:42:29,"garena kau tau dak babi kalau tau ya cak kau lah tinkah laku nyo ff dulu lah bagu malah di jeleki kan banyak orang pensi karena apa karena ff dak seru seperti dulu banyak bak di ff sekarang peak di hapus belom lagi banyak efet yang dulu di keluar lagi kan lah sudah pasaran jadi nyo garena jadikan ff seperti dulu kalau ff seperti dulu pasti banyak bocil ff main lagi aku pegen sekalai lagi denger bocil alok ""bang gip alok bang ""kata bocil jaman dulu bukan jaman sekarang bang sekarang sudah bedah"
Rambo Sting,3,2025-10-01 22:40:27,Kenapa ada bacaan aneh ngak bisa login
Ahmad Anam,5,2025-10-01 22:38:31,sanggat keren
wawan rena,5,2025-10-01 22:24:03,bagus
ALFIKRI M,5,2025-10-01 22:19:40,mantap
Sundari Dandhiyafa,4,2025-10-01 21:55:14,bagus banyak pilihan skin
Indra Fernando,5,2025-10-01 20:29:19,anjay
Braga Bragaps,4,2025-10-01 19:27:16,game nya seru
Unknown People,4,2025-10-01 19:06:04,"tolong perbaiki bug damagenya dong, masa awm 2 hit ga mati, m1887 juga 2 hit ga mati, dulu mati kok masa sekarang engga"
Dede Solehudin,5,2025-10-01 18:29:45,mantap
Aldiansyah Aldin,5,2025-10-01 18:25:39,sangat meng hibur
ANRI Pasaribu,5,2025-10-01 18:24:30,mantap
Fery Kasim,5,2025-10-01 17:52:39,game free memang mantap 😍 sekali
Dona Pontia,1,2025-10-01 17:45:01,buat budi bisa main jing dasar gk tau diri jadi game
jincurikikyubi 29,1,2025-10-01 17:25:34,"anj pas ngeleg 2x beli spesial airdrop malah kepotong,kirain beneran ada lagi ternyata cuma lag,balikin 17rb gua woy"
Yoga,5,2025-10-01 17:22:46,free fire aku bermasalah on mic nya
Ariel Muhamad Rizki,5,2025-10-01 17:18:31,game nyaaa bagus banget
Erwin Setiawan,5,2025-10-01 17:09:53,kalo maen ini seri kalo gak maen rugi ke geratisannya
Rido,5,2025-10-01 16:54:11,bagus
Karyati linggau,5,2025-10-01 16:45:04,ipuki
Ades Hellfrog,4,2025-10-01 16:16:46,game mengisi ke gabutan
Weli Merita,5,2025-10-01 16:14:47,ancak game ndo ado pintu
Risna123,5,2025-10-01 16:02:25,👍
Aulia Alief,5,2025-10-01 15:53:31,gem ini seru banget ada pentempuran nya dan bisa menghidup kan temen yg sudah mati ayo semua dowlof
Riwanda,1,2025-10-01 15:29:35,"game aneh,bisa akun aku di suspan padahal aku gada gunain cheat atau hal hal yg merugikan game tpi akun aku kenak ban permanen,memang aneh nih game,cape cape main dari sesoan 20 elite pass malah di ban😭"
Gatot total,4,2025-10-01 15:26:48,cinta Laura* 5
Nadhif Rj4,5,2025-10-01 15:15:34,Karena di punya barak dan baju gratis meskipun dia pake diamon tapi pake diamon pasti skin bagus sekali
Farel Hafiz,5,2025-10-01 15:12:29,indonesia
Arya Fadillah,5,2025-10-01 15:01:12,mantap
fa qih,5,2025-10-01 14:58:09,tapi saya suka kesel jika lose streak
Fira PubgMobile1,5,2025-10-01 14:52:47,seru
NimaImut,5,2025-10-01 14:40:24,sangat puas
Cahkulonkae,5,2025-10-01 14:29:48,baik
ADZAN ANDY KOKASIM,1,2025-10-01 14:27:21,makin kikir
Gio Seno,1,2025-10-01 14:20:09,karena musuhnya pro dan efennya mahal
Nurul01 Huda,5,2025-10-01 14:09:04,gem nya bagus sekali
Siti Aulia,5,2025-10-01 14:04:40,karena kangen banget sama frefire sekarang
aya brzenska,1,2025-10-01 14:00:45,knp di ksi tim yg bot semua si? berturut turut loh? game be go
rico prtm,1,2025-10-01 14:00:44,mantap lag
Yuda Saputra,1,2025-10-01 13:59:44,"garena -🧠 dri dlu bug analog ga di perbaiki, masa setiap main analog nya pindah², mikir lah!!, colab sana sini tpi bug ga di urus tolol, huuuu muka admin ny mirip pusong"
Ahmad Fadel,5,2025-10-01 13:59:05,game bagus nggak ada masalah biasa saja
Caca Sumbawa,5,2025-10-01 13:58:14,1 kata bagus aj sih
Novri Anto,4,2025-10-01 13:57:38,paling gk suka sama bl
Wildan Syah,4,2025-10-01 13:50:55,saya suka
Fahmi Irawan,5,2025-10-01 13:50:53,enak
Raya Rehan,5,2025-10-01 13:50:51,game nya sangat seru bisa mabar dan bisa juga kita menjelajahi hal unik
Ricky laurineva,5,2025-10-01 13:50:50,MANTAP GARENA KASIH AKU LAGI KESULTANAN AKU INGIN MELENG KAPI SEGALAH NYA
Mumtaz Ziyo Al falih,5,2025-10-01 13:50:32,HAHAHAHAHAHAHA GAME INI BEST NYAAAA AKU MAIN GAME INI SEMUA KAWAN AKU SEMUA MAIN TERUS HAAHHAHAHAHA ASYIKKKKK!!!!!!!!!
Fabian Pratama Lubis,1,2025-10-01 13:49:20,game banyak bug
Younk Bocah,5,2025-10-01 13:47:18,OK
Iki Iki,1,2025-10-01 13:43:41,game sampah udah gm tapi tim bot kaya yang bikin 😹😹
Cafeanggrek Tigadolok,5,2025-10-01 13:43:06,sangat seru
Galang Arkenzie,1,2025-10-01 13:37:01,game anjingggg banyak bugg
Ika Ika,5,2025-10-01 13:34:55,emuach
Lidia lidia,1,2025-10-01 13:34:44,made nod haj
Dani,5,2025-10-01 13:30:16,game ini cocok untuk hp KENTANG seperti Anda harus bergeser ke IPHONE 20 PROMAX
Siti Roisah,5,2025-10-01 13:29:10,"game ini aku saranin untuk orang tolol yang mau uangnya diperas sama event event fiksi dan sarana untuk membanting/merusak hp karena lag,bug,cheat dll sehat selalu garena, sering - sering keluarin event fiksi dan jangan lupa perbanyakin bug bug nya biar orang tambah streeeeesssss......"
Rigiri Giri,1,2025-10-01 13:26:53,tolong jangan pake Kouta🗿😹
Apriyanti Rayyan,1,2025-10-01 13:25:01,game kikir
Rehan Rehan apta diara,2,2025-10-01 13:23:36,musuh gak pernah dikasih bot ajg😡😡😡
Eni Lailati,1,2025-10-01 13:23:26,woy Garena kikir diamond gua 1600 habis dan cuma dapet skateboard hiu
Sakila Amuria,3,2025-10-01 13:19:26,Game nya bagus
Sijunjung 2024,1,2025-10-01 13:18:56,gw pensi main epep mek karena konten kreator bng Budi 01 di blacklist sama pihak Garena dan dari segi game nya udah Ndak menarik lagi gw jadi bosan
Lexz 11,1,2025-10-01 13:18:36,"saya kasih bintang satu karena ada bug isu jaringan, padahal sinyal saya lancar!!!! tapi kenapa lagggggg!!!!!! bug ini sangat meresahkan bagi saya karena ketika saya berhadapan dengan musuh tiba' lag!!! saya harap bug ini segera di fixxxx karena sangat meresahkan!!!! dan yg terkena bug ini bukan hanya saya tetapi org lain juga, dan org lain pun juga sangat marah pastinya karena ada bug ini, huhhh😮‍💨 jadi tolong di perbaiki dlu game nya!!!!!!!! SEKALI LAGI SANGAT MERESAHKAN!!!!!!"
Maya Sari,5,2025-10-01 13:17:14,bagus
Tomi Tomo,5,2025-10-01 13:15:52,mantap
Rafa Arif,4,2025-10-01 13:11:20,Garena tolong benerin bug invisibel gara gara itu aku minus dan gak boyah
RAY YEHEZKIEL,5,2025-10-01 13:09:10,bagus dan seru tapi hilangin bug
Nadia Ashifa,5,2025-10-01 13:08:10,game nya seru bangettttttttyt ff memang nomor 1
Harapan Doa,5,2025-10-01 13:05:43,bagus😍😍😍😍
Muhammad Mahdi02,5,2025-10-01 13:04:32,bagus
Devan,1,2025-10-01 13:03:26,"semakin gak seru, orang terima endorse dari game lain malah di band"
Kristian Yahausanga,5,2025-10-01 13:03:04,suda lama tidak main gem ini dan sekarang di coba lagi karna Masi bot
Noval Aja,5,2025-10-01 13:01:19,bagus
Aang,1,2025-10-01 12:58:21,"parah lu min, masa Budi 01 lu bl, padahal ff blm tentu terkenal tanpa dia"
Darwis Danial,5,2025-10-01 12:54:49,ok baik lancar
Dzaky Agus,5,2025-10-01 12:53:18,game ini sangat seru tapi kasih lah diamond gratinya
Ponda Aja,5,2025-10-01 12:50:36,mantap
mengung Yun,5,2025-10-01 12:48:28,ff adalah game terbaik di dunia
Ani Rukhmawati,5,2025-10-01 12:46:48,josjis
Adnan Zaidan,5,2025-10-01 12:40:00,sangat memuaskan
Rehan Surya,5,2025-10-01 12:39:43,bagus bg ff in sya mau maen terus jdi nya
Hilya Arsy,5,2025-10-01 12:39:00,asik
Marfel Nehe,1,2025-10-01 12:35:51,we need old peak
Samsungcahyo,5,2025-10-01 12:32:30,game ini sangat seru
Muhammad pito,5,2025-10-01 12:25:29,kalau kalian coba pasti ketagihan buruan coba
can gil,5,2025-10-01 12:21:48,"ytta, aja"
FARHAN Ramadhani,1,2025-10-01 12:21:47,Lawan udh ke headshot malah kgk mati game kgk jelas
Pong Apong,5,2025-10-01 12:16:37,bagusss bgt woyyy
ayik m,5,2025-10-01 12:16:21,bagus
Subaer,1,2025-10-01 12:11:19,karna aku malas main karna jaringan ku ngeleg terus
Rossi34 jawaelang,1,2025-10-01 12:09:28,"t a i, bedain sistem, afk sama nge lag lah jing, Gua lagi nge lag tiba-tiba open map, langsung di gb musuh, Sistem garena burik kek game nya"
Dffe Jjtjtj,3,2025-10-01 12:07:33,maaf karena kasih 3 bintang karena kalau pakai wifi jaringan nya sibuk padahal lagi di rumah sinyalny kuat loh
Atep Taryana,5,2025-10-01 12:05:06,bagus
Muhammad Rival,5,2025-10-01 12:03:28,keren
Fauzan,5,2025-10-01 12:02:54,gem nya bagus seru 100%
Anjay,1,2025-10-01 12:00:32,bang Budi nya gabisa main ff lagi
Adi Veredi,5,2025-10-01 11:55:34,geme ini seruh garena bagi diamon gratis dong
Ng Sandy,5,2025-10-01 11:55:02,1000000 konfkbbh djjg
Jagal Drame,1,2025-10-01 11:52:46,bang Budi kena blacklist Garena ajg
Sari Susari,5,2025-10-01 11:51:39,sangatt baguss
Tracia Intopiana,5,2025-10-01 11:50:23,banyak teman dan juga seru seperti nyata
Lalu Muhammad Satriadi,1,2025-10-01 11:48:41,We need old peak
Juli Anto,2,2025-10-01 11:47:42,"Gagal terhubung ke server terus,,apa masalahnya nih???"
Delima Sonita,5,2025-10-01 11:42:21,sangat bagus inih permainan paling bagus
Muhammad Mamad,5,2025-10-01 11:34:20,garena tolong lah aku habis banyak uang untuk beli barang tidak berguna di masah depan tapi aku spin kok gk hoki hoki garena pliss perbaiki
Gopalmeena Gopalmeena,5,2025-10-01 11:32:33,gopal
raziq hanan,5,2025-10-01 11:29:38,gacorr
Exel Rafael,3,2025-10-01 11:29:13,"game nya sebenarnya seru TPI seruan ml, ff cocok nya di mainin pas puasa"
Sudah Biasa,5,2025-10-01 11:25:46,yah
Alvin Rayyaan,5,2025-10-01 11:23:18,"semangat terus ff jangan menyerah saya dukung ff, ff di selalu di hati"
Eduh Ghjj,1,2025-10-01 11:22:00,anj gua kesar kali tolong Garena sinyal yang padah bagus tapi 999+ kalo gini terus gua hapus ff
Cece Lia,5,2025-10-01 11:18:37,mabarr bangg
Oppo Reno8t,5,2025-10-01 11:12:09,game ini seru dan membuat belajar menembak
Radit Radit,4,2025-10-01 11:09:56,menurut saya game nya bagus tapi tolong Garena kenapa akun saya kena pelanggaran dan tulisan ada pemain yang sedang dalam proses investigasi padahal saya tidak cheat dan bug tolong di benarkan
Al Firdaus,5,2025-10-01 11:08:53,ff nya bagus banget update lagi biar tam ah Agus
kidd napper,5,2025-10-01 11:07:53,FF selalu di hatiku
Sandy Audom,1,2025-10-01 11:05:27,jaringan nya leg
Cahya Khaliq,5,2025-10-01 11:03:32,permainan ini sangat menyenangkan dan sangat cocok untuk orang yang jomblo sepertiku
Mutia,5,2025-10-01 11:03:08,sagat bagus
Hindun Hindasah,5,2025-10-01 11:02:29,B aj
valdz aja,2,2025-10-01 10:56:29,bug demeg benerin
Fahmi,5,2025-10-01 10:52:13,gem nya sagat bagus tapi bisa kah top apin dm 😅tolong garena
Deri Deri,5,2025-10-01 10:51:39,mantap!!🫶
Telaso Peler,1,2025-10-01 10:50:17,burik
Daren,5,2025-10-01 10:48:46,sangat baik semoga dapet hadiah ya
Halija Halija995,4,2025-10-01 10:47:24,"sayaa kasih bintang 4 karnaaa sekrang selalu susah untuk login, padahal jaringan BAgusss, tolong pihak FF di perbaiki masalah login kami inii🙏"
Osep Hermawan,5,2025-10-01 10:36:06,boleh..
Peri Yana,3,2025-10-01 10:35:51,booyah pass makin jelek
fatmawati,1,2025-10-01 10:31:49,tolong lah game nya di perbaiki udah banyak bug kalau banyak bug jangan pelit juga lah masa kita udah nyepin berkali-kali gak dapat tolong di perbaiki ya 🙏🙏
Reyzta,5,2025-10-01 10:31:41,bagus
Alfian Rohali,4,2025-10-01 10:31:23,"aku kasih bintang 4 karena, kan aku login tiba tiba muncul tulisan starting,nah kukira itu update,kan aku tunggu lama banget gak bisa bisa, tolong perbaiki"
Dwi Retno,1,2025-10-01 10:30:07,bot semua tim gua
Glows Stone,1,2025-10-01 10:27:58,bug damage ga pernah di fix
Rizky Aditia,3,2025-10-01 10:25:39,"kenapa aku kasi bintang tiga karena ada lag,tapi pas aku main malah ngeleg terus keluar"
Gio Fidel Lamasigi,5,2025-10-01 10:22:36,game ini sangat bagus
Rafka Ardiansyah,5,2025-10-01 10:18:44,gem bangsat garena bangsat
Yopi Zaenal,5,2025-10-01 10:16:37,kowk
Reza Sugito,1,2025-10-01 10:15:48,game kikir patut dikasih bintang 1 🤮
M ibnu Ataditya,5,2025-10-01 10:13:39,mungkinkah sekarang?😞
Bocah tolol,1,2025-10-01 10:09:15,gem nya gk enak banyak beban di manamana garena mati aamiin
Rifki Adiya wardana,1,2025-10-01 10:08:38,ga ada pintu
Opkevin Situmorang,5,2025-10-01 10:07:03,saya suka banget main ff
Dani Wiyono,3,2025-10-01 10:03:12,"ga bisa berkata"" cari uang susah"
Wingga,5,2025-10-01 09:56:21,game ini sangat seru!
Miftahul Anam,5,2025-10-01 09:55:15,min dm donk garena
namzz gcr,1,2025-10-01 09:48:52,game cacat langka lawang game burik
Sri Sukaesih,4,2025-10-01 09:44:59,pilss ini kenapa ya game ini tuh bagus cumann.. kalo main jaringan nya tuh jelek tapi kalo main yg lain bagus itu kenapa ya padahal saya sudah rank heroik... tapi suka bgt nge lag padahal jaringan saya bagus..?
Kenzo Pradana,5,2025-10-01 09:39:23,kirim dm donk garena pliss
M.Naufal Saefi Multazam,5,2025-10-01 09:35:46,bewan sini kau
Olivia Barek Blikon,5,2025-10-01 09:32:36,sangat bagus
Danil Sanjaya,5,2025-10-01 09:32:05,game nya sangat menyenangkan
Muhammad. Andika Muhammad. andika,5,2025-10-01 09:31:44,epep aku sudah jadi bintang' aku cuma bisa bantu kayak gini nih kalo ada yang berat dan tidak janan gitu lah yang berat
Rahcel Ganteng1232,5,2025-10-01 09:22:08,sangat seruuu
Fiqri Algvr,5,2025-10-01 09:17:25,sangat seru
Fahri Aliansyah,5,2025-10-01 09:15:09,DM gratit
Umam 01,5,2025-10-01 09:14:13,gemya sangat keren tolong kasi aku kehokian
Mirza Ukail,5,2025-10-01 09:09:18,bagus
Keeptinatun,5,2025-10-01 09:04:47,mantap
zikRiinsomnia,5,2025-10-01 08:55:21,mantap
Dayan dayan,4,2025-10-01 08:53:02,saya suka gemes nya karena
Irfan Yusran,5,2025-10-01 08:52:59,game ini burik
Ardiansah Ardi,5,2025-10-01 08:51:16,ok
Tarjo Kdi,5,2025-10-01 08:48:54,ini sangat cocok untuk kesedihan
Murni Yati,2,2025-10-01 08:46:13,game Burik
Ida Nur faizah,5,2025-10-01 08:45:11,game ni sangat seru sekali
achnoval68,1,2025-10-01 08:44:49,bg budi akunnya di blacklist oleh garena jadi aku kasih app ff bintang 1
Prastyo Handoko,5,2025-10-01 08:40:44,gamenya bagus ff di hati
Ari Prayoga,1,2025-10-01 08:34:49,"burikkkk mau main malah kena band, bg budi aja habis main bs aja gak bisa main buriik"
Rizqi Oke,1,2025-10-01 08:31:50,game kikir😹😹😹
Nella Nola,5,2025-10-01 08:29:55,Klo di sosial islad banyakkin cowo nya napa!!
HS buluk,5,2025-10-01 08:18:25,saya di kasih hoki sama free fire and Garena jadi saya bintang 5
Rafi Anwar,5,2025-10-01 08:12:33,senang game nya sangat menyenangkan
Arya renata,1,2025-10-01 08:08:59,min. kenapa Saya pakai wifi sinyal ya leg banget ya. padahal saya main game lain baik baik aja tolong ya min. di benerin
Gus Tomi,1,2025-10-01 08:00:57,gw beli spesial aidrop belum masuk Cok dm nya
Dian Ganteng08,1,2025-10-01 07:56:38,jujur gw sebagai panutan budi01 kecewa sama Garena kenapa di ben gua gak bakal main. ff lagi kecewa Poko nya
Baharudin132,5,2025-10-01 07:52:57,game yg sangat seru dan menyenangkan dan selalu menemani saya
Rezkyy Celekk19,4,2025-10-01 07:49:01,lumanya tapi jaringan nyaa kayak eee
Restu Dwi,5,2025-10-01 07:46:39,akhirnya ada game sejelek ini love buat semua bug di dalam game nya
Dimas Restu,5,2025-10-01 07:34:13,seruuu
Munaji Cik,5,2025-10-01 07:30:36,rawwwwrrrrrrrr
Fasyen Kumolontang,1,2025-10-01 07:30:31,ini game babi kudacuki pendo jaringan lancar tibah² langsung pergi loby game babi
Dimasramayana Y,5,2025-10-01 07:25:16,game ini sangat bagus👍
Mas Aziz,1,2025-10-01 07:24:39,dahlah gem ini sudah sepi tampa budi 01geming gemes ini terasa kosong hampa ayolah beri bang budi 01geming kesmpatan lagi masa dia ngonten selain garena FRIFAER gaboleh alay banget sumpah kasihan panutan panutan bang budi 01geming salam dari panutan budi geming
Fathan Mubin,5,2025-10-01 07:19:41,"enak, tapi mohon semua bandel gratis 😅😅😅"
Restu Ramadhan,5,2025-10-01 07:16:59,aku suka sekali dengan gembini 👍👍👍👍👍👍👍👍👍😍
Edi Susanto,5,2025-10-01 07:03:58,bagus
farija fatimah,1,2025-10-01 07:03:39,sangat tidak seru
Paijo Ning,5,2025-10-01 06:52:10,terimakasih untuk gem ini garena kalo gak ada gem ini gua akan gembira kayak ini terimakasih
Rizkal Hafidurrahman,1,2025-10-01 06:45:25,taik lah akun gw kena bl padahal gk ngpa²in
sdnpengampon 3,5,2025-10-01 06:41:05,mantap
Nazril Ilham,1,2025-10-01 06:40:32,game kikit
Suriani Harahap,5,2025-10-01 06:39:58,seru aku nanti mau jadi tni karna bisa tembak tembak di ef ef
Prdy Perdi,2,2025-10-01 06:32:55,gema kontll burikk
Mohammad Hasanrifki,5,2025-10-01 06:30:42,bagus dan enak dimainkan
Feriansya,5,2025-10-01 06:29:28,sinyal sangat tidak puas
PUTRI NAYYA “Reza” ANINAH,4,2025-10-01 06:25:25,Garena blokir bug nya sama jangn kasih yng drg sistem sama hapus yang ngecit akun ku langsung hilang
Erni Ummu dzulfikar,5,2025-10-01 06:22:42,bot kacung
zasen pratama70,5,2025-10-01 06:21:56,game enak ni Cok
Siti,5,2025-10-01 06:20:21,bagussss
luthfa alfiyatin,5,2025-10-01 06:12:04,seru bgt sekarang aku bisa headshot sedikit
seh saktiawan Alfirdaus,5,2025-10-01 06:11:50,ff seru no debat
Muhamad Bilal,5,2025-10-01 06:07:24,sngt menyenangkan
Yusiroh Yusiroh,5,2025-10-01 06:07:08,game nya bagus dan game nya rada kurang bagus yatapi game nya juga seru
Azka Niam,5,2025-10-01 06:05:30,gemya bagus banget
Wong Pusat,1,2025-10-01 05:56:34,jaringannya bagus pas main 999+
Ipak Asikin,1,2025-10-01 05:55:59,game haram makin pelit aja Garena ga hoki hoki banyak habis DM Cok game haram duit habis game ini cuma mau untung ga pikirin playernya
allzahirulubaid,5,2025-10-01 05:53:00,game ini seru dimainkan saat bosan dan tidak banyak mengambil kota
Loloa Vahshs,5,2025-10-01 05:51:50,lolo
jdi rdd,1,2025-10-01 05:46:48,game aneh ngga jelas + tll pemainnya rata rata gblk ngga bisa main atau baru main dan parahnya satu tim.sedangkan tim lawan rata rata bisa main dan jago ini khusus untuk berkelompok atau tim tolong di perbaiki lagii..
Hairul Sirait,5,2025-10-01 05:46:45,sangat bahagia
Alby Alby,5,2025-10-01 05:43:05,enak banget
Hilal Ramadan,3,2025-10-01 05:43:00,dah kil 5 mati di urutan 10 kok ngurang 15?
Rafael Duatujuh,5,2025-10-01 05:38:30,terimakasih
Biana Biana,5,2025-10-01 05:29:41,mantap geme ff nya agak buri nggak ada pintu
agus purnawan,4,2025-10-01 05:23:17,"makin kalah saing game ini,tolong garena cari solisi untuk bisa menarik peminat orang orang main game ini lagi"
Rizky 96,5,2025-10-01 05:19:36,semoga game ini gak selalu ngeleg
Wanda Humairah,5,2025-10-01 05:18:24,Game ini sagat menarik
Muhammad Al fatih,1,2025-10-01 05:16:49,"wahh saya suka game ini tapi lama jadi sungkan masalah nya pangkat saya master tapi dikasih tim platinum bjir kck bet hhh, trus sering ada masalah jaringan lagi enak push cs tb tb keluar bgst honor score nya ikut turun lagi Hhuuu!"
Adrian Modesad,5,2025-10-01 05:15:07,game nya bagus sekali
amelia salsabila aldo raffi,5,2025-10-01 05:14:31,kami kembali
Muhamad rasyid Ibrahim,5,2025-10-01 05:02:19,min topappin dong hee
Erwin War,5,2025-10-01 04:58:26,ff nomor 1
mhd rizkysiregar,1,2025-10-01 04:58:22,"match lama, death game kah?"
Aska Al Farizi,4,2025-10-01 04:54:39,kasih aku please hoki seumur hidup dan kasi aku diamond Garena free firee
Cre Wet,5,2025-10-01 04:51:38,tak tau
Ahmad Reihan,5,2025-10-01 04:49:04,saya pensiun dulu
Zaki Zaki,5,2025-10-01 04:41:10,jirr layar hitam udh di perbaiki
NICE GOD,1,2025-10-01 04:40:05,tolong draksistem nya di kurangin yaaa bot
Anjiang Gadang,5,2025-10-01 04:38:43,baik
jul fikar,5,2025-10-01 04:35:07,ini permainan nya bagus dan juga enak buat main
Haikelrawis Haikel,5,2025-10-01 04:34:43,Garena kasih DM lah wkwkwk 😹
muhammad Ridhani,5,2025-10-01 04:31:18,keren nostalgia pada jaman 2017 😭😭😭😭😭😭😭😭😭😭😭😭😭😭😭😭😭😭😭😭😭😭😭😭😭😭
Rifa Khairani,5,2025-10-01 04:28:50,good
Alex Ander,5,2025-10-01 04:18:14,Tolong jaringannya d perbaiki selalu hlng koneksi padahal jaringanku bagus 999+🤦‍♂️
Son Dandut,1,2025-10-01 04:07:04,game elek+bosok👎
Talita SR,5,2025-10-01 04:02:13,suka
Libertus Kpk,5,2025-10-01 03:58:26,menarik juga
Titi tutu,1,2025-10-01 03:31:39,"kembalikan akun saya, akan saya download kembali"
Kiki Riski,5,2025-10-01 03:31:02,aku mauk diamond
Sahari Ari,5,2025-10-01 03:31:00,saya sangat suka dengan gem ini
Muhammad Farelalhafidz,5,2025-10-01 03:28:24,tolong di bagusin lagi sekin senjatanya
Saka Aja,1,2025-10-01 03:20:50,"selalu mendapatkan tim yang tidak stabil, dan susah win. di harapkan rekomendasi tim yang bagus jadi aku gak kesal + emosi kalo main rank. TOLOOONGGG GARENAAA!!!!! kasi gua tim yang sportif asu, dan sinyal nya di benerin lh, cpe ak main game ini skrng."
Selokan Banjir,5,2025-10-01 03:16:52,nenek gw nyampe kecanduan main game inij
rudi hartonk,1,2025-10-01 03:11:08,"udah dari 2018 main ni game dari dulu bug nya ga di benerin, mulai dari bug damage, bug visual, sampe sekarang ga di benerin, dan sekarang malah makin aneh skil skill yg terlalu op, waktu nya pensi dan uninstall nih game gajelas"
Reza Yani,3,2025-10-01 02:54:40,"tolong, sistem nya di perbaiki lagi karna rawan blacklist akun saya tidak menggunakan file config maupun rege tolong perbaiki ini nama akun saya:wemsnd tolong ya saya sudah 2bulan lebih apa karena saya terlalu jago jadi di bl terus tolong ya di jamin nanti bintang 5"
Shaik Asiya,5,2025-10-01 02:53:20,SKSUBHANI
Sahrudin Holcim,5,2025-10-01 02:52:31,sangat cocok untuk di main kan
Idul Saputra,1,2025-10-01 02:41:08,infen ngatuk bandelnya itu2 aja
Rakha Aditya,1,2025-10-01 02:40:14,game rusak bug dameg masih ada
Wahyu Gg,5,2025-10-01 02:31:15,game nya enak kalliii
MAULANA MAULANA,1,2025-10-01 02:21:58,gua malam sampai pagi kalah terus minimal kalo sesoan kasih menang lah Garena aneh ga tau player nya begadang malam sampai pagi bukannya menang kalah di kasih kalah😭😭😭😭😭😭😭😭😭😭😭😭😭😓
FF .Gaming,5,2025-10-01 02:20:06,👎👎👎👎👎
Kadek Ari,5,2025-10-01 02:17:49,keren
mazchik,1,2025-10-01 02:07:40,game burik banyk dark sistem sakit mataa ngelag lagi
ARIF ARIF,3,2025-10-01 02:02:35,FF DIHATI ML DI KAKI
Pela Pelong,5,2025-10-01 01:51:47,ffbeta
Irsya Irsya,2,2025-10-01 01:43:59,"gemnya nggak masuk akal, dan event nya tidak ada yang bagus Garena tolonglah biar musuhnya nggak ada yang cit"
Zadit Taqwa,5,2025-10-01 01:42:43,"ini,,,bagus,,,,kok,,,dan,,,,ada,,,,,chapter,,,satu,,,sampai,,,ada,,,,chapter,,,dua"
Adi Ginting,3,2025-10-01 01:37:57,saya menyukainya
Rizki Adtiya,1,2025-10-01 01:26:08,mengapa saya kasih bintang 1★ karena burik dan bang Budi 01 gaming akun nya hilang cuman gara gara main blood strike doang kena bl
Paed,5,2025-10-01 01:24:42,saya cinta fire fire
Misbahdim Misbahdim,5,2025-10-01 01:23:53,gem nya bagus kolo bolah jenggot bnl keluarin lagi min
Faridd,4,2025-10-01 01:23:47,Game nya sangat bagus dan realistis
Muhammad Muhaimin,5,2025-10-01 01:23:08,seru
Zifa Alnasher,1,2025-10-01 01:17:11,tolong sinyalnya perbaiki sering eror padahal kuota saya masih ada tapi lag eror perbaiki.
Ade Jendra,5,2025-10-01 01:16:51,sekarang ff makin asik lebih adil dan makin hd
Fais Ramadhan,2,2025-10-01 01:14:41,leren
SupRan Alex,5,2025-10-01 01:03:17,sya suka permainan ini
AldinRoti,5,2025-10-01 00:55:57,game nya seru tapi giman cara beli level up packge skrng
Azam Sogun jamet,5,2025-10-01 00:34:28,mantap bokep nya cokkkk
D4F4 07,1,2025-10-01 00:30:59,karena nge ban bg budi
Mas Riril,5,2025-10-01 00:20:08,game nya seru tapi sekarang akun saya di Ben sama Garena tolong kembalikan aku saya Garena
Muhammad Razzan,5,2025-10-01 00:16:55,Razzan $FreeFireMax
Bayu Azka,5,2025-10-01 00:16:35,permainan ini bisa membuat saya menjadi lebih senang di banding mermain dengan seorang wanita up! up!
Nia Kania,5,2025-10-01 00:16:22,game nya bagus cuma saya suka patah patah kalo maen tolong di benerin padalah saya sudah pake peringan game
Putra,5,2025-10-01 00:04:16,Uol
Sahril,5,2025-09-30 23:58:15,gem tebaik
latip pake p,5,2025-09-30 23:29:45,Seru cihuyyyyy
Desta Saputra,5,2025-09-30 23:16:27,karena banyak yang disukai olehh pelayerr pelayerr ff sekarang
Isna Wati,5,2025-09-30 23:07:00,the best
Nur hasanah,5,2025-09-30 22:54:24,bagus
Wahyu,5,2025-09-30 22:44:13,Du Du di dam dam Batang dan di dam dam Batang dan daun sirsak yang sudah ada di dam dam Batang dan daun sirsak yang sudah
Fahri Bae,5,2025-09-30 22:41:27,nama kamu ko sama dengan aku nama ku Muhammad Al fahri
Muhammad rianto Saputra,5,2025-09-30 22:39:12,geme ini seru
Daffa Ganteng,1,2025-09-30 22:22:55,akun gabisa di logini malah ada tulisan login gagal padahal jaringan lancar
Zidan Dann,1,2025-09-30 22:02:11,udah ngga jaman Naruto
Rio nanda,5,2025-09-30 21:41:24,bagus
trondol muhammad,1,2025-09-30 21:31:53,"mohon maaf min, ini free fire saya tiba tiba berlangganan padahal saya tidak melakukan nya, uang dana saya berkurang terus min, saya minta tolong min agar bisa kembali uangnya dan tidak berlangganan lagi🙏🏼"
Ira Siti mahmudah,4,2025-09-30 21:14:10,bagus tapi ada bug mulu game nya bisa menghibur saat kita kesepian ini bisa di pakai untuk bermain aku sangat suka
Zia Datul,5,2025-09-30 20:46:13,menarik
Tidakada Nama012,1,2025-09-30 19:41:37,"burukk,jelek, burikk, ngga ada pintu"
ayang Budin,5,2025-09-30 19:40:47,sangat cocok
gilang ginanjar,3,2025-09-30 19:40:24,garna ini bukan era kami lagi era kami di tahun 2019
Maz`Satrioo 秋,4,2025-09-30 19:34:11,saya suka sekali dengan game ini tetapi saya sedikit kecewa sama sistem nya yang bug cerita nya gini saya kan lagi mau login ff nah terus saya keluar pas saya mau login lagi eh tiba tiba akun saya jadi bot padahal email akun saya itu aman udah saya BIND dan gak ada aktivitas mencurigakan di akun saya dan akun saya udh berumur 5 tahun tetapi mengapa akun saya hilang di sebabkan masalah yang tidak masuk akal tolong perbaiki ini demi kebaikan player dan juga nama game nya 🙏🙏🙏
Ahmad Sofian,1,2025-09-30 19:18:13,garena udh parah sistem nya jelek. mau pake data mau pake wifi tetep pink 99+ udh parah parah.... mending saya uninstal.... pindah haluan ke PUBG yg udh pasti no kondala
Rudi slow Rudi,5,2025-09-30 18:50:02,"game yg sangat bagus, tempat hiburan sya"
Muhammad Ahsan,5,2025-09-30 18:02:46,soewondo d a d rt ae
Alga Anugerahi,5,2025-09-30 17:23:00,bagus dan keren 😎
Bedak Harum,3,2025-09-30 17:21:31,"saya main dri 2018 baru kali ini nemu bug on mic padahal honor saya 100 dan ga ada riwayat negatif, tolong pihak garena tindak lanjuti karna ini bergantung sama komunikasi team"
scissor deli,5,2025-09-30 17:17:37,Gem bocil ml lebih seruuu.
Abeng Herdiansyah,1,2025-09-30 16:59:55,"ga seru, admin nya baperan"
Bobi Nasa,5,2025-09-30 16:42:25,game ini lumayan bagus tapi banyak bugnya dan selalu ngelag sudah dari saya terimakasih
Luzitodasilva,5,2025-09-30 16:25:17,terbaikkkkk lahhh
Samuel Simanjuntak,5,2025-09-30 16:11:50,game ini terlalu keren
Fawazzz Kontol,1,2025-09-30 16:07:22,bayak bug nya
Prima Aliani,1,2025-09-30 16:06:36,"gabisa onmic eror padahal cuma ngelag dikit ,di game lain yg besar Roblox ml aja bisa onmic masa sekelas ff ga bisa onmic dah sebulan ini"
Besuki Flasher,1,2025-09-30 16:00:24,ff sekarang pakek wifi udah gak bisa cuman bisa pakek pakettan liat bandul aja gak bisa lebih baik pindah game aja ml lebih asik
Tembilahan Tembilahan,1,2025-09-30 15:55:40,Game gak jelas bang Budi kaga bisa main game tolol
Fajri Maulana,1,2025-09-30 15:52:32,Game nya udah bagus tapi pas update kemarin masa jaringan nya GK stabil pas di map grafland di mode yg lain lancar aja tolong di perbaiki min🙏
mahira asyifa,4,2025-09-30 15:33:21,"entah karna hp aku nya yg nglg apa emng dri sna nya kdng suka ke pental ke lobby pdhl tmn ak udh ad di dalam game,and nglk bngt pdhl sinyal nya bgus"" aja"
Andhie Al-Marabahany,5,2025-09-30 15:33:07,gem gacorrr
Aji Saputra,1,2025-09-30 15:27:03,"ff game burikk ,game nyaa banyak bug nyaa"
Denis Zailendra,5,2025-09-30 15:23:26,このゲームはとても良いです。5つ星を付けます。
Tini Surtini,5,2025-09-30 15:21:56,game ini seru banget
Riswal Awal,5,2025-09-30 15:15:53,bagus
Idham Holid,5,2025-09-30 15:12:49,sangat bagusss
Riska Dian,5,2025-09-30 15:03:03,MIMIN BOYYAH MAU NANYA NIH KENAPA YA DI TRANING BANYAK CHEATER PADAHAL AKU GAK KENA BLACKLIST
Zhy Azizah,5,2025-09-30 15:01:01,seru banget
Adi Ariyanto,3,2025-09-30 14:56:52,garena tolong musuh di setarain rank masa rank kita golt musuh nya heroic ga adil lah
Moningka,1,2025-09-30 14:56:30,jangan buat bang budi pensi karna main game sebelah tolong garena
Alfian Risdiyanto,1,2025-09-30 14:51:32,kembali kan bg budi 01 geming
Refin,1,2025-09-30 14:40:20,Budi 012 gaming gak bisa main lagi
Aril Gunawan,5,2025-09-30 14:39:56,ff emang keren banyak iven menarik apa lagi top ap nya murah sama member sip nya murah banyak dm nya dah emang keren
ikyy lmj,5,2025-09-30 14:37:47,Mantap min ouh iya.bunddel paradox kpn rilis min??
Aprilian Ahmad,5,2025-09-30 14:37:43,ffmax the best
Rio Rinaldy,5,2025-09-30 14:37:13,mantap banget saya sangat senang karena bisa jadi support sistem dengan banyak epep
Muhammad Faishol,4,2025-09-30 14:35:02,gift aku diamond garena
Aditya Arya saputra,5,2025-09-30 14:29:47,saat saya bermain ff jaringan saya tidak setabil
Halim Hasanuddin,5,2025-09-30 14:25:44,ff makin bagus aja nih
Albian Ridho,1,2025-09-30 14:22:33,ni game makin lama makin rusak
Petrik Sakiti,2,2025-09-30 14:17:25,weeyyyy
Oktarini Athing,5,2025-09-30 14:11:53,bagus sekali main sama teman dan Abang saudara
Abidzar Dilapanga,5,2025-09-30 14:08:05,bagus sekali dan enak
AZKA,1,2025-09-30 14:07:38,karna ini game sangat skibidi+mewing jadi gw kasih bintang 5😈😈😜😹😹🤭🤭😠
Fizzz Debran,1,2025-09-30 14:06:39,woi anjng anak anjng kau ya masa maen ngeleg tapi sinyal bagus anjng kau ngentt sialan
Ervan Zai,5,2025-09-30 14:03:46,bagus game nya
Agus Otista,5,2025-09-30 14:01:20,bagus gak patah patah enak maem
Khairul Fuadi,1,2025-09-30 13:59:38,geme nya jelek
Prihatin Lestari,5,2025-09-30 13:56:13,bagus banget
Riyan Yanz,5,2025-09-30 13:56:02,burik kaya mon.yet
Zidan Jalil,5,2025-09-30 13:53:32,FreeFireMAxN😁😁😁😁😁😁😁😁
viaa 883,1,2025-09-30 13:52:16,Kenapa suaraku patah² di yang lain garentooddd!!!
Yayat Supriyatna,2,2025-09-30 13:52:01,gw main gak pernah di kasihanni sama ni develover gw kecewa banget sii game gak ada etika tim gw dapat yg BOT lah dari musuh pada jago semua tolong lah kalau kalah terus menerus tolong kasih keringanan mana gw sepin event gak dapet bundle utama malah dapet ampas mana udah abis 1000 dm
beis frianto,5,2025-09-30 13:51:03,game nya seru dan bisa keretek²
Lutfan Najam,1,2025-09-30 13:47:33,kacang lupa kulitnya?
Andi Azka,1,2025-09-30 13:47:11,tolong jan blacklist bg budi karna dia cuma menjalani pekerjaan nya dan menafkahi keluarga nya ff makin kesini makin makin ya😮‍💨
Ngurah Dio,1,2025-09-30 13:46:48,jelek
Surya Ramadhan,4,2025-09-30 13:46:34,gm ini sangat enak musuh pada kuat😁😁
Skibidi Yepyep,5,2025-09-30 13:43:21,dlu 2020 seru bngt sekarang udh ngga Krasa
Kaisar BSWDN,1,2025-09-30 13:40:52,sebelum banyakin event perbaiki dulu nohh jaringan. padahal jaringan wifi gua udh bagus kok pas in game merah mulu teruss pas gua coba main game lain bagus bagus aj jaringan ini kok pas main free fire jaringan nya jelek battt
Luki Epep,1,2025-09-30 13:40:14,"game nya pantas di kasih bintang 5, soalnya ada iklan bokep nya"
Aldo 26,1,2025-09-30 13:39:50,"gamee burik bg budi di blacklist, mikir kids. 8 bit lagiii😹"
Alexa Alexo,5,2025-09-30 13:39:02,sangat baikkk
Dame Boy,5,2025-09-30 13:34:23,kepada yth bapak pencipta free fire tolong akun saya jgn di BL karena bukan saya yg memakai Chet tetapi kawan yg tidak saya kenal tolong kembalikan akun ku Garena biar tidak kena BL
Queenly Tuppang,3,2025-09-30 13:29:17,aku kasi 3 bintang karena aku bosan karna sinyal nya 4G ko 999 sinyal nya jadi aku cuma saranin perbaiki lagi yahh😊🙏
Farel bsk,5,2025-09-30 13:26:12,saya suka bnget dengan game free fire ini:)
DELON DELON,5,2025-09-30 13:23:49,pengalaman yang keren
Dipa,5,2025-09-30 13:23:49,kirimkan saya 1000 diamon
Sandika Dika,5,2025-09-30 13:23:15,aku mau 5000 diamond ya
Agus Kurniawan,1,2025-09-30 13:22:47,ff sekarang udah burik gak bisa pake wifi
kroco P,5,2025-09-30 13:20:58,aku mau kasih akun sultan pull max dan banyak bandel old lainnya
Suci Aulia Taufit,5,2025-09-30 13:20:57,saya suka aja
indra saja,5,2025-09-30 13:19:45,game nya baguss walaupun banyak player toxic tapi ga di msukin hati kok smoga banyakk update yang lebih menarik yahhh
Da a,5,2025-09-30 13:19:22,burik
Honeyy Loveuu,5,2025-09-30 13:18:26,KANGENIN MAXX 999+
Valentino Amal,5,2025-09-30 13:14:20,good
Khoril Anam,1,2025-09-30 13:13:33,seve bang budi 01 gaming
Khusnatul Elfiyati Yours Neata,5,2025-09-30 13:11:53,ini gem paling seru
Hafizh Al-Ghazali,1,2025-09-30 13:11:02,minimal balikin lah peak old ya karena gk ada peak old player old jadi pensi sekian terima gaji
M Fathian virendra,1,2025-09-30 13:09:31,gamenya lumayan gede sama ya lumayan update juga
Najwa,5,2025-09-30 13:09:10,gem ini sangatlah bagus bagi para orang orang sad
Zemi Priyansya,1,2025-09-30 13:06:32,kok budi di bl
Azis Lubis,5,2025-09-30 13:06:26,gamenya Uda bagus skinnya juga bagus tapi tolong perbaikin Cristal royalnya kenapa gak bisa dibuka tolong di perbaiki sekian dari saya terima kasi🙏🙏🙏
Rika rohadi,5,2025-09-30 13:02:46,bagus banget
Akbar Maulana,5,2025-09-30 12:57:24,good
Ferdicrb,5,2025-09-30 12:49:00,LAGI SERING GEPRIS
Aditiagulo gulo,1,2025-09-30 12:48:44,Gamee nya agak jelek kek muka mu
Dinda,5,2025-09-30 12:48:43,gane ini sangat sangat bagus walau gk ada pintu justru di situ letak asik nya gk ad yg jamin hasil
Ridhyea Adjha,5,2025-09-30 12:45:11,game nya bagus tapi tolong garena game ff saya eror tolong di perbaiki terima kasih
Rasdi,1,2025-09-30 12:44:28,min gw kok GK bisa main br rank padahal gw ga pake cit panel kok tetep aja GK bisa main br rank min tolong di perbaiki game nya biar bisa main dasar developer GK jelas
Sequad Impostor v4 among us,1,2025-09-30 12:41:23,game anj*** game gob***
Redmi Note 13,1,2025-09-30 12:37:05,"apalah ini game, g enak di mainin, bang budi knp gk boleh di endorse sama game lain? sampai² gk bisa main rank, logo v di ilangin, sekarang banyak org² pendi gara² ulah garena sekarang"
Syifa Fauziyah,5,2025-09-30 12:34:46,aku suka sama gem ini
Nizamafkaraziz,1,2025-09-30 12:33:49,ez
Ganz Rorr,5,2025-09-30 12:33:00,sangat seru
Kela Dela,5,2025-09-30 12:32:28,sangat baik🙏🏻👍🏻
Aca Bon,5,2025-09-30 12:29:50,keren
Zulkipli Kipli,5,2025-09-30 12:27:11,iya saya bagus
Baim Kedot,5,2025-09-30 12:23:00,game yg sudah menemani selama 7 thn
Rahmad Hidayat,5,2025-09-30 12:18:42,ff ini seneng main ya😃😃👍👍👍🤞🤛🤜
Silfia Wulan,5,2025-09-30 12:14:13,bagi dm dong garena
Ramlibram,1,2025-09-30 12:14:02,oi garena ini gemen kenapa dah gak bisah main padahal jarigan ku baik loh dan karena aku kasih bintang satu karena bang budi itu gak bisa main kasih perbeiki lah kau kan punya gemen apa guna nya epep coba tidak bisa main ya kali diam doan di lobii semua pelayer itu login untuk main apa lah kau nii😒😒
HARDIANSYAH,5,2025-09-30 12:13:37,sangat kere n
komang suar,1,2025-09-30 12:12:59,pulihkan BL nya bang budi
Bilqis Kalizah,5,2025-09-30 12:12:56,ngga tau suka aja
Lina Thatan,5,2025-09-30 12:12:13,"gem haram 😡😡😡. kenapa saya bilang kayak gitu karena pasti setiap main tim nya bot bot kaya ajg ini FF ada Pi dia suka' Ben akun nya orang padahal sudah top ap hampir berjuta juta tapi apa yg di dapat, he ternyata di Ben ajg memang Garena saya kasih bintang lima agar ulasan saya bisa di liat orang hanya itu saja 😡😡😡"
Junior,5,2025-09-30 12:11:41,bagus banget
Dafa Muhammad fadilah,5,2025-09-30 12:10:02,kalo bisa adain 1kali spin gratis
Erni Denyyanti,5,2025-09-30 12:08:18,karena seru dan menyenang kan hahahaahhaah
Sopian Muzzaki,5,2025-09-30 12:02:03,gamenya sangat bagus GK kaya ml
Ayu Trinoviana,1,2025-09-30 12:00:35,bang budi di benet
Priyo Ganteng n manis,5,2025-09-30 11:58:31,mantap
Pp Dd,1,2025-09-30 11:57:57,jelek
Gauzan Akhtar Fein,5,2025-09-30 11:57:18,bagus tapi tolong bug di game ini hilang kan
Andro Nikus,1,2025-09-30 11:52:51,we need old peak
fahri Ganteng,1,2025-09-30 11:49:13,diomondnya gak ada banyak gak seru
Laila Sabri,5,2025-09-30 11:48:08,alhamdulillah
Tutik Hana,5,2025-09-30 11:47:24,seru
Mario Ariko,1,2025-09-30 11:44:45,11 https gc bot
Fayyed234 Yed564,1,2025-09-30 11:44:00,Akun di banned secara tiba-tiba
MGR123 MGR123,1,2025-09-30 11:40:49,ff kenapa ya sekarang gak seseru dulu main br banyak yang afk di cs banyak afka sudah kil banyak malah turun fff kenapa ada bl bl bl fff gak kasian apa lo sama player old ff tanpa player old bisa apa bang budi saja yang ff ke bl saja pindah ke blostrek panutan ku gak bisa main ff lagi gegara bl
Raisah Salsal bilah,5,2025-09-30 11:34:30,seruuuuuu
Raka Ini raka,5,2025-09-30 11:34:14,"permainan apa ini!! saya Uda download MB besar gedek,tapi malah ga bisa di mainin karena black screen dan. semua hitam ga ada apa apa hitam semua ini Uda dari tahun dulu dulu aku tunggu tunggu masu hitam juga game apa ini!!! hp sy Oppo a31 looo,kalo gabisa bikin game yang bagus gausah bikin ga usah buat kecewa!!!"
Dinda Ayu,5,2025-09-30 11:34:03,mantap
M.KAIYSA_17 M.KAIYSA,5,2025-09-30 11:30:07,cuma satu. kenapa pas kita login key game ya. paskita login akun Facebook kita pencet habis itu kenapa ada tulisan koneksi jaringan error gagal mendapatkan data akun ke-3. kok masalah itu cuma ada di HP infinix hot 40 saya tolong perbaiki itu biar gamenya makin bagus 🙏🙏
Ricky Alfredo,5,2025-09-30 11:30:00,seru
Nikita Maulana,5,2025-09-30 11:26:38,the best dari dulu aku main ini
Mudji Suharto,5,2025-09-30 11:25:37,kenapa saya kasi bintang dua karena gem nya jelek et tapi bohong
Fajar Purnama,5,2025-09-30 11:24:20,★★★★★10000
Za Kii,4,2025-09-30 11:16:47,Awas lu ya gw gak salah apa apa di ban 10 hari Gw sumpahin lu bangkrut..awas lu
Fhaisal Abdul muttakim,5,2025-09-30 11:16:39,game ini sangat bagus saya suka yang tidak saya suka adwlah adanya bugg
Fitrya Dwie,5,2025-09-30 11:10:53,bagus untuk palyer elit cees
Arkhan Kelton,3,2025-09-30 11:08:57,musuh yang ga mati mati
delia Marfa,1,2025-09-30 11:07:29,gak bagus ihhhhhhhhhhh
Daeng Alusu,5,2025-09-30 11:06:47,efek minimal bintang 5 lah bos single dong karena bagus gamenya 😘😘😘😘😘
Acon,5,2025-09-30 11:06:15,Oky sayang
Diysarla,4,2025-09-30 11:05:58,lumayan
Michael Jackson,5,2025-09-30 11:05:32,bagus dan realistis
akbar athirah,5,2025-09-30 11:04:27,bagus bisa buat set ambatukam
WELDI Saputra,1,2025-09-30 11:01:31,kenapa bang Budi GK di kasih main epep
Daffa ibni Al akhwan,4,2025-09-30 11:00:35,Anjir rang gua langsung heroik
fadel khairulfikri,5,2025-09-30 10:58:54,menurut saya game nya seru apalagi bulan puasa pas pusreng bareng saudara sambil tunggu buka puasa atau tunggu sahur
Alby Luthfy,1,2025-09-30 10:58:45,game tolol bang Budi di blacklist
Rossa Maulana azrul,5,2025-09-30 10:58:10,Bagus sekali
yuka pratiwi,5,2025-09-30 10:57:44,aku main FF udh dari kelas 3 dan pensi 1 tahun
Sotarduga Manurung,5,2025-09-30 10:56:07,game ny seruuuu
Bisma satria Pamungkas,1,2025-09-30 10:53:45,game ini gk jls saya berikan bintang satu karna panutan saya bang budi01 gaming kena blacklis cuma gara gara nerima endorsan game lain kecewa sama ni game
D Gundul20,5,2025-09-30 10:53:41,"seruuuu, tp g kyk dulu. tp ttp seruuuuu."
Andrean,4,2025-09-30 10:53:16,"game nya enak dan bagus tapi sayang jarang hoki nickname game ""SM・Andree"" saya kalo mau di buat hoki min plis"
Jhhd Melia,1,2025-09-30 10:51:44,"KACANG LUPA KULIT, BANG BUDI DI BLACKLIST APLAH TANPA BG BUDI FF GA RAME GARENA KACANG LUPA KULIT KACANG LUPA KULIT"
Abizar rozi17,1,2025-09-30 10:51:20,gak seru burik
Galih Novriaji,1,2025-09-30 10:51:04,saya kasih bintang satu karna game nya kaku + grafisnya sangat burik sekian terima kasih
Sukiman Amin,5,2025-09-30 10:49:37,mantap
Hamzah Haz,5,2025-09-30 10:48:52,"jujur sejak dri awak sya main saya suka gamenya ,,,TPI masalah nya slalu pada bugnya,,senyal kadang merah,,pada saat masuk Masi ok,TPI ketika sdah di dalam gamenya apalagi saat lobi di br slalu saja patah2 sinyal kadang kembali otomatis,jdi tolong untuk diperlancar lagi bosku ,,dan saya sdah ksi bintang 5 itu"
Ahmad Hafidz,5,2025-09-30 10:44:37,gemnya sangat bagus
Nayla RahmaGustinaa,5,2025-09-30 10:42:39,suka bangettt
Kalvin Jangi,5,2025-09-30 10:39:39,sempurna
Retzz tukang hayal,2,2025-09-30 10:38:20,bnyak bug
hafizh wideka.s hafzx,3,2025-09-30 10:35:02,budi 01 gaming lu apain?
AHNAF SABAN ARASID,5,2025-09-30 10:34:06,"gw ga pake ap ap ngapain di blacklist si , gw gpke cheat ga pake glowal makro , gw laporin citer malah gw yang kena bl kocak banget 😹😹 , gw kasih bintang 5 , biar lu liat😹"
Adittya,1,2025-09-30 10:32:35,game sngt bgus
Ilaa Amoraa,1,2025-09-30 10:20:54,gak jelas ini gem pas masuk malah hitam semua gak jelas emang
yusuf Supriyadi,1,2025-09-30 10:19:20,gamenya bagus tapi tidak adil kalau main musuhnya jago jago tapi kalo tim saya bot bot gimana ni Garena
Nur Hayati,5,2025-09-30 10:09:54,karena bagus gamenya
Akun Ff,5,2025-09-30 10:09:04,Aku butuh sesui nick ku garena
Akun Free fire1,1,2025-09-30 10:06:51,kocak
Kartini Raihan,5,2025-09-30 10:05:38,gem nya baguss banget tapi plis apded nya uang bagus
Nizam Nawawi,2,2025-09-30 10:04:49,aku main selalu bug demeg
Justin Harefa,1,2025-09-30 10:03:29,jelek
Tobia sulfanus Lahagu,5,2025-09-30 10:01:58,Sangat menghibur 💯
Amat Starboy,5,2025-09-30 09:55:33,sangat menyenangkan
Muh Irsan,1,2025-09-30 09:53:28,karena ustadz pasti dahh tau
Bulbul Duldul,4,2025-09-30 09:47:09,mantap gim nya
Anjay Mabr,1,2025-09-30 09:46:35,Geme rusak geme ngetak geme burik akun gw ga chit tiba tiba ke ban anyink t
Farakhan Fais,1,2025-09-30 09:45:33,KEMBALIKAN BANG BUDI 01 MAIN FREE FIRE
Arif Anjay,5,2025-09-30 09:40:17,mantap diamond donk min
Franz Belotindos,1,2025-09-30 09:38:37,balikin akun bang Budi woi
Wayan Riva,1,2025-09-30 09:38:21,makin update makin rusak 🤬🤬
gilang Ramdani,5,2025-09-30 09:35:51,ok
Alif Zidan,5,2025-09-30 09:30:36,"game ini punya banyak memori di kehidupan ku, kalo di ingat bisa nangis"
Fahri Rizaki,5,2025-09-30 09:25:42,permainan ini sangat seruu banyak teman online yg bisa kita kenal walaupun beda daerah
Ulfa Kina,5,2025-09-30 09:23:27,permainan free fire sangat bagus
Albi Realme,5,2025-09-30 09:21:45,min kenapa gue kasih bintang 5 karena saya menyukai gem ff tapi akun saya hilang min dan saya tidak main lagi min
Rondo ndeso,3,2025-09-30 09:18:49,tidak bisa login di akun Facebook tolong di perbaiki segera
ATAYA ASRIL PRATAMA,1,2025-09-30 09:18:47,game abk jir gw tiba tiba ngeleg padahal wifi bagus. gegaralu bintang gw turun pea tolol
Salsa Ardiyah,5,2025-09-30 09:17:28,kerenn bgtt akuu sukaa
stok Bot,1,2025-09-30 09:12:48,kenapa saya tidak bisa meng instal game ini
Emi Yulianti,1,2025-09-30 09:12:25,apalah epep tambah burik aja sekarang akun budi 0Geming kasihan ege totkoq
Laode Asraf azhar,1,2025-09-30 09:10:24,gamenya gak bisa di mainin ni !!!
Naufal Faqih,1,2025-09-30 09:08:35,masih agak kurang grafiknya Dan top up diamond nya masih sangat mahal
Ibrahim,5,2025-09-30 09:08:17,saya mau minta maaf karna kejadian tadi Gemini sangat bagus dan semoga adminnya sehat selalu Garena sekali lagi saya minta maaf🙏
gusz Yrza,1,2025-09-30 09:07:37,garena seenaknya sama playernya liat budi01 gaming jadi pensi gara²lu
Jumri Tinambunan,5,2025-09-30 09:07:34,suka seru
Pengguna Februari,5,2025-09-30 09:06:48,sangat bagus
Riko Saputra,4,2025-09-30 08:59:28,indonesia
Pakonjan Farid,5,2025-09-30 08:57:00,enak geme nya
Rohidin Rohman,5,2025-09-30 08:54:44,mantap
liaxzy hytam,1,2025-09-30 08:53:49,"kocak bgt suka bug onmic, error, jaringan 999+, patah patah, lag, gloo delay, mainnya emg seru tpi bnrin dulh lh ngtd, perbaiki dulu pls"
Marrisa Casilla Wijaya,5,2025-09-30 08:52:52,bagus
FERRY FADLI E-TIKET BANGKA,1,2025-09-30 08:52:43,kebanyakan player cheat
Uda Buan,5,2025-09-30 08:52:34,mantap banget
Luminous Astra,2,2025-09-30 08:52:09,demage yang di terima sama yang di tembakan kadang ga sama
Indramayanti Ida,5,2025-09-30 08:43:09,sangat keren game ff ini
Faiz Ahmad Mubarok,5,2025-09-30 08:42:08,sangat terbantu
Yanto Irham,1,2025-09-30 08:40:42,"Gk ada pintunya, klo ada pintu kasih ⭐ 5"
Raka Arman,5,2025-09-30 08:33:59,sangat luar biasa
Felisa Nur,5,2025-09-30 08:29:31,cinta epep
Selina Gomes,5,2025-09-30 08:29:18,100% bagus sekali
Julie Anto,5,2025-09-30 08:28:26,Kembalikan pik yang dulu Pliss
Ri An,1,2025-09-30 08:22:24,akun aku kenapa di ban aku gak pake cit atau panel kenapa aku kasih bintang satu ada yang cit terus ada yang pake panel dan selainya tolong akun aku akun aku gak pake cit ya dan ini nama akunya SN.RZ#VN tolong ya garena
Rehan,5,2025-09-30 08:16:39,papa aku pun main ff
itta,5,2025-09-30 08:11:12,MAAF TETAPI FF MUSUH NYA TERLALU SUSAH MAAF🙏🙏🙏
Jeand,5,2025-09-30 08:07:10,Free Fire max nya keren Garena aku saranin Untuk Mengadain Mode offline Biar KLO GK ad Kouta bisa main.
Sukaedah Atang,1,2025-09-30 08:06:37,"game burik gajelas depan wifi pun ga menjamin bakalan lancar main, jangan dowloand"
Kristiana Dewi,5,2025-09-30 08:02:17,basgua banget FF karena aku akhirnya bisa boyah di BR rangket🥰
Admin Ahmadlaega,2,2025-09-30 08:00:15,coba peak old di kembalikan
Ci That,5,2025-09-30 07:55:12,bagus
trisatya loka Syahputra,1,2025-09-30 07:54:52,game ini sangat jelek
Minarti Munawarah,1,2025-09-30 07:50:44,tolong kasih saya hoki setiap kali say sepin pasti tidak dapat dan sekali lagi grafik nya dibuat yg paling rendah
Sema Aja,3,2025-09-30 07:48:55,main nya selalu ngelek dan jaringanya jelek
Muh nur Qolby,5,2025-09-30 07:48:48,game paling terbaik di dunia
Rizki Rizki,1,2025-09-30 07:48:33,kenapa ff gw gak bisa di buka min tolong jelaskan kalo gk gw suruh semua temen gw APUS ff burikk
Rezz Kemang,2,2025-09-30 07:47:13,sAnGAt. TIdaK ;boLwEH di DoWnloDe. kARENa. adA bOKeP Nya☠️☠️☠️💀💀👽👽
Susi Sitopu,5,2025-09-30 07:46:11,Karena gamenya bagus dan banyak eventnya keren tapi tolong kasih lebih banyak bundle gratisan yang langka ya Garena plisss gue palyer gratisan soalnya hehehe
Maria Alik salenda,4,2025-09-30 07:43:18,Ini bagus serta enak di main ka
Marsel,1,2025-09-30 07:42:22,game rusak jaringa bagus ngga biasah login gg
Rofiq Jabrik,5,2025-09-30 07:42:10,sangat bagus!!!!!ni game
Nesia Azzahra,5,2025-09-30 07:26:56,prime turn weee
Alfat Alfat,5,2025-09-30 07:25:12,Diamond
Dimas Sinaga,5,2025-09-30 07:23:49,Bagus tapi bagiku gk mslh sama dengan sifatnya yang sabar yo mending beli mobil ff.sekarang ada ifen baru SG Aurora gratis
Muhammad Rizki Arfiandi,1,2025-09-30 07:23:36,jelk
Ainsyah Mila,5,2025-09-30 07:23:09,Karena. hebat
Cendrawani,3,2025-09-30 07:19:09,"tolong, pihak Garena perbaiki lah sistem sinyal nya, tolong lah agar player ff senang, nyama, jadi tolong lah pihak Garena perbaiki sinyalnya, padahal jaringanya bagus lohh tapi sinyal nya 999+ tolong yah pihak Garena🥲😔"
Adittya Barus,5,2025-09-30 07:14:51,mantqp
Kevin raka Kevin,1,2025-09-30 07:13:35,Sya sangat suka dengan geme ini knp saya kasih bintang 1 kerena garena selalu apdet tolong garena jangan apdet lagi ya
Ardiansyah Saputra,5,2025-09-30 07:13:27,mantap
Arfan M,4,2025-09-30 06:52:25,kasih pencerahan dan support buat penggemar game free fayer
Hariyono 04,5,2025-09-30 06:49:25,min sg OPM keluarin
Hiras Tinambunan,5,2025-09-30 06:48:56,akun sultan DM 20000000000000 esge 50 bandel Leng kap baju celana tas sayap emot banyak
Wira Hardiansyah,2,2025-09-30 06:46:47,game burik kaku scope kedut kedut scope PNG perang spam glowal 😹😹
Name_,1,2025-09-30 06:45:42,itu saya sudah dekat wifi semua pakai itu semua semua geme lancar tapi ini beda padalan sinyal bagus tapi kayak ngelag cepetan diperbaiki Garena mau kalau tidak diperbaiki saya pensi loh
Dewi Maemunah,5,2025-09-30 06:43:04,bagus tapi sering ngeleg
"R, Sianipar",5,2025-09-30 06:34:56,gem yg paling aku suka
Deni Denisangalolo,5,2025-09-30 06:30:16,game apaan niii!!! kok bagus amattt🧢🧢
Rina Nose,1,2025-09-30 06:28:32,Garena as kasi musuh pro pro tapi tim nya gob
Golinho,5,2025-09-30 06:20:40,terima kasih untuk ff sadah menemaniku dari tahu 2013
decha,5,2025-09-30 06:13:54,menghibur untuk gakada kerjaan di rumah maupun diluar rumah
Sarifah Hasibuan,5,2025-09-30 06:12:28,aku game ini sangat enak dimainkan
Riki Danil,5,2025-09-30 06:07:44,mantap
Nabil Zulhakim,5,2025-09-30 05:58:00,"game seru, hoki"
botkilff,2,2025-09-30 05:54:40,seru sih tapi ada kaga ngotak jd aku hapus lagi nanti puasa aku download lagi
Akmal Lathif,5,2025-09-30 05:54:06,gem nya keren banget 😁😁😁😁😁
Kiki Najah saputra,5,2025-09-30 05:53:42,gg mang
irval roge,5,2025-09-30 05:50:50,aku mu esge riper
Naura Lestari,5,2025-09-30 05:47:19,aneh banget sih padahal sinyal bagus tapi eror terus 😭
Suriani Ani,5,2025-09-30 05:47:00,gamenya bagus lumayan
Xioami Ponsel,5,2025-09-30 05:46:55,ff memang terbaik
Alfin febri,5,2025-09-30 05:46:02,bagus banget gem nya
putra,5,2025-09-30 05:45:21,menyenangkan
Anca Susilo,4,2025-09-30 05:43:27,sangat memuaskan
Uut,1,2025-09-30 05:42:51,karena banyak orang Eropa pada bulan 🌒🌙 aku tidak bisa berangkat sekolah dikarnakan bepergian ke luar negeri yang bisa di kembangkan oleh bangsa lain di luar ruangan orang yang bisa di kembangkan
Firman Lele,5,2025-09-30 05:39:16,ff sangat seru
FF Natara,3,2025-09-30 05:36:28,tingkatkan grafik dan perhalus gerakan agar realistis
su Marisy,5,2025-09-30 05:31:22,sangat seru tolong kirimin dm dong
Aku Ganteng,5,2025-09-30 05:29:44,aku mau DM 253.0000000
Nadia1234,5,2025-09-30 05:29:38,bahagia
Ujang abdul,5,2025-09-30 05:26:08,sangat Seru👍👍👍👍
૨u,4,2025-09-30 05:20:53,Efek lari fist evo hilang
Jar Jar,5,2025-09-30 05:19:40,"aplikas ini keren, bisa main epep dan nonton bok ep secara bersamaan."
Putra Wijaya,5,2025-09-30 05:11:18,ff ini sangt bagus jadi kan lah saya anak garena
Fft Gghu,5,2025-09-30 05:10:11,game ini sangat seru
Julio Tamalowor,5,2025-09-30 05:06:36,saya mau diamon 10000
Lord Ucup,1,2025-09-30 05:05:10,sekarang free fire ga bisa onmik tolong perbaiki
Tr Tqra,1,2025-09-30 05:02:26,pas main ff nya tiba2 keluar2 sendiri padahal jaringan bagus penyimpanan masih banyak emang game rusak bagusan yg dulu
Yy Uu,3,2025-09-30 05:01:40,download nya lama ayo senggel Garena
Lena Len,5,2025-09-30 04:56:56,keren
Adam Saputra Ad,5,2025-09-30 04:55:30,game ini sangat bagus karena aku main dari kecil
Ahmad Rafi,5,2025-09-30 04:53:51,thank
Maat Samsudin,4,2025-09-30 04:48:54,GAME NYA SERU BANGET DAN GRAPIKNYA LUMAYAN TAPI TOLONG PERBAIKIK SEDIKIT YA MIMIN KARENA WAKTU AKU MAIN SOSIAL GA BISA ON MIC JADI PERBAIKI LAGI YA MIN
Rosyita Rosyita,5,2025-09-30 04:43:38,mainan ff emang seru
RIDZZ Modesad,5,2025-09-30 04:42:15,mantap
Akbar Abdullah,5,2025-09-30 04:39:38,p maksud
Muhammad Afgan,3,2025-09-30 04:38:47,gacor
Peristiwa Mahyuni,5,2025-09-30 04:34:47,"Semangat ya bikin game nya, oh iya Collab selanjutnya one piece boleh gak😁?"
Saipul Ipul,5,2025-09-30 04:34:19,we need old peak
Sen Chia,5,2025-09-30 04:27:22,Saya dari player mlbb ingin menyampaikan bahwa player ff banyak yg pindah ke ml truss menjelmah menjadi drak sistem main pou aj sna
Rudi atna,1,2025-09-30 04:21:29,"tolong perbaiki lagi sistem jaringan nya,jaringan bagus kok di ff nya mlh sinyal merah,trs pas udah kalah,sengaja kalah udah jls jls sinyal nya di jelekin,fd kok makin burik,kecewa Bert,tolong lah perbaiki lagi sistem jaringan nya"
Nur Fadilah,5,2025-09-30 04:20:56,game ini seru tapi gue perna pata hati gara gara akun gue ke ban permanen padahal aku tidak pernah pake app terlarang
Gilbert Tamalonggehe,5,2025-09-30 04:20:46,moga-moga ff makin maju
isma gsky,5,2025-09-30 04:17:20,seru banget🥰🥰🥰😘😘
Ani Afni,5,2025-09-30 04:16:57,seru
Faojan Faojan,5,2025-09-30 04:02:51,malas ngetik
Aminudin,5,2025-09-30 03:56:57,enak main game ini
Steven Riski,5,2025-09-30 03:52:09,bagus hd dan mendunia
Azkia Maharani,5,2025-09-30 03:39:45,seruuu bgt
Cahaya Sinaga,5,2025-09-30 03:34:06,aku suka permainan ini
Ahmad Fais,5,2025-09-30 03:25:06,Ahmad faez
Stengah Satu,1,2025-09-30 03:20:11,"game buriq, Maen CS dapet temen AFK Nilai tetap kurang tolol"
Ust Tohir,1,2025-09-30 03:17:30,"selalu dapat tim yang sangat lemah dan rentan afk, sangat merugikan pemain. matchmaking yang tidak login dan tidak seimbang. tolong Garena di perbaiki"
rahmat rahmat,5,2025-09-30 03:16:56,saya sangat senang bermain epep walaupun nga ad temen hehe
Azam Bazil,5,2025-09-30 03:04:13,aku pen di pop up.pinama Mimi. garena
Firaz Walahi,2,2025-09-30 03:04:06,game butut masa 4G aja nge lag pasti kebnyakan update nih makanya jadi begini malas banget deh 4G aja nge lag pdahal aku make wifi kok ngelag banget sih?
Abdul Rojak,5,2025-09-30 02:52:48,syu ges gw bakal kembali ke game ini tapi ga sekarang
Yellikusrifayanti,5,2025-09-30 02:50:17,ini adalah game yang disukai para manusia semuanya nggak mungkin ada yang nggak suka free fire karena free fire ini sangatlah Bagus coy ketika FF ini dihapus pasti kita akan banyak yang berhenti memegang HP karena nggak ada lagi game kesukaan kita coy
ika Ik,4,2025-09-30 02:39:04,faisal
Tegar Apri,3,2025-09-30 02:38:18,sulit di mengerti
Dian Restu,5,2025-09-30 02:35:17,gua pengen
Parta,5,2025-09-30 02:22:46,baguuss seruu bngt
NugrahaSF,5,2025-09-30 02:18:59,well lah pokok na mah
Rohim abdul,5,2025-09-30 02:15:03,mantap
Agiee Xenzff,5,2025-09-30 02:08:07,sangat sangat mantap
Asmiaty Halim,5,2025-09-30 02:05:35,gamenya seruuu bagett
Nor diana syakila,5,2025-09-30 02:03:45,aplikasinya sngat menghibur
Midi,5,2025-09-30 02:01:28,ok
Sartini Tini,5,2025-09-30 01:59:13,lucu
Khairul Aceh,1,2025-09-30 01:36:59,tiba tiba ketendang sendiri pas lgi di game
Raja rimba gumpang,5,2025-09-30 01:33:10,keren
gengan labu nyaman gengan labu nyaman,5,2025-09-30 01:32:48,mantap
Surip Zidan,1,2025-09-30 01:23:28,"gamenya rusak banget tiba tiba gue teleport sendiri padahal sinyal gue baik baik aja lo,ini game rusak hp bamget hape temen gue sama gue retk semua gara gara game ini jadi minta dukunganya jangan main game ini hame ini game haram lebih baik main bs gamenya realistis ngak kaya ff hu game haram jadi saya kasih bintang 1 hi gue punya kata kata buat game ini. lebih baik nyawa 1 daripada sudah mati masih bisa hidup mana pake toko hu game rusak game jelek jaram🤢🤮🤧"
Raihan Bom bom,5,2025-09-30 00:57:22,game yang cukup bagus tapi sering ngelag padahal jaringan bagus buka aplikasi lain nya juga bisa tapi kalau aplikasinya free fire langsung ngelag sengaja kasih bintang 5 supaya di baca dan di perbarui
RENDI JI RENDI,5,2025-09-30 00:35:11,bagus tapi boleh lh fps nya di tambahin untuk hp kentang
Rahma Fatha Rani,5,2025-09-30 00:32:07,gem ini sangat seru
Aldi Aldi,5,2025-09-30 00:31:12,bagus saya suka
Christian Natanael,1,2025-09-30 00:21:30,gak ada pintu
Afriel Yani,5,2025-09-30 00:02:42,bagus epik
Muhammad Azzam,5,2025-09-30 00:00:06,mantap
M. J 0.88 Indonesia,1,2025-09-29 23:55:37,game banyak cit nya tidak layak di mainkan. jangan download game ini.
Mhmmad Rival,5,2025-09-29 23:31:21,asek
Yuni Azahh,5,2025-09-29 23:19:04,seru bangett
Yulianti Towile,1,2025-09-29 22:57:52,Game Burik 8 Bit 🤣
Muhammad Rezky,5,2025-09-29 22:53:06,seru bangettttt
Zhiandru Azwa,5,2025-09-29 22:38:11,game nya bagus grafik nya bisa di atur jadi yang hp kentang bisa main apa lagi yg yang dulu cocok buat hp kentang
RYT _ 10,2,2025-09-29 22:08:52,makin hari makin males main ff masak mau masuk Mach making aja nunggu 3 menit ini gamenya mulai down server apa memang game nya burik...padahal saya pakai wifi dan saya coba memakai data seluler masih aja gk bisa masuk pertandingan...lama lama game ini kayak sapah...mendingan main game sebelah..males lama lama kalo kayak gini terus susah masuk pertandingan ..estimasi 25 sampai 3 menit nunggu masuk ini apa game apa antri berobat di klinik lama banget..
Sah Roni,5,2025-09-29 21:46:58,kalo main gem jangan pake pulsa pake data
Ibnu Parit,1,2025-09-29 20:21:53,apasih game nya burik udah update malah mangkin rusak ni game
Parmin Parmin sah,5,2025-09-29 19:44:24,lebi bagus si
Ganz Tzy,5,2025-09-29 19:38:19,Ngok
Arya Arya,3,2025-09-29 19:10:00,aing. bewan musuh na te paeh paeh
AG3NG PANGESTU,5,2025-09-29 19:08:49,gg masih burik
Mhd Aji,5,2025-09-29 18:40:28,free fire proxy server
Iyan Jack,5,2025-09-29 18:28:44,terbaik mennn 👍👍🔴
Slow Bg do,5,2025-09-29 18:23:17,sayang ff
Mikhael Bani,5,2025-09-29 18:19:50,sangat baik
Aidil Putra,5,2025-09-29 18:00:10,bagus apalagi kalo fitur ban nya diperbaiki ke yang cheat saja
Yandres Ruimassa,5,2025-09-29 17:53:17,sagat bagus games ini
Fuji Anas Tasya,5,2025-09-29 17:37:18,favorit bangettt
Sry Lup Lup,1,2025-09-29 17:34:42,burik
Saidah Zha,5,2025-09-29 17:34:23,🥰🥰🥰
Kelvin 25,5,2025-09-29 17:15:36,saya pengen dm
Koler Aja,5,2025-09-29 17:06:16,mantappp dan makin seruhh
Khamed Med,4,2025-09-29 16:40:57,sangat suka
Hasbi,5,2025-09-29 16:19:24,sangat bagus
Miswanto,4,2025-09-29 16:10:46,𝑚𝑎𝑛𝑡𝑎𝑝
Jdjd Jdj,5,2025-09-29 15:48:36,bagus dong
Arip Arip,1,2025-09-29 15:37:39,we need old peak
Tommy Aditiya,1,2025-09-29 15:37:24,akun gua baju 723hilang Garena gimana gua pensi
Dilan Saja,5,2025-09-29 15:37:07,sangat menarik dan asik
AIDIL OPET,1,2025-09-29 15:24:16,ga main ff tapi kena reset HP ku aku donwload ff gua mau bin akun ku lalu kok gak bisa ga bin cok
Namira Sahida,4,2025-09-29 15:20:06,setiap main ff lag2 patah2 gtu dia padahal jaringan aman penyimpanan hp aman tp patah2 . tolong diperbaiki biar makin semangat mainnya🥰🥶🥶
Sri Rahayu,3,2025-09-29 15:09:18,ok
Adelina Bawiling,5,2025-09-29 15:08:01,seru bgt🤩🤩🤩
Selpi Selpi yani,5,2025-09-29 15:06:50,Selfi
Rofikoh trihapsari123,5,2025-09-29 15:01:35,bagussssssssssss bngttttt
Tri Suci,5,2025-09-29 14:56:37,🥰🥰🥰😊🐣
Farhan anak hebat Farhan anak hebat,2,2025-09-29 14:52:40,game bagus cuma kalo bisa habis update/seasonan musuhnya jangan terlalu susah ya Garena aku kalah terus banyak yang pake panel tolong Garena ya kalo enggak rank ku makin turun🙏🙏🙏
Naufal,5,2025-09-29 14:32:33,GEM nga bagus
Muhammad Ilham,2,2025-09-29 14:32:29,"ini bug ngelagnya mau sampai kapan ada terus?, saya main tidak bisa inii"
komang adi ane,5,2025-09-29 14:23:14,mantap
ian Gustian,1,2025-09-29 14:19:55,gem ga guna jaringan bagus tapi pas main di br malah 999.ini gem gak guna APUS aja ini gem jijik gua liat ya
Azza Yuhu,5,2025-09-29 14:14:27,Min kok setelah updet ini kok ga bisa di mainin kenapa ini Min bang kulgar ga bisa di mainin
TOP 1 YIN,5,2025-09-29 14:10:19,keren
Yheni Anakay,5,2025-09-29 14:10:04,bagus
Ihya Robby,5,2025-09-29 14:10:04,lebih seru
Devia Ananda,2,2025-09-29 14:09:36,sangat bagus sekali
Atha safari Adji,5,2025-09-29 14:04:21,sangat bagus
dimas DIMASS,2,2025-09-29 13:59:27,bg Garena knp akun ku di bl padahal main ku murni
M. Sakti Rauddahfahrullah,1,2025-09-29 13:56:28,"game hama, masih ada bug, musuh masih ada pake cheat, musuh tiba tiba tembus gloowal sama tembok, plisss deh perbaikan aja dulu itu capek sya maen nya ya 🙏🙏"
Ahnaf Hisyam,5,2025-09-29 13:51:26,bagus
Ragil AinulyaQin,5,2025-09-29 13:49:36,garena saya ingin dm 5000 dan koin 6000
Mulyawan Mulyawanmulyawan231,5,2025-09-29 13:47:26,baik
Aisyah Mecca,5,2025-09-29 13:40:38,ff max sangat bagus
sandy livi,1,2025-09-29 13:39:38,gema ini memang seru tapi kenapa panutan ku gk bisa main bagaimana lah garena masa bang budi harus pensi lagi kocak kali kaw garena
Super Happy,5,2025-09-29 13:36:12,open
Naura Aisyah,5,2025-09-29 13:35:47,bagus
Emma Rahmawati,5,2025-09-29 13:35:37,bagus banget bintang 5
Augustivo Mokoagouw,5,2025-09-29 13:32:57,game ini seru banget
Infinix Hot,5,2025-09-29 13:32:20,permainan yang sangat seru🔥😆
Sherly rahma,5,2025-09-29 13:29:54,semoga aku jadi elite cees
Wuuu Lan,1,2025-09-29 13:25:07,citer banyak perogram ga tokxik ga boeh on mic padahal temen yang toksxik citer ga di ben
Fattahrizq Ramadhan,5,2025-09-29 13:24:27,permainan yang seru membuat kita selalu ingin bermain freefire
Ningsih Nursiatun,5,2025-09-29 13:24:11,mantap
Ihsan nahar Ihsan,5,2025-09-29 13:22:44,Epp burik ahhhh tapi tetap burik
ikhsan ramdhani rasjid,5,2025-09-29 13:21:01,gak nglag game nya
ajmiel ruhiyat,5,2025-09-29 13:20:04,𝐞𝐧𝐚𝐤 𝐬𝐞𝐫𝐮 𝐛𝐚𝐧𝐠𝐞𝐭
Abid,5,2025-09-29 13:11:47,jarang main
Defanan karo sekali,1,2025-09-29 13:10:32,game burik makin lama makin ngbug sistem nya banyak orang chiter tapi ga di respon
Pak Edi,5,2025-09-29 13:06:14,5 Bintang🔥🔥🔥
Uwin Saja,4,2025-09-29 13:04:16,ff adalah permainan terbaik
Kang Bacot,1,2025-09-29 13:03:05,mau DM gratis
Bayu Oca,1,2025-09-29 12:59:59,game burik pas gua maen kok malah ngelag sendiri udah gak bisa on mic lagi
Evan Nopri,1,2025-09-29 12:57:45,"tolong perbaiki masalah sinyal nge-lag mi ini sangat mengganggu padahal kalo main game lain itu sinyalnya baik-baik aja, tapi pas main ff sinyalnya langsung ngeleh tolong perbaiki garena."
Samsung Batam,5,2025-09-29 12:55:39,game ini seru saya suka dan setiap saya masuk server tidak ada hacker dan bug👍
Alu Baim,5,2025-09-29 12:53:36,bagus sekali.
Siti Nurjanah,1,2025-09-29 12:52:10,Weyjrl13! 5 Do
Siti Anisa,5,2025-09-29 12:48:18,ya saya main ff dari 2021 sampai sekarang 2025 saya masih main
Muhammad Rizal,5,2025-09-29 12:44:00,game nya sangat bagus
Muhamad Sultan,1,2025-09-29 12:43:38,game buriq gak jelas akun gw gak di pakein cheat ke bl kocak😹 padahal gw cuma ketemu citer pas beywan malah akun gw yang di bl kocak kocak😹
Firda Hasanah,5,2025-09-29 12:40:23,gacor
ilham pratama,5,2025-09-29 12:36:14,mantap
Hafiza Fiza,1,2025-09-29 12:32:47,buejes puicek celeng
Holili Munifah,1,2025-09-29 12:32:22,GEM NI NAPA LAH KOK SERING ERROR PADAHAL JARINGAN GUA ENAK MAIN DI GEM SEBELAH TAPI SAAT MAIN FREE FIRE TIBA JARINGANNYA JADI MERAH TOLONG LAH GARENA SAYA MAU MAIN DENGAN TENANG DAN NYAMAN DAN BAHAGIA (TAPI KALO BAG NGELEK NYA DI FIKS) DAN JUGA YANG PAKE FEK LAG tolong di ban dah
Lingga Firnata,5,2025-09-29 12:31:19,Karena geam ini sangat seru pacak Mabar dan juga bisa cari pacar
KHAIRRUL ARIFIN 1111,1,2025-09-29 12:30:33,game anjeng tolol gua udah ngekil 5 malah mines game anjeng nggak usahlah game burik nggak ada pintu nggak usah di downlod
Pakde Boyboy,3,2025-09-29 12:30:25,"Selama ini,, baik baik saya, namun tolonglah jangan terlalu sering untuk menyuruh untuk meng uptade ,,karena banyak menguras cover kita ,dan akun lama dapat hilang, jika terlalu sering untuk meng uptade ny"
Mhd Ali,5,2025-09-29 12:29:37,ini bagus aku suka
bumi nata,1,2025-09-29 12:26:42,"lama' stres game, onmic kaga bisa ""suara gagal menyambung server, menyambung kembali"" udh sebulan lebih kaya begitu gajelas"
Riki Riki,1,2025-09-29 12:25:18,gw mau pensi epep karna akun gw kena BL dan untuk garena jangan nge BL akun orang sesuka hati gw kaga ngapa ngapain tiba² di BL apalah izin pamit ke ML
Gema Gum,5,2025-09-29 12:22:32,collab bareng karakter troublemaker dong🗿
Irvan raga,5,2025-09-29 12:20:54,seru tapi diperbaiki lagi lah
Dudung Sanusi,3,2025-09-29 12:20:17,bagus
Imelda,4,2025-09-29 12:17:44,"ff jangan sering "" update ya soal nya memori aku nya abis"
Dimas Daviansyah,1,2025-09-29 12:07:45,Game burik
Rinrin Anggraeni,5,2025-09-29 12:06:11,game ini seru dan bisa ngerifef tim kita jadi kita tinggal cari coin
Redi Redi,5,2025-09-29 12:03:36,FF SANGAT BAIK
Samuel Samderubun,5,2025-09-29 12:02:55,💯
Dip Ta,5,2025-09-29 12:00:20,min tolong perbaiki bug sinyal bagus tapi gak bisa lootting tolong di perbaiki min
Komang Trisna Widyantari,5,2025-09-29 11:50:36,asik banget main nya
al gaza,5,2025-09-29 11:45:46,game terseru
Kadek Lia,5,2025-09-29 11:44:31,game yang sangat bagus
kwkw Wkwk,2,2025-09-29 11:42:17,saya tau game bukan untuk selamanya tapi dengan mudahnya garena mengambil akun saya jadi mohon maaf saya memberikan sedikit ulasan untuk pemain berikutnya tetapi ini game seru cuma harus sedikit diperbaiki
Arya Prasetio,4,2025-09-29 11:37:55,good
Aska Askandy,5,2025-09-29 11:25:32,game ini memang bagus cmn mohon di perbaiki jangan ksih musuh yg susah padahal saya msh gold 2 tpi musuh nya susah susah
siskaaulia 18,5,2025-09-29 11:22:48,YAREUUU SERUUU
adzhar fathir,5,2025-09-29 11:22:20,bagusss tapi pakek jaringan
St.Salsabila Dinda,5,2025-09-29 11:17:18,intinya seru!
Dasimin,5,2025-09-29 11:16:46,bagus
Curut ananana,1,2025-09-29 11:16:19,game gak jelas banyak bug gua udh 1 harian suara game ni hilang
Ananda Ilham,5,2025-09-29 11:15:21,tolong ya developer itu animasi spesial airdrop itu gak guna banget aseli
Hansen,1,2025-09-29 11:14:25,pas saya main lone wolf headshot saya udah headshot tapi gak mati diperbaiki ya
Sri Tutik,5,2025-09-29 11:13:50,game nya saya suka tapi di hilangkan chiter
Khusnul Khotimah,5,2025-09-29 11:09:39,game ini sangatlah seru tetapi aku ingin 1000 diamond boleh ga
Adam Yoga,1,2025-09-29 11:01:13,GAME APA NI AJG?!! DAMAGE 750 GA MATI!!!
Alvaro mullet,5,2025-09-29 10:53:14,game burik tapi saya suka saya sering marah marah karna kalah main game
Khusus Freefire,5,2025-09-29 10:50:36,nya kitu weu teu alus teuing dm gratis atuh
Farida F,5,2025-09-29 10:49:37,FF adalah permainan yang terbaik Q
Hafish Hafuza,5,2025-09-29 10:45:06,game ini sngat seru
Piter Sermatan,1,2025-09-29 10:44:08,game kontil game buruk masa akun saya di ban tanpa melakukan kesalahan apapun. cheat dan skrip ilegal tidak saya gunakan tapi kenapa akun saya harus di ban
khoirul azm,4,2025-09-29 10:43:21,gamenya seru dan bagus tetapi malesnya kalo ketemu tim beban🗿
Ditz・cs,4,2025-09-29 10:32:49,baguss sii bagusss tapiii sering bug dan sering ngelag apalagi bug mic tuh gajee bangett sering marah² klo toosond🗿
Albi Ardian,5,2025-09-29 10:30:56,bagus mantap
Sandy Sanzx,5,2025-09-29 10:27:27,bagus🫵🏻👍🏻
dwiki darmawan,1,2025-09-29 10:26:32,ingin main
Towi Jaya,5,2025-09-29 10:25:58,kasih dm min
Fajar Adinata,5,2025-09-29 10:25:07,bagus
Andika Saputra,2,2025-09-29 10:24:26,terlalu banyak mb nya
Iin Inayah,5,2025-09-29 10:22:52,fifa. fire. max. x. N. beri. rating. aplikasi. ini
Umbu Parowa,5,2025-09-29 10:15:59,aplikasi nya mantap👍👍
Fatih Ahmat,5,2025-09-29 10:14:41,game ini sangat bagus
27_ Raka Aditya saputra,5,2025-09-29 10:13:16,saya sudah cukup lama main free fire max ini menurut aku lumayan bagus terus sekarang updatenya Naruto lagi itu yang paling saya suka 😉👍☺️
Arham Fauzi,2,2025-09-29 10:08:23,kok Gmail udah bisa main lama-lama jadi ngelag jadinya kalau yang kalau membutuhkan sumber daya kok nggak bisa dipencet malah ditunggu ditunggu lagi malah rusak tunggu dipencet nggak bisa
Hendri Surliana,5,2025-09-29 10:05:13,gem ini sangat menyenangkan
farisabdul13,5,2025-09-29 09:51:48,semangat kelly
Ade saputra Ade saputra,5,2025-09-29 09:49:09,suka
grace Nabunome,1,2025-09-29 09:45:57,"najis, gw lagi push rank malah reconnect kan on ol, yang ada honor score gw yang turun on ol"
Muhammad Abriansyah,5,2025-09-29 09:44:27,mantap
Bima abdi Ramadhan,1,2025-09-29 09:43:21,game gajelas main murni malah kena bl
Teguh Hans28,2,2025-09-29 09:40:36,"tolong bagusin sinyal nya,terlalu ngelaq,padahal jaringan gua bagus-bagus aja,gua kasih bintang2."
Lusiana nurani,4,2025-09-29 09:36:09,ini sangat seru tapi aku tidak boleh top up
Riki Neta,5,2025-09-29 09:31:36,frifayer yang terbaik dan yang terkeren di dunia
Susi Lawati,5,2025-09-29 09:30:32,bocil game harus coba game ini seru banget
Syandana,3,2025-09-29 09:28:47,"game bagus tapi banyak dark sistem. setiap saya repot,saya -1 honor score"
Sarinah Inah,5,2025-09-29 09:28:45,mainan ini sangat seru dan menyenagkan
Ade Rizky,4,2025-09-29 09:27:06,Itachi kok pake pistol😹😹
Novita Sari,5,2025-09-29 09:25:29,mantap
Bintang 13,5,2025-09-29 09:24:41,"game yang sangat bagus, tapi mohon, event gratisan nya yang banyak ya"
Jean Nussy,5,2025-09-29 09:24:16,seruu tak terduga. namun masih berap peak old kembali lagi dengan tema rumah bolong
Fstron Fstron,5,2025-09-29 09:24:11,bagus game ya sangat di rekomendasikan untuk yang suka game perang tapi bagi atuh DM min
Bilqis Bilqis,5,2025-09-29 09:20:25,gamenya sangat seru
Kalvin Riandi,5,2025-09-29 09:14:23,bagus meski banyak betul data yang harus di unduh biyar bisa liat semua sekinnya di dalam gem
Adelya Rdz,5,2025-09-29 09:13:46,seru
Naufal Alfio,5,2025-09-29 09:06:31,seru
Andre motor Daffa,1,2025-09-29 09:04:32,game burik 8 bit 🤣 pas main kok keluar sendiri salah Garena nya jaringan dah bagus malah nyalahin aku emang 8 bit 🤣 gausah download game ini guys burik
Coen Pesirahu,5,2025-09-29 09:00:37,bagus banget
Mujahid Yusuf,5,2025-09-29 08:58:46,sangat bagus gamenya
efraldo 1994,1,2025-09-29 08:56:15,"toko prime eventnya gk jelas2, banyak bug jga ni game sama chitter"
Yan Louw,5,2025-09-29 08:52:44,Yan syg eta
Bacot,5,2025-09-29 08:50:15,mantappp
Gibran Imran,1,2025-09-29 08:47:37,game rusak admin baperan
Ahdan fahresa27,4,2025-09-29 08:43:54,mantap game nya ʘ‿ʘ
Rato Karlos,5,2025-09-29 08:40:53,mantap
kakay Putri Restiani,5,2025-09-29 08:38:40,madev
Ilman Khaliqi,1,2025-09-29 08:36:55,"banyak bug, bug on. mik masih ga bisa cuma gara² kartu Smartfren, bug damage dari dulu sampe sekarang masih aja ada ga di hapus², perbaiki lahhh, lama2 kalo kaya gini terus banyak yg pensi lohhh anjirrr"
Hafizd Rifqi,5,2025-09-29 08:34:51,Game seru
Eliaapriyanus Kartheowijoyo,5,2025-09-29 08:30:18,sangat bagus dan keren
Asrul 610,5,2025-09-29 08:27:34,game kontrol
Idris Ramdani211,5,2025-09-29 08:25:29,sangat seru
Nuar Ahmat Hidayat Idayat,5,2025-09-29 08:20:12,.dncokkkk asuuu
Ita Ita,5,2025-09-29 08:16:34,JUAN 081 135. 831. 116
Wira Adi,4,2025-09-29 08:04:47,GM PLEASE TOLONG DIBANTU FF SAYA AD TULISAN GAGAL meng ekspor corrupt file itu apa masalahnya min🙂 tolong min penyimpanan oke oke ja data oke oke aj tolong mind kalok udh di perbaiki kukasih bintang 5😭
Abu Tausi,5,2025-09-29 08:01:27,sayamintak deem namaakun naurenasara gakpakai jarak hurup kecil semua
nur ril,3,2025-09-29 07:56:57,ya cukup bagus si tapi kalok dimainkan leg padahal sinyal nya bagus loh tolong di perbaiki sekian terima gaji jadi gw kasih bintang 3
Amel Zahro,5,2025-09-29 07:51:05,bug diwifinya jadi harus login ulang mulu udah intinya bug diwifi terus kalau loading lama apalagi yang server 3 tinggal masuk keloby gagal mulu cape ^_^ kena afk mulu karena sengaja kalah pas main CS padahal wifiku ngelag kalau mau normal gitu lama wifinya dah warna putih tapi kalau nembak musuh ga kena kayak wifi pas ngelag kalau mau normal lagi harus login ulang yang paling kesel ya pas server 3 apa lagi pas loading gagal sampai berapa kali.ku kasih bintang 5 walaupun banyak bug.perbaiki ya^_
sukmawati cantik,1,2025-09-29 07:47:57,game nya burik
Azmin,5,2025-09-29 07:40:06,game tinggal drag aja headshot TPI masih banyak yg pke panel/aim lock
Raska Isra,5,2025-09-29 07:37:06,game ff ini sangat bagus grafiknya selama aku main br dan cs sangat seru tapi tolong perbaiki biar gak ngelek
Ipin ayu Viranto Yeni,5,2025-09-29 07:35:17,terbayang
Sabri Bro,5,2025-09-29 07:32:48,keren
yeni niswanty,5,2025-09-29 07:32:48,aku suka banget karna bisa mabar
Ciko Miko009,5,2025-09-29 07:32:36,bagus
Aliff Cangkleng,5,2025-09-29 07:29:57,game nya bagus dan ada naga AK 2jt sama shotgun black hole SG 2jt bisa main bareng temen GG
Aisyah Ayu,5,2025-09-29 07:28:08,sangat bagusss
WONG TULUS,5,2025-09-29 07:28:06,bagus banget. aku dari dulu gak nyadar di tiang listirk ada gambar anak kecil di bawah tiang kan ada batu kotak disitu gambarnya serem.
Asep Sobandi,5,2025-09-29 07:26:42,rame
Nur hadi Aksan,5,2025-09-29 07:19:45,1000000 daimen
dedek prakocak,1,2025-09-29 07:14:45,game tololll
Saiful Jamil,1,2025-09-29 07:02:02,tidak seru
Afef Gmc,1,2025-09-29 06:59:32,bagus
Rehan Hasibuan,5,2025-09-29 06:58:21,Bg raihan Iqbal maulana hasibuan
Ismai Mail,5,2025-09-29 06:54:06,ok
Desi Anastia,5,2025-09-29 06:53:40,ini gem isi nya bocil epep😎😎😎😝 seru bang Cok
Wahyu Nova saputra,5,2025-09-29 06:53:12,Game nya OP BANGET
Jeni Wulandari,1,2025-09-29 06:52:39,gua kasih bintang satu karena akun gua ilang terus balikin woi akun ff gua udh rawat dari nol ilang malahan tambah males gua main ff game burik
Aditya Farhan Nugraha,1,2025-09-29 06:50:20,Game burikkkkkkkk
Jihan Talita ulfah,5,2025-09-29 06:44:26,"aplikasi ini sangat keren, tapi min tempat top up nya dimana🗿"
Anto Anto,5,2025-09-29 06:41:49,gak tau tapi seru
Ul U'ul,5,2025-09-29 06:37:59,karna game ini sngt baik
Skibidi Dop dop,1,2025-09-29 06:36:15,KOE KONTOL NGERTI PO RA BY ONE ASU GAME GOBLOK TAI LA
Leo Wandira,5,2025-09-29 06:36:08,bismillahirrahmanirrahim akun sultan
ROPIK,5,2025-09-29 06:32:35,seru
Gatot Mempone,1,2025-09-29 06:27:23,jaringan nya kaya tai laso
Eky Putra,1,2025-09-29 06:25:30,gajelas ngebalklist yang murni lol banget saran buat yang mau downlod game ini lebih baik main mobile legend
Desrimutia,3,2025-09-29 06:24:43,bagus banget game nya udah map nya bagus banget banyak bandel dan senjata nya juga bagus2
Galuh Cahyadi,5,2025-09-29 06:21:54,ff selamanya
Ina Rodiah,5,2025-09-29 06:19:05,bagus banget sumpah
Made Suardana,1,2025-09-29 06:18:12,di bl tampa sebap
rizky bw,5,2025-09-29 06:10:51,Bagus.... singkat padat dan jelas
Iccang Jhi,2,2025-09-29 06:07:56,gak bisa Mabar gak bisa rank padahal honor SCOR penuh gua udah uninstall dan download kembali tapi tetap nggak bisa lalu gua pake akun lain nggak bisa juga mohon di baca dan di perbaiki
Dian Mardiana,5,2025-09-29 06:04:47,baik
Bowo,3,2025-09-29 06:04:08,KARNA ADA YANG AFK BAGI DM
Eko darus Putra Wijaya,1,2025-09-29 06:00:59,skill yang buruk seperti ryden karna stun dan banyak yang kesal sama karakter skill yang satu ini😡😡
Irna Yanti,5,2025-09-29 05:59:26,mantap game nya seru tapi kalo lagi bewwan suka ngelag
Dil,5,2025-09-29 05:53:21,min akun ku kembalikan
RARA RISKI,5,2025-09-29 05:52:00,😍😍😍
Nasihul Ibad,1,2025-09-29 05:51:53,game kikir burik gampang ngelag p
Yosafat Opang,5,2025-09-29 05:49:04,bagus tapi banyak bug nya
Antenk Freedom,5,2025-09-29 05:44:40,anjai alokk
Bang maysarhulu Bang maysarhulu,5,2025-09-29 05:38:00,ff sangat baik dan jika saya minta bantu maka pihak ff menolong
Astri Melilov,5,2025-09-29 05:37:19,bagusss
Iveco 01,5,2025-09-29 05:36:20,karena bagus
Triyadi Kusuma,5,2025-09-29 05:36:00,karena free fire max sangat bagus dan menarik game nya
Muhammad “Zaydan” Zaidan,2,2025-09-29 05:34:16,"game nya terlalu buruk,, sering patah"" dan ngelek tiba"" jika jumpa musuh padahal jaringan bagus, menyebabkan kalah dan musuh yg sudah kena tembak demek terlalu kecil,, cukup buruk free fare dimainkan"
Hanny juventini Prok,1,2025-09-29 05:33:33,pendo
Ika Brownies,1,2025-09-29 05:30:39,Game ff itu membuat gua darah tinggi game burik dasar
Infinix Rawa Duta,5,2025-09-29 05:30:29,tolong akun saya ke bl
Harman,5,2025-09-29 05:30:20,mantap
Yunos Aja,5,2025-09-29 05:18:19,game ini sangat bagus Tampa iklan dan bebas virus aku suka banget 😘🥰
fitnata 16,5,2025-09-29 05:14:47,gemku dari2021 sampai 2025 makasi ff 🥰
Khirzull Fahmiakbar3_45,5,2025-09-29 05:12:24,gem sangat asik
Muhammad ilyan,5,2025-09-29 05:11:43,game burik 8 bit gada pintu
Apri Lia,5,2025-09-29 04:58:47,game berat
Vivo Mlw,5,2025-09-29 04:51:02,free firee bagus
Aziza Humaira,5,2025-09-29 04:47:49,cocok untuk saya
Fhatan 2025,5,2025-09-29 04:44:30,game nya seru
Yohanes,1,2025-09-29 04:28:55,"aku g make apa apa sejenis file atau cheat gitu tapi di reprt org dapat surat dari garena atau feedback bahwasan nya aku malakukan kecurangan, udh 3x ganti aku semua sama aja, kek mana ini garena ga tenang saya main karna tuduhan cheat itu"
Dhea Permata,5,2025-09-29 04:26:48,👍
Sri Rahayu,5,2025-09-29 04:09:22,coba Garena kasi diamon secara gratis
Ani Mamah nya aryil,1,2025-09-29 04:06:12,gem tidak bagus orang ngomong kasar bug geme aim nya sakit ga yang dulu ff es kepal nya cuma dua di batau mohon garena ben yang ngomong kasar dan hilanin bug nya
Windi Mershita,5,2025-09-29 04:00:53,seruuu pakee bangettttt mainnnnyaa gak bakalan ku hapuss sii iniii fixxx jadii game favv kuuuu
Nila Wati,5,2025-09-29 03:58:49,seru banget loh sampai aku tidur aja udah ga sabar bangun buat main ff
Rantika Indra Jaya,5,2025-09-29 03:56:46,sangat bgus aku main dari tahun 2018
Iis Marlina,5,2025-09-29 03:46:57,permainan free fire ini sangat seru cocok bgt untuk yg lagi bosen main ini terus nanti ada musuh bukan nya bosen jadi panik karna takut sama musuh jadi kalo aku main free fire aku suka dan aku ketagihan bgt itu dari saya makasih muahh
Reihan Ramadhan,1,2025-09-29 03:45:08,Urusin dlu tu bug ny jangan ngasih even trus tapi masalah GK di urus
Jonik,5,2025-09-29 03:35:02,sangat bagus
Abdi Musyafa,4,2025-09-29 03:32:14,sangat bagus
Garena Baik,5,2025-09-29 03:27:02,ini gema bagus dan tapi ga ada item item yang di geratissin
Dapur Kuring Bandung DKBcatering,5,2025-09-29 03:24:21,bagussss
titin madusari,5,2025-09-29 03:23:19,karna sru banget
MOH JALIL JALIL,5,2025-09-29 03:22:41,jLil
Moh Hardi,4,2025-09-29 03:13:15,Makasih ya udah buat aku senang ff max
Vindo gana,5,2025-09-29 03:09:56,enak dimana kan 😘
Epickmoment Ygy,1,2025-09-29 03:06:19,"tolong perbaiki bug nya, seperti event yang tiba tiba hilang,dan suara yang tidak ada saat main di game"
Reybi Ybi,5,2025-09-29 03:02:21,bagus
Tety Arisa,5,2025-09-29 02:53:38,gaim nya seru Garena gak boong ko cuma kecewa gak pernah dapet diamon
Ciko Ciko,5,2025-09-29 02:42:38,gpp cuma bagus aja
M mutammimul Ubaid,5,2025-09-29 02:39:15,mantap
Dimas,2,2025-09-29 02:32:50,sinyal naik
Mr Boy,5,2025-09-29 02:24:50,™✓✓[[[™[. mm
kamu nanya?,5,2025-09-29 02:10:31,sangat seru dan bagus
Rizky Alif Rafadinta,1,2025-09-29 02:05:50,lawan tidak sesuai dengan tim
Noufal Aprindo,5,2025-09-29 02:03:40,bagus kalian gem ya tapi yg donggg hek aku kau donggg tong baca y terimakasih 🙏🙏
akun log,5,2025-09-29 02:02:36,bagus banget
Maria hotmauli tobing,5,2025-09-29 01:57:12,Garena gua habis ketemu citer di cs gua riport malah gua yang dibilang sama sistem sengaja kalah tolong jelasin
Jagoan Neon,5,2025-09-29 01:54:50,saya ingin bandle yang bagus tapi tidak punya diamond
Gibran Lionil z,5,2025-09-29 01:50:53,game nya sangat bagus saya suka
Qwerty,5,2025-09-29 01:32:35,sangat seru lumayan buat ngisi waktu luang
Zulianti jul22,5,2025-09-29 01:32:21,biar bintang yg menjelaskan
Rizal Lesmana,1,2025-09-29 01:22:28,BUG ONMIC BENERIN WOIII🤬🤬🤬
boban jawir,1,2025-09-29 01:22:21,woi Garena akun gua mana kocak gua gak pake chit kok bisa ke ben permanen sih wahh kacaw sihh ini mahh!!!!
Tiannn Anton,5,2025-09-29 01:17:42,Fire fire Max
Iyo Ebeull,1,2025-09-29 00:54:28,game ini sangat buruk tidak memberikan diamond secara gratis padahal kan cuman permainan dan juga loby nya cuman ada satu sangat jelek beda dengan mlbb game yang sangat bagus
Muhammad Fikri,1,2025-09-29 00:49:26,"yang gue masalahin dari awal game free fire ini rilis cuma gloo wal nya aja sih,, coba hapus gloo wal dalam game ini,biar nuansa game fps nya agak brasa dikit,,"
Misno,5,2025-09-29 00:49:16,aku baru buat akun udah prime 8 level 100 dan aku baru main battle Royal auto headshoot padahal aku gak pakek cheat
Wong ireng Jembutan,5,2025-09-29 00:45:15,itu yang ngeluh bermasalah lag atau mikrofon nya coba ganti hape yg lebih bagus deh
Sandi Sandi,5,2025-09-29 00:27:14,sangat senang
Imam MahdiRamadhan,5,2025-09-29 00:25:56,aku cinta ff
Hudriah Paruasih,5,2025-09-29 00:20:51,sumua harus donlod 🤩🤩🤩
Sembara Sembara,5,2025-09-29 00:12:51,kerennnnn
Sandi Sandi ejee,5,2025-09-29 00:08:01,games nya bagus seru
Apeng Ya kna,1,2025-09-29 00:02:05,banyak bug ngent
Holilur Rohman,5,2025-09-28 23:57:12,game nya bagus kuranggak ada pintu
Al Ghozali,5,2025-09-28 23:29:19,SAYA SUKA GAME PERANG DAN SAYA COBA MAIN SAYA DAPAT SKIN GRATIS YANG KEREN DAN LUCU👍
Ja'fartsani0132 Farr13,1,2025-09-28 23:28:15,Akun serimg kena banet
Eka Firmansyah,5,2025-09-28 23:21:11,suka banget
Khaira Varisha,5,2025-09-28 23:19:48,Bagus
Joko Sutisno,5,2025-09-28 23:11:38,mantep
Khafil Numan Rifa'i,5,2025-09-28 22:09:03,Game ini saya sangat suka
Ros Mani,5,2025-09-28 21:34:18,kembali lagi untuk main hehe😀
Hafla,5,2025-09-28 21:11:35,min kapan colab anime lagi 😁😁
Ghiyan Fadhil Syabana,5,2025-09-28 21:04:51,bagus
Herry Kurniawan,3,2025-09-28 19:34:43,"selain sinyal kurang bagus, microphone dalam game juga sering bug tidak bisa dinyalakan hanya ada tulisan sedang menghubungkan, meski ditunggu lama tetap saja tidak normal kembali. tolong di fiks."
aban Pratama,5,2025-09-28 19:09:13,ok
dendi saputra,5,2025-09-28 18:19:33,the best
•Jad_ Ijad•,5,2025-09-28 18:16:07,baik
Soni Waibangga,5,2025-09-28 18:07:56,sangat baik
Risqi Aprillian,1,2025-09-28 17:20:55,byk bug
Andre,1,2025-09-28 17:15:55,"game sii bagus,, tapi sinyalnya eror eror"
Hus Ni,5,2025-09-28 16:47:15,Untuk membuat
Muhammad Dzaky,5,2025-09-28 16:42:42,aku suka banget sama geme ini kerana banyak EVENT yang bagus
Ayska Salsha,5,2025-09-28 16:30:53,˙ . ꒷ 🍙 . 𖦹˙— 🐈‍⬛
Randi Setiawan01,1,2025-09-28 16:29:43,game rusak
Pundng Idayat,5,2025-09-28 16:08:50,👍🏻👍🏻
muhammad iqbal,2,2025-09-28 16:01:36,"chiter meresahhhkan baget bg, tolong di perbaiki lgi dong"
Ininisaa_,1,2025-09-28 15:58:58,game nya bagus bngt seru apalagi bisa mabar sama tmen pokonya seru deh cocok buat cewe atau cowo juga
Ardian Saputra,5,2025-09-28 15:30:30,jos
Ratnasari Sari,5,2025-09-28 15:18:53,gemnya bagus banget sama gerapiknya
zandhyzm zandhy,5,2025-09-28 15:14:47,baik
Alvaro Kevin,5,2025-09-28 15:05:58,bagus banget seru apa lagi bareng pacar
Halim Mdp,5,2025-09-28 15:04:15,bagus
Tik Zxyy,5,2025-09-28 14:58:54,senang
Dede Salim,5,2025-09-28 14:51:42,game nya seru
Seeinzzz,1,2025-09-28 14:42:45,semakin kesini makin GK jelas ni game
Febby Nindy,1,2025-09-28 14:28:23,bug mic lah betulin
Zaman Putra,5,2025-09-28 14:27:39,bg putra
Alfat Holopi,1,2025-09-28 14:25:04,we need old peak
Ardi Ansyah,1,2025-09-28 14:24:01,kapan pulgatorinya
Altap Ganteng,5,2025-09-28 14:22:34,mantap buat isian TPI jngn kecil kecil map nya dong
Eryan Gusman,1,2025-09-28 14:21:37,game banyak bug benerin lol
Kue,5,2025-09-28 14:21:21,Game nya seru
Batik Aja,5,2025-09-28 14:17:30,petir FF Bagus sekali co saking bagusnya aku juga punya bandel setan
Ridwan Ridu,5,2025-09-28 14:10:56,game bagus
Ramadan Loren,5,2025-09-28 14:09:36,game ini bagus tapi kalo ga Mabar sama temen bosenin. saran update seterusnya bikin semenarik mungkin biar ga bikin bosen pemain pemain ny dan perbaiki bug ny
Fahri Muhammad Al fahri,1,2025-09-28 14:09:29,"alasan saya memberikan bintang 1 karena setiap kali saya main sering time out, jaringan 999+ lah, pdhl 4G loh!!! Tolong dong pihak Garena di perbagus lagi sistemnya, yg terutama jaringan, 4G full balok malah time out/999+, sering banget terjadi kalau lagi war"
Winston Lowie,5,2025-09-28 14:03:56,sangat enak di main
Ahmad Laili,5,2025-09-28 14:03:32,saya senang sekali main gem ini
Adi Santung,5,2025-09-28 13:59:57,bagus sekali
Romz Isoo ae,5,2025-09-28 13:56:47,bang gip alok bang
ALF RANZZ,5,2025-09-28 13:56:15,ACUMALAKA
Pipinsalpainsah king,5,2025-09-28 13:54:57,game ini sangat bagussss
Abdul azka,1,2025-09-28 13:48:21,min kenapa ga bisa masuk pake akun google sama 1 lagi kenapa ga bisa masuk di lobby
Fabrian Yanis,1,2025-09-28 13:44:50,seru
Fhy Pamo,5,2025-09-28 13:44:03,free firee the best
Salfa Fitri,5,2025-09-28 13:42:57,sangat seru sekali permainan ini
Widya Antika,2,2025-09-28 13:41:12,gem bagus tapi minimal ada SG dua riper gratis
Dzaky Ananda,5,2025-09-28 13:40:57,bagusssss
AlfinKC,3,2025-09-28 13:40:44,seru sih tapi abis byone kadang jaringannya ngelag padahal jaringannya bagus.
rigo rigo,5,2025-09-28 13:40:14,ff burik ga ada pintu ama kaca
Aan devita,1,2025-09-28 13:35:14,"Game nya benerin napa sih, jaringan bagus masa jadi jelek banyak bug, masa suka tiba tiba keluar kan gak jelas, anj*ng"
Silvasilva Iva,5,2025-09-28 13:32:52,baGussssssssss🥰🥰🥰🗿
Naufal abid Aufa,5,2025-09-28 13:32:31,bagus
Rizky Balap,1,2025-09-28 13:29:58,game Burik 2 d😂😂
Tatang Muchtar,1,2025-09-28 13:25:56,ini game kaya nge nge mendingan roblox
Abdul Aziz,5,2025-09-28 13:21:48,mecyamakig yah lama ajir gimana nih Garena udah APUS donlod lagih gimana nih Garena
Azzam 21,4,2025-09-28 13:20:26,ini sangat bagus cuman ada ajah ini MB atau GB nya banyak banget dari pada free fire
Game K2,1,2025-09-28 13:14:21,Hee bocil epep yg suka ngeluh leg leg itu sinyal nya di cek dulu kalo msh leg itu hp lu ga kuat main epep MAXXXXXXX
sulis tia nurlaila,5,2025-09-28 13:13:57,rameee
Iis Ismayanti,5,2025-09-28 13:11:50,bagus aku suka bangetttt😊😊😊😊😊😊😊
Syafiq,5,2025-09-28 13:07:04,keren
FIKRI RAMADAN,1,2025-09-28 13:06:40,panutan ku pensi Budi tolong perbaikin dulu gem nya kecewa banget
Mia Sumiaty,5,2025-09-28 13:05:45,ff max nya seru banget aim jadi nampel parah
Rasman kamprett Rasman kampret,5,2025-09-28 13:04:24,rasman
Sandi Susandi,5,2025-09-28 13:03:45,hebat
Nimah Rihana,5,2025-09-28 13:02:49,yang lain ya garena jangan ini ini terus jadi bosan bikin game kayak gini juga ya
Aliffiandra Maulana,1,2025-09-28 13:00:40,LO APAIN BANG BUDI WOYY❗❗❗
Landos berutu,5,2025-09-28 12:55:27,game ini sangat enak dimainkan
memed jojo,5,2025-09-28 12:55:04,bismilah lancar dan tidak negelek padahal caringan bagus tapi nengelek udh demi ff sampai hapus aplikasi
Nia Rasnawati,4,2025-09-28 12:55:01,maaf soalnya saya main udah bintang 61 ko nurunya 2 bintang ya 🙏
Aditya Saja,2,2025-09-28 12:54:57,game burik banyak bug damage nya dan banyak delay nya
Vredi Alex,5,2025-09-28 12:45:36,Jegé- sm dia pergi dari genus Onthophagus dan➕ kingdom yt udah ga t a good👍👍 day and I you want to be a great day yesterday but it's not just got back from me to be on your own place
Izza Cute,5,2025-09-28 12:41:31,permainan nya yang pasti seru dong
Rastian Tianst,2,2025-09-28 12:41:29,bagus main nya
Akun konsumen,5,2025-09-28 12:39:33,keren
Darsoliant umbu Nahoe,5,2025-09-28 12:39:16,gem yg menghiburkan
M. QAMARUL ARIFIN,4,2025-09-28 12:39:12,baperan ff
Panjivenom black,5,2025-09-28 12:38:02,aku suka main ff aku suka nembak nembak hahahahahaha
Ilham Saputra,5,2025-09-28 12:37:29,udah pernah main dari 2020 sejauh ini aman ajaa
Irfan Maulana,5,2025-09-28 12:34:08,"assalamualaikum warahmatullahi wabarakatuh, salam toleransi🙏🙏"
Mimi Wang,2,2025-09-28 12:33:40,masa aku udah beli sepesial aidrop tapi dimon sama hadiah nya ngga ada sama duitnya juga ilang
Bun Bun,4,2025-09-28 12:31:37,game ini seru
Nengah Adi,5,2025-09-28 12:21:11,"game nya sih bagus tapi banyak bug nya contohnya bug demage,bug tembus glowall dan dll, dan juga mohon akun saya yang hilang dikembalikan soalnya akun itu banyak kenangan, sekian terimakasih. oooh iya tolong akun saya yang ETER_UTA dikembalikan segera please terimakasih garena"
Khairy Jibrael Alif,5,2025-09-28 12:19:19,game favorit 😎🙁🙁
Hoshino Takanashi,1,2025-09-28 12:18:58,bangke akun gw di ban Garena gara gara jarang on+di riset
Aldi setia,1,2025-09-28 12:13:49,garena gak adil cuman player sultan yang dikasih senjata atau bandle gratis dan aku tadi main sudah kil 1 tapi masih turunnnn
Rasya alfahrul Zidan,5,2025-09-28 12:11:45,game ini sangat bagus walau akun saya ke bl tapi ini game sangat seru
ALFARIL ILHAM,5,2025-09-28 12:05:51,burikk
Anisah nisbah,5,2025-09-28 11:57:09,agak burik dikit suka ngelag padahal wifi masih bagus sinyal nya kalau main br cs ngelag turun honor scornya tapi kasih bintang lima aja
Kelvin Andries,1,2025-09-28 11:56:50,"game ff buriq sinyal bagus, tagi ngeleg terus, dasar mimin garena😠😠😠😠"
Diky Boy,5,2025-09-28 11:54:23,Man oke baik
awal ganteng wall,5,2025-09-28 11:53:46,game nya gacor 😍
Putu Candra,5,2025-09-28 11:49:07,ff bagus
Givano,4,2025-09-28 11:47:22,rame game na
Yan Putra ndun,1,2025-09-28 11:44:36,we. need. old. peak
i see,3,2025-09-28 11:43:32,"7 tahun saya main game ini , namun makin ke sini makin nga bener pembagian tim random nya. singal bagus pas in game kuning , demage ke musuh pun kadang nga masuk ."
Safira Aira,3,2025-09-28 11:34:31,ntah
Ajha Asep,1,2025-09-28 11:30:11,perbaiki jaringan gemes mu Garena setan..
Muhamadilyas Tea,1,2025-09-28 11:25:12,game apaan dah ini enggak ada pintu nya kan kalau ada musuh bisa tutup pake pintu ini enggak ada pintu nya tolong kasih pintu supaya menarik
Marta Kasi,5,2025-09-28 11:22:41,keren
Jarr Fajar,5,2025-09-28 11:12:10,bagus tapi tak ada ifen dm gratiss
Endang Cole,5,2025-09-28 11:00:34,ok
fornianty Minas,5,2025-09-28 10:59:18,enak main nya seru ahay😄😄😄🤣🤣
Dyah nurani,5,2025-09-28 10:57:20,game nya sangat bagus
Nuril Haj Mukarram,3,2025-09-28 10:56:01,"halo bang garena, saya kasih rating 3 dulu ya bang, karena free fire saya tidak bisa dimainkan karena error bang, ga bisa dimasukin sama sekali bang, mohon diperbaiki ya bang"
Dedy Hidayat,1,2025-09-28 10:53:06,"saran si jng maen ff soalnya ff baperan, bng budi gk bisa maen di gem buriq,padahal salah satu yg ramein gem ff bng budi01 skip di gem di maen ni"
Ronaldi Hamzah,5,2025-09-28 10:52:09,sangat bagus
La ngg,5,2025-09-28 10:51:54,mantam poll
Julio Pandika,1,2025-09-28 10:44:31,game susah jaringan
Weiwei,3,2025-09-28 10:43:43,boyahhhhh
Dedy Slamet,5,2025-09-28 10:43:16,game nya bagus
Janra Wadi,1,2025-09-28 10:41:17,sering derdeteksi afk
Putri Kumalasari,1,2025-09-28 10:37:22,Knp klo honor rendah gk bisa main apapunnn Tolong perbaiki free fire saya y😭👏
Al Daslan,1,2025-09-28 10:34:46,desain skin nya mulai jelek
Dan Ker,4,2025-09-28 10:29:38,permainan bagus
Zain,5,2025-09-28 10:28:15,WAH BAGUS SEKALI GAMENYA WALAUPUN BNYK BOCIL NGETROLL
Wahid Ani,5,2025-09-28 10:24:42,sangat seru tambanya lagi ada apdet terbaru ini lebihseru
gibran “M.GIBRAN” Muhammad,5,2025-09-28 10:24:41,game nya sangat seru menurut saya
dean saylendra,1,2025-09-28 10:24:20,game Lo anying masalah jaringan selalu merah merah padahal sinyal bagus
Veter Nex,1,2025-09-28 10:22:28,"1 kata buat Garena, KIKIR Tolong dong Rate crate diubah kek dulu, dulu crate senjata yg isinya 10 box pasti dapet permanen 1 atau 3 minimal lah ini udah 30box kaga ada yg permanen sama sekali ( mentang2 keseringan topup gitu?? ) Ga semua player banyak duit yaaa minimal kasih lah 1 permanen gitu masa iya dari crate sampe luck royale susah banget buat hoki gitu loh usahain kalo ga semuanya minimal 1 aja yg diubah yaitu ( rate auto win prize ) ditambahin atau di samain kek dulu supaya bisa rasain."
Ahmad Zidan fadillah,5,2025-09-28 10:21:28,game burikkkkkkkkkkkkkkkkkk👍
Fathir izzulhaq hafidz Fathir,5,2025-09-28 10:11:04,nanti beri saya dm ya
Afnan Faeyza,5,2025-09-28 10:10:59,bagus
Indra Tanaya,5,2025-09-28 10:09:36,sangat bagus kasih hoki
Setiawan Mulik,5,2025-09-28 10:09:29,👍🏻👍🏻👍🏻
Marupa Siregar,5,2025-09-28 10:08:32,baik
Finza Halal,1,2025-09-28 10:07:33,"tolong kembalikan uang saya, tiba tiba kesedot otomatis yang mengurangi saldo dana saya, senilai 17.000 tolong kembalikan uang saya, itu sepertinya saya kepencet fitur langganan nya"
masjit Masjit aullah,1,2025-09-28 10:05:29,gem ini seruh Tatapi diya sering ngebak jadi tolong perbaiki ya
Ikann Kaann,1,2025-09-28 10:04:33,servernya lagi ngga beres ngga jelas Jang download yg max nya download yg biasa aja
Al Azka,5,2025-09-28 10:02:51,Azka.
Rafa Arrafii,1,2025-09-28 10:00:33,gem bagus tak kasih 1 aja ya sayang² bintangnya
Bintang,5,2025-09-28 10:00:31,game nya bagus tentang perang btw kaka aku masuk di top kabupaten Wonosobo
Ahmad Zuhri,5,2025-09-28 09:57:55,seru dan faforit
Idah Hamidah,5,2025-09-28 09:54:41,saya kasih bintang lima tapi harus segera di fix bug tembus glowal cepet baca ini Mimin Garena agar tidak banyak yang memberi ulasan yang sama segera di fix dan satu lagi Adain event magic cube nya dan misi magic cube nya harus lebih gampang untuk para player banyak yang memiliki bundle tersendiri nya.segitu saja dari saya maaf jika ada yang salah
Kafi nasution,1,2025-09-28 09:50:45,ga enak gada gacoan nya tolong tambah kan gacoan nya min
haikal hermawan,5,2025-09-28 09:44:35,Free Fire MAxNARu
Muhammad Akbar,5,2025-09-28 09:43:28,moga hokii
Daffa,5,2025-09-28 09:33:21,seru bett jirrr
Gailan GaiLand,5,2025-09-28 09:30:36,seru
igo Ilham,5,2025-09-28 09:28:23,sangat baik
Ruminta Br ringo ringo,5,2025-09-28 09:25:48,sangat keren
Putra Hasta,1,2025-09-28 09:21:26,garena saya ingin ff koleb sama motor drag
Siti Soleha,2,2025-09-28 09:14:46,"sinyal uda bagus, main game sebelah juga lancar bgt sinyal nya, tp kenapa pas main game ini malah ngelek terus""san??"
Didik Suwanter,5,2025-09-28 09:14:44,Bagus
Adim Posong,5,2025-09-28 09:14:03,bandel ff kelinci
Mhmd Syhrl16,5,2025-09-28 09:11:20,sangat seru
Ai Pramesti,1,2025-09-28 09:09:51,gema tll ke temu temen tll semua udah berapa kali main 7kali maen tetep kalah terus
Ludfi Rahman,1,2025-09-28 09:08:27,kenapa login gua eror!
Helmyn Wilhelmina,5,2025-09-28 09:06:33,bagi saya DM
Stok Alwi,5,2025-09-28 09:05:58,"woyy anj, kok banyak kalii bug DMG ya kontoll"
herry01 btr,5,2025-09-28 09:03:26,mantap
Nuning Rahayu Ningsih,5,2025-09-28 08:58:27,seru
player 859,1,2025-09-28 08:49:04,salah dikit di ban hanya gegara bocil. ngawur akun di ban 1 bulan. ini yg membuat malas main game
daniel mustiq,5,2025-09-28 08:41:44,seru lama lama thanks garena
Ramlah Ratang,5,2025-09-28 08:38:39,bagusss pol
syukri bran,5,2025-09-28 08:36:20,justru disitulah letak ASIK nya
Queen Berlian,1,2025-09-28 08:34:19,bintang lima nya tidak bisa di pencet😹🤭
Ah Ahh,1,2025-09-28 08:28:22,saya selalu mendapatkan rekan yang tidak mengetahui event in game dan tolong untuk playstore hapus saja game ini
Faqih,5,2025-09-28 08:26:22,keren bangeeet
Benny Christopher Zeteo,1,2025-09-28 08:23:21,awal nya saya mau kasih bintang 5 tapi tangan saya tiba tiba memencet bimtang 1 kasih offline aja lol😹😹
Junaidi Faris,5,2025-09-28 08:21:20,coba buat akun aku menjadi pro garena
Yayat Putih,5,2025-09-28 08:20:43,menurut ku game ini cukup menarik dan asik klau soal jaringan ya okyy lah ya
Riki Rina Tamaki,1,2025-09-28 08:20:30,game nya nggak jelas masa aku ngeratain 1 squat di cs dikira cit😹
Ayyhu Kodekode,5,2025-09-28 08:18:28,keren
M NAUFAL ARAFAH,5,2025-09-28 08:17:23,game yang membuat ku bahagia
Dion Alamsyah,2,2025-09-28 08:09:16,aku kasih bintang 2 karena saat ini g bisa login pada tahun Minggu 28 September 2025 tolong bisa di benerin lagi ya Garena
Demi Diana,4,2025-09-28 08:03:45,min nanya doang apa beda biasa sama max ya?
Dwi Budi,1,2025-09-28 08:03:19,garena aku udah minta bang fall diamod tapi gak muncul dm nya garena pelit
Wely hen Wely,1,2025-09-28 08:00:42,kok saya barusan download apk nya layar nya gelap ya tolong di kasi tau dong gimana caranya biar layar nya seperti layar biasa nya klo gelap gimana mau main saya kasi bintang dlu klo udh normal layarnya saya kembali
Nathan Azfar,1,2025-09-28 07:59:48,game ini sebenarnya bagus tapi menurut saya sistem dalam game ini sangat kikir dan licik dan sangat suka maksa player untuk top up terus menerus di game ini jadi kayak developer game ini si Garena seperti gak mau player nya top up di game lain seperti GK mau memberikan kesempatan kepada semua player top up di game lain contoh sistem yang memaksa player nya untuk terus top up di free fire itu adalah sistem prime yaitu sistem yang maksa player untuk trs top up jka tidak mau level prime itu turun
Ilyas Ilyasa,5,2025-09-28 07:58:31,woi kunyuk banyak yang pakai cheat kau nggak sadar bangsad
Nur Ull,1,2025-09-28 07:57:44,Katanya Langsung Kok ada 7 detik
Ridho Febiyan,5,2025-09-28 07:57:06,baguss
Garena Free Fire,1,2025-09-28 07:49:14,MUDAH MUDAHAN FF DI HAPUS DARI SEMUA NEGARA KARENA GARENA LICIK MUSUH UDAH SEKARANG GA MATI MATI LU GARENA JAWAB JANGAN DIAM AJA AWAS AJA LU HAPUS GA GAME INI KALO ENGGA AWAS YA SIAP SIAP AJA.
Allea Anindia,1,2025-09-28 07:44:04,Bikin emosi garena makin ke sini makin ke sana... kita nembak musuh uda sekarat tapi gak mati mati padahal dameg uda 300 tapi musuh masih banyak darah nya aneh... garena mentingin duit doang playernya gak di pikirin gmn cara nya player nyamanan saat bermain
Fajar Yuli setiawan,5,2025-09-28 07:43:40,bagus
bilal bilal,1,2025-09-28 07:43:24,"gem nya si emang bagus tapi kalo engga login 2/3 hari harus donload vauld dll,ini ff nya rusak atau gimana inii"
Yudha Tama,5,2025-09-28 07:40:16,game ini sangat. enarik dan bagus aku sukaa
Iswan sunarya,1,2025-09-28 07:32:30,"game rusak , jelek , burik , mending hapus aja game ni , banyak citer dan bug² lain"" , untuk pencipta game tolong urusin game ny dengan benar"
PonionG Ehhwajib,2,2025-09-28 07:28:23,gerafik nybagus
Denmas,5,2025-09-28 07:23:44,singkat saja bagus bgt
Nnno Bbbb,5,2025-09-28 07:22:59,seru sekali
Markus Marrang,5,2025-09-28 07:14:37,karna seru di kain kan
Rafi Meler,5,2025-09-28 07:13:20,game nya seru bisa buat hp mana aja dan memiliki kualitas game terbaik menurutku dibanding game lainya bisa by one dengan teman bisa mendapatkan/bicara dengan teman walaupun jarak nya jauh dan memiliki banyak map map di freefire seperti di craftland
FAREL FIAN FAREL FIAN,5,2025-09-28 07:11:31,sangat seru dan menyenangkan
Zendi Santana,1,2025-09-28 07:09:19,we need old peak
MRzzz,5,2025-09-28 06:57:28,Salam booyah
sirekap,5,2025-09-28 06:53:42,aku main cs payaal banget
Yuda Giri,5,2025-09-28 06:51:10,bagus
Zaki Al,5,2025-09-28 06:45:01,game bagus 👍👍 saya kasi bintang 5
Deri Selvia,5,2025-09-28 06:44:25,saya senang
Carllvp Hanif,5,2025-09-28 06:41:50,game rusak ga guna bgt nguras uang tapi boonggg🤙🤙🤙
Kardi Yanti,5,2025-09-28 06:35:57,seru dan lumayan mudah
Sanjaya Ayub nurhidayat,5,2025-09-28 06:34:47,tolong min gamenya nggak bisa onmic lg min
day,5,2025-09-28 06:34:34,mantap
Alit Muztabah,5,2025-09-28 06:29:30,game nya sangat menyenangkan kan
Heru Pratama Putra,5,2025-09-28 06:28:44,aku suka free fire
KING REDDOORZ,1,2025-09-28 06:21:34,"woi, skor udah 66, ngapa zona ke musuh anjg"
Satria Rumii,1,2025-09-28 06:19:44,untuk kalian jangan memainkan game ini karena game ini membuat frustasi sampai teman ku meninggal
Kausar Firdaus,1,2025-09-28 06:18:29,"masak gara""bg budi main game lain langsung di bl"
Iman Rohiman,5,2025-09-28 06:16:39,login
Haikal Haikal,5,2025-09-28 06:16:29,game ny bagus
Fajri Pratama,5,2025-09-28 06:16:21,geme sangat keren
Fahri Nunung,5,2025-09-28 06:10:12,lebih baik kehilangan pacar dari pada ke hilangan aku ff
Junaedi Muhamad,5,2025-09-28 06:09:15,"seru, tapi banyak cheat nya"
Alfino Fabian,1,2025-09-28 06:03:56,bnyk bugh
Abibima Farendra,5,2025-09-28 06:01:38,bagus
arfan maulana,2,2025-09-28 05:57:27,ke blacklist mulu padahal gw main murni ga pake chit
Dona Adha,5,2025-09-28 05:49:48,game nya mantap banget
fasya muzayan,1,2025-09-28 05:48:50,game gjls musuh nembak tapi ko ga ada suaranya aduh
Kadek Oka,5,2025-09-28 05:44:39,bagus dan keren a
Keanu gibran Al ghifari,5,2025-09-28 05:38:26,baik
Fakih Munandar,5,2025-09-28 05:26:42,bagus tapi ada ngelek nya
Jumadi Infinix,5,2025-09-28 05:22:28,bagus
Tutik Hariyanti,5,2025-09-28 05:19:27,sangat bagus
Adit Ya,1,2025-09-28 05:14:05,"ini kenapa depeloperd, game nya masih sangat buriq padahal ini kan epep versi Terbagus gimana cih."
Annisa Ica,5,2025-09-28 05:13:01,game ini seru tapi saya TDK mempunyai diamond
Sairan,5,2025-09-28 05:10:57,keren banget
Emanuel Nainggolan,5,2025-09-28 05:04:40,seru banget game nyaa 🤩🤩
DAMAR GANTENG,5,2025-09-28 05:03:54,mantap epep the best sih 🌟
udin udin,1,2025-09-28 05:01:37,tolong lah kalo ada orang nyepin tu kasih lah dikit jangan di kasih token nya doang gw nyepin ga dapet apa² walaupun ga dapet yang utama kasih lah yang lain kek ini klo dapet crett ya dapet token kan Garena anj
Uciha Itaci,5,2025-09-28 04:59:58,wah game nya sangat bagus dan menantang tapi tolang masalah sinyal nya di perbaiki
Su Marno,1,2025-09-28 04:59:29,game gk ada aturan banyak akun yang kena blacklist padahal gk pake chet emng burik ff pantesan player nya pada pensi teryata game spek burik/8bit gk salah di blacklist/susspend permanen
Ros Maya,5,2025-09-28 04:58:51,seruu lopyu buat Garena
Roki Roki,4,2025-09-28 04:54:48,akun gw ke band tiba tiba cok lama lagi ehh😞
Kadek,5,2025-09-28 04:50:39,sangat bagus
Nurdin Kamesah,4,2025-09-28 04:49:40,sangat bagus saya suka karena banyak tentangan
Siraj Raj,1,2025-09-28 04:49:20,grafik burik koneksi selalu jelek semua burik
Riski Syafi,5,2025-09-28 04:46:52,permainan ini bagus sekali coba aja bisa di cit
Revan Ramadhansyah,5,2025-09-28 04:39:16,gacor
I Kadek Oka,5,2025-09-28 04:37:58,seru buat mabar
Gonds Abiz,2,2025-09-28 04:37:53,In game kenapa dah pas mau masuk ada pesan KONEKSI JARINGAN EROR GAGAL MENDAPATKAN DATA AKUN:2 APA EMANG LAGI UPDATE APA GIMANA NICH OWNER GAME NY PPK SKRNG GUA KASIH BINTANG 2 DLU SOAL NY RADA SEDIKIT KESAL KARNA TIDAK MASUK KE DALAM GAME NY ATAU LOBI
Lisan Nur laila,5,2025-09-28 04:36:46,game nya sangat seruuu
Putut Sukardi,5,2025-09-28 04:36:15,bermain lebih seru
buntul,1,2025-09-28 04:31:40,"jangan di download udah game burik jelek pula, pdhl grafik ny udh gua ultra in tetep aja kaya grafik kartel, padahal bentar lagi gua mau ke master malah di kasih tim kek kirik, game biadap JANGAN DI DOWLOAD!!!."
Deni Deni,5,2025-09-28 04:30:56,ini sangat bgs tapi ini judi🗿
Eza Alfian rizki,5,2025-09-28 04:30:45,bagusss banget
Parik Lani,5,2025-09-28 04:29:48,bagus banget sama diperbarui dong
Tari Mentari,3,2025-09-28 04:25:50,lebih suka roblox
Sudarti,5,2025-09-28 04:23:24,bagus
Yeni Turnaningsih,5,2025-09-28 04:23:09,asik sekali
Haikal tri okialin,1,2025-09-28 04:20:36,game nya lag
Wiwin Winata,5,2025-09-28 04:19:50,geme ini sangat sangat populer dan menarik pokok nya 👌
Nata Epep,2,2025-09-28 04:17:39,tolong lobby ff max di jadiin jalan kek dulu plz gw mau comeback🙏🙏
Haykal Fatan,4,2025-09-28 04:16:00,bagus
ahmad Faozan,1,2025-09-28 04:12:31,bangset ngeleg menn kunyuk
Iful Saeful,5,2025-09-28 04:08:44,bagusss seru bijgittt
Aisyah Maryam,5,2025-09-28 04:07:58,seruuu bangetttt
AYU VIRIMA,5,2025-09-28 04:07:43,game ini keren
Dalizokho Zebua,5,2025-09-28 04:07:21,Padahal hp ku kentang tapi ini game banyak kaloborasi update mencengangkan tapi cocok buat hp ku rescpect si dari belum main ff sekarang main ggwp
FADLI133 FADLI,1,2025-09-28 04:06:08,min knp ff saya gak bisa login min gagal terhubung ke server terus min kenapa itu min
Rasya Orva,5,2025-09-28 04:05:49,"bagus penghilang stress , pening kepala gara gara kalah maen ml"
Adi Bah,5,2025-09-28 04:05:18,saya kasih bintang 5 karna seru bisa Mabar samatemen
Siti Fatimah,1,2025-09-28 04:03:48,ff burik banyak bug
Chrisna Meilando,5,2025-09-28 04:02:29,"game nya sangat bagus, memulai pertempuran dan skin² yg bagus²"
nurhalimah us,5,2025-09-28 04:01:30,akun ku hilang tanpa aku kuta hui
Benyamin Jho,5,2025-09-28 04:00:13,terbaikkkk
Rina Rina,1,2025-09-28 03:55:28,ff sekarang makin burik pemainnya abanyak yg pake cit
ceyla,4,2025-09-28 03:55:24,"pelit bgt min, ak pen incu tp dpt nya batu mata kucing 40."
Vivo Tungkal,1,2025-09-28 03:54:56,tepuk tangan😹
Cgf Ggfd,5,2025-09-28 03:54:05,dudukwee
Sunjaya Jaya,5,2025-09-28 03:49:04,seruu banget ff tercinta selalu dihati
Dayat,5,2025-09-28 03:42:36,best bet dah
Gi Mer,1,2025-09-28 03:42:10,Garena overdosis+kikir
Aldy Hiwa,1,2025-09-28 03:41:07,we need old peak
Fahmy Dhinata,5,2025-09-28 03:40:06,wawa
Biru Langit,5,2025-09-28 03:36:15,gamenya bagus banget seru lagi bisa Mabar bisa dapet temen baru dan banyak lagi😁😁😁
Alif Ralfihidayat,1,2025-09-28 03:36:12,mantap
Faiz Anwar,5,2025-09-28 03:33:37,Game ff seru kali woy
ulfa rondonuwu,1,2025-09-28 03:32:50,game pendo
Dedi Hermawan,5,2025-09-28 03:32:14,menyala bosku
Rolan Lengga,5,2025-09-28 03:31:20,sya tdk mau aplikasi ini muncul lgi di perangkat sya tolong hilang kan dri perangkat sya agar tdk memenuhi perangkat sya
frendi c,5,2025-09-28 03:30:19,mantap Garena bisa garena ngisiin DM 500k aja Garena boleh ya
Dito Andhito,5,2025-09-28 03:28:19,ini
Baskoro Ade,1,2025-09-28 03:25:56,burik gk pitung game haran
Atina Muflichah,5,2025-09-28 03:24:11,seru
Indri Sulistiani,5,2025-09-28 03:23:36,bagus tapi mimin paenf
Sarfan Sadela,5,2025-09-28 03:23:29,sarfan free fire 🥰🥰
M.Akrima Akrim,5,2025-09-28 03:23:26,tolong berikan saya skin sg dan saya akan mainkan game ini terus dan saya suka saya sudah main selama 6 tahun tapi akun saya hilang dan saya sekarang combeak lagi
Asmi,5,2025-09-28 03:17:57,banyak yang toxic
Muhammad Alhabsi,5,2025-09-28 03:17:37,𝗵𝗮𝗶 𝗚𝗮𝗿𝗲𝗻𝗮 𝗯𝗮𝗻𝗴𝘀𝗮𝗱 𝘀𝗮𝘆𝗮 𝗽𝘂𝗻𝘆𝗮 𝗮𝗸𝘂𝗻 𝟭 𝘀𝘂𝗹𝘁𝗮𝗻 𝘂𝗱𝗮 𝟲 𝘁𝗮𝗵𝘂𝗻 𝘁𝗮𝗽𝗶 𝘁𝗮𝗽𝗶 𝘁𝗮𝗽𝗶 𝗮𝗸𝘂𝗻 𝗻𝘆𝗮 𝘀𝗲𝗲𝗻𝗮𝗸 𝘀𝗮𝗷𝗮 𝗵𝗶𝗹𝗮𝗻𝗴 𝗽𝗮𝗱𝗮𝗵𝗮𝗹 𝗮𝗸𝘂𝗻 𝗴𝗼𝗼𝗴𝗹𝗲 𝗻𝗮𝗺𝗮 𝗮𝗸𝘂𝗻 𝗻𝘆𝗮 𝗲𝗹𝗶𝘁 𝘆𝗼𝘂 𝟭 𝗹𝗮𝗴𝗶 𝗺𝗲𝗻𝗴𝗮𝗽𝗮 𝗮𝗸𝘂𝗻 𝗴𝘂𝗲𝘀𝘁 𝗺𝘂𝗱𝗮𝗵 𝗵𝗶𝗹𝗮𝗻𝗴 𝗸𝗮𝗻 𝗮𝗻𝗷𝗴
RAFLY,3,2025-09-28 03:16:53,apalah min masak gw dikasih player bot mainnya nyampah terus malah ngesok juga sok jago tolong kasih tim sama musuh yang seimbanglah
Purwono Ono,4,2025-09-28 03:15:38,"game ini enak,tapi suka ngelag padahal jaringan udah bagus,dan grafik nya kurang bagus ku kasih bintang 4"
Fadog “FEKOS” Fekos,5,2025-09-28 03:14:49,gemplay terkeren
Zakata Zahra,5,2025-09-28 03:10:41,uapeeeeekkkkk tenannn
Lia aura Priman,5,2025-09-28 03:01:51,permainan nya sangat keren
Yana Maryana,1,2025-09-28 03:01:00,"udah beli kuota game eh gabisa dimainin , aplikasi gila nyesel download ini ga amanah"
Evellin Dian valani,3,2025-09-28 02:56:14,"sering ngeleg"" padahal jaringan bagus, tapi cocok buat hiburan"" kalo lagi bosen, bikin emosi game nya"
Zaydan Almahbubi,5,2025-09-28 02:52:40,BAGUS BANGET
Nuraisyah Berutu,5,2025-09-28 02:51:20,epep di hati
Aradhana Batara Aksa,5,2025-09-28 02:50:52,permainannya bagus tp kadang ada cheter
Arvino,5,2025-09-28 02:49:55,sumpah game nya serius bngt temen gw suka Pepeng
Samsidah Dalimunthe,5,2025-09-28 02:49:14,seruh sekali mengisi waktu luang
Herlina Oke,1,2025-09-28 02:48:08,"suka kesel sama geme ini yg tiba"" leg"
Andra Ggezet,5,2025-09-28 02:44:25,"geme ini luar biasa disebut geme menarik yang bertempur di Bermuda saya senang sekali bisa donwload geme friee fire, saya suka main di BR atau CS Terima kasih minn 🙏"
AZREIL YANTO,1,2025-09-28 02:41:12,mantap the best lah game burikk nih
Aang Kunaefi,5,2025-09-28 02:40:41,ARKAN
Sarma Pasaribu,4,2025-09-28 02:38:43,𝑔𝑎𝑚𝑒 𝑁𝑦𝑎 𝑘𝑒𝑟𝑒𝑛𝑛𝑛
Suloy yyy,1,2025-09-28 02:38:00,gak bisa login ini epep gimana sihhhh bosok banget
Muhhamad Rizky,4,2025-09-28 02:32:54,"game nya seru,cuman kalo siang, sore,sama malam banyak dark sistem nya,jadi males"
Lolo K,5,2025-09-28 02:30:45,plis berikan aku kehokian dan musuh bot
abimanyu laksamana,5,2025-09-28 02:29:12,sangat cocok digunakan bagi para pengguna jalan jjjfff Miss udah gj
lilin puspita,5,2025-09-28 02:28:51,saya sangat suka
pandu aprianor,5,2025-09-28 02:28:07,bagua bahkan gw maen ampe lv 5 jir
Yunan Plunx,5,2025-09-28 02:22:57,gamenya lumayan enak sih tapi kurasa harus ada diamond gratis sebanyak 350
Arya Dzaki Maulana,1,2025-09-28 02:22:09,sering ghost touch
Alfariq Doyanpedes,5,2025-09-28 02:21:17,asik
Ansi Durman,5,2025-09-28 02:20:50,mantap
Tarmizi Tea,5,2025-09-28 02:19:54,game nya seru banger
Bujang Irwan,5,2025-09-28 02:17:22,seru banget
Margaret Yona,1,2025-09-28 02:16:03,"eh kau buat buat ff jngn korup kli bler, lama' main ff kya koncet, kya puqi jga tolol yg buat"
Bocil Bsk,5,2025-09-28 02:14:46,game yang sangat baik
Titin Yani,5,2025-09-28 02:14:01,permainan ini sangat seru dan s3mua orang harus main ini ff seru
Qisthi Chodjah,5,2025-09-28 02:10:38,Seru banget cuma agak ngelek²aja senjata nya juga bagus bagus kok terimakasih
Faadddzz,5,2025-09-28 02:09:15,mantap dah pokoknya
YANTO,5,2025-09-28 02:03:29,hh.
Afiqah,5,2025-09-28 02:03:00,walaupun bikin saya ribet atau nggak suka tapi ini game paling terbaik
Nurrahma Rahma,5,2025-09-28 01:55:24,karna seru bisa mabar
Pro Cs,1,2025-09-28 01:54:32,apalah main cs kalah 10 kali menang cuma 1 kali males maen lagi🫩
Kesya Pratama,5,2025-09-28 01:49:59,seru
Jay Juy,5,2025-09-28 01:46:47,tolong ilangin yang pake cit
Lili,5,2025-09-28 01:43:58,mantap
Rusman Darmanto,5,2025-09-28 01:40:02,pokok nya bagus
Abduasul loja Loja,1,2025-09-28 01:38:56,tolong benerin bug ya setiap main pasti ada bug dan juga CIT tolong lah perbaiki game mu udh burik makin burik rank ku sampe ke platinum satu gara CIT sekali lagi tolong perbaiki game nya burik
Ndaru Wahyu Sejati,1,2025-09-28 01:38:50,"game nya bagus ku kasih bintang 5,tapi hp ku nge leg jadi kepencet bintang 1"
Fitri Handayani,5,2025-09-28 01:36:10,sngt bgus
Galip Kabes,5,2025-09-28 01:32:21,kenapa ya tiap game ini update sama anime terus makin banyak player dark system' bermunculan
Zang Xiao Fan Onl1,1,2025-09-28 01:31:14,akun ff GK pernah aman pasti aja ada yg hek udah toup berapa juta masih aja GK aman mau beli akun amau rawan sendiri pasti aja di HK mohon di per baiki agar tidak bisa di HK lagi temakasih GM burik
Ri Ro,2,2025-09-28 01:27:40,Starting nya lama banget ya
aurell Aurellia,5,2025-09-28 01:26:49,sangat mantap min🫰🏻
Enjangtapip Ambari,1,2025-09-28 01:22:13,game ini memang bagus tapi kadang² ngelek dan banyak citer pliss Garena kalo ada citer hp beledugin aja biar kapok lalu aku nanya ke Garena kenapa game ini sangat burik mau ff max dan biasa tetep aja burik karena Garena cuman mau pemain nya main geme citer leg mening Garena hapus aja geme ini di play store buat apa juga geme ini burik banyak citer bikin mata sakit anak anak sulit beribadah gara2 geme ff ini jadi kalo bikin game yang gak lupa waktu jadikan Garena dapat pahala jangan buat BOCIL GI
SUNAOOKAMI SHIROKO,2,2025-09-28 01:21:30,"gacha gacha nya ampas, gak pernah hoki, YouTube² dikasih hoki satu spin dapat, lah ini udh habis 1 ribu DM pun cuma dapat tas doang, tau gitu mending beliin ke baju² di diamond unggu...... intinya gua gak bakalan top up lagi, oh iya sinyalnya juga pas lagi mau nembak musuh sinyalnya langsung merah kalo GK kuning"
Ponsel Winda,4,2025-09-28 01:18:36,game ini ngelag kali cok pas aku main di br kan aku turun di tempat sepi sekali jadi kau loot dulu lah kan terus jaringan nya ngelag kali pada hal wifi nya bagus tapi ngelag gk lama pas jaringannya udah bisa aku langsung mati di kil musuh padahal musuh nya jauh sekali dari tempat ku
alfin the rgc,1,2025-09-28 01:15:11,game ini sangat jelek ff dan ff max sama saja burik tidak ada kelebihan di ff max ini
Farel,1,2025-09-28 01:12:36,game rusak gak bisa login
Rizki Dwi putra,5,2025-09-28 01:05:51,enak kali bah
Ivan Ivan,5,2025-09-28 01:02:58,gamenyaa sangatt baguss
Nizam Alqhoir,5,2025-09-28 01:02:39,enak game ff jos
Sulis Tyawati,5,2025-09-28 01:01:11,sangat bagus
Diaz Afrizal,5,2025-09-28 00:59:50,gem inih sangat baik
Kiriwil Kiriwil,5,2025-09-28 00:56:59,mantap
Gibran Salendra,5,2025-09-28 00:51:54,gem ny seruh dan bagus
Aliando Rizki,5,2025-09-28 00:51:25,keren
Aku Kaba,5,2025-09-28 00:48:37,keluarin mysetrop di indo
Reza Izan,5,2025-09-28 00:45:29,seru
Made Sudiana,5,2025-09-28 00:45:00,karna Bagus
keanu yudha,5,2025-09-28 00:44:51,game favorit
Broni Broni,1,2025-09-28 00:44:09,tolong bug demeg nya di hapus ya Garena
Latif Akmal,4,2025-09-28 00:43:52,bagus cuma ngelag
Bisma Agung,5,2025-09-28 00:43:27,bg gif Alok bg 😜
Itilih Itilih,2,2025-09-28 00:39:39,"cool, greetings buriq🗿👍"
Fandir Fandir,5,2025-09-28 00:37:55,game ini sangat baik
Devch Saputra,5,2025-09-28 00:33:28,keren
Azka Aziz,5,2025-09-28 00:31:10,geem burikk
ahmad taqwim,4,2025-09-28 00:28:30,seru
Apriliano Rahmat,5,2025-09-28 00:26:23,game yang sangat seru dan menarik serta enak di mainkan semoga GARENA FREEFIRE MAX bikin event seru lagi saya sangat suka main FREEFIRE MAX
MasBudi Aditya,5,2025-09-28 00:17:41,GEK ini menyenangkan kan
Haikal .f,5,2025-09-28 00:11:08,kasih tim yang jago
Fariz Saufan,5,2025-09-28 00:08:32,bagus
Wiliyam Bonden,1,2025-09-28 00:06:13,akun aku hilang setelah aku relog sama akun bagus aku hilang gitu aja di ganti sama akun. bottt
Sahwwamah,5,2025-09-28 00:04:00,gem ya sangat bagus
Viky Viky0,5,2025-09-28 00:03:56,game yang luar biasa
Rhavfi hadid,1,2025-09-27 23:57:45,"Saya bermain game lainnya lancar dan tidak ada gangguan apapun, pas saya bermain game ini hp saya tidak bisa di gerakkan lalu saya bermain game lainnya hp saya sangat lancar GIMANA NI GARENA😢?"
Fatta Yuda Salam,5,2025-09-27 23:50:09,lebih baik jadi game ff dripada wanit karena ff menyenangobati hati dan juga wanita menyakiti hati
pillow fluff,5,2025-09-27 23:43:16,cepet
Natan Agian,1,2025-09-27 23:39:50,oi garena. kalian bikin map ada 6 tapi asal aku main sudah beberapa hari ini. dapat map Bermuda terus gimana sih sistem kalian ini
akun ku,5,2025-09-27 23:30:54,FreeFire♥️
Muhammad Rozaq,1,2025-09-27 23:28:02,burik
zhafran,5,2025-09-27 23:23:41,mood
Budi Kamil,5,2025-09-27 23:21:29,gamenya bagus
anqueela Buahdua,5,2025-09-27 23:18:15,madep
BSK KENJI (BSK kenji),5,2025-09-27 22:55:58,geam ini sangat bagus
Kevin Nasrullah,5,2025-09-27 22:46:56,enak si tapi hp suka. ngelek
Qayla Qayla,5,2025-09-27 22:46:09,keren
Budiharjo Abidadam,1,2025-09-27 22:44:57,banyak loading nya di apdet malah makin burik
Candra Saputra,5,2025-09-27 22:33:35,bagus sekali nggak ngelek
Insan Aditya pratama,3,2025-09-27 22:27:48,kenapa pas aku pake kuota unlimited games tidak bisa login
Furqon Azizi,5,2025-09-27 21:50:59,game nya mantap dan seru banget coyy
Ipa Ipa,5,2025-09-27 20:58:14,saya suka free fire
tricster 01,5,2025-09-27 20:31:26,keren
Ergi Indra,1,2025-09-27 20:16:45,sakit mata ku
Su Santi,5,2025-09-27 20:12:06,gila ini game perang paling seru
Nana Halana,5,2025-09-27 19:23:14,aku nyesel banget...top up dari 8k-10k nyampe 20k...mungkin bagi kalian ini sedikit...tapi bagiku ini banyak...karena uang itu bukan uangku tapi ortuku bahkan kalau uangku pun sama aja aku ngerasa kayak..sayang banget buang duit cuma demi DM ...dan DM nya pun cuman buat nyepin demi dapet skin...aku nyesel bukan karena gamenya jelek...tapi karena aku sendiri...yang kecanduan sama game tersebut...sampe rela minta uang dari orang tua tanpa rasa malu hanya untuk topup...
Sukron Ependi,5,2025-09-27 19:10:47,keren bagus
Kristian,1,2025-09-27 19:00:30,"Kok punya saya tidak bisa login menggunakan data seluler padahal jaringan bagus, kouta ada dan bila menggunakan wifi bisa. Bila ini bug semoga cepet di atasi karena Saya hanya menggunakan data seluler saat bermain Free Fire. Terpaksa kasih 1 bintang dulu biar di respon cepat masalah nya sama admin Garena Free Fire. Sampai Sekarang masih saja tidak ada perbaikan bug ini kacau"
Muslihan Muslihan,5,2025-09-27 18:35:44,"Bertamodesat nickname akun lama ku yg hilang. smg di liat sama orang lain yg baru main free fire untuk terus berjuang walaupun tidak mudah dulu aku punya banyak teman yg bermain dengan ku , mereka mengajari ku untuk bermain free fire.tapi sekarang bermain free fire terasa hampa tanpa mereka.Bertamodesat Juni 2024-september 2025 pamit 🥀🥀"
Owek Tott200,5,2025-09-27 18:15:43,pengen main Free Fire Max tapi gagal mendonglot tapi seruh liat teman teman main ff max terimakasih ff ku aku sayang gem ini
Amal Saka,5,2025-09-27 18:13:57,Aku mau dm
GAZA 14,1,2025-09-27 17:59:54,woi garena ko akun gw gk bisa di login akun google
Faros,5,2025-09-27 17:35:00,nice game
MOH ALI FIKRI,1,2025-09-27 17:33:38,burik ajg
kukuh sujoko,5,2025-09-27 17:24:37,Free Fire sangat menyenangkan
Araya Raya,5,2025-09-27 17:15:11,game ini bagus banget grafiknya sanggat cantik dan detail banget bagus banget cocok untuk orang yang suka nge game
DEDY GAMERS,5,2025-09-27 17:13:16,nice bro
User Infinix,5,2025-09-27 17:01:03,mantap
Indrawan Saputra,1,2025-09-27 16:54:04,"event gak ngotak, sampah"
Usu Hendra,4,2025-09-27 16:51:07,jaringan ny selalu buruk disaat masuk game..padahal jaringan dihp full
M Ramdan,5,2025-09-27 16:48:07,tolong Garena sinyal nya di bagus kan saya main sinyal na turun naik trus
Rizky Alfi,1,2025-09-27 16:41:38,benerin lah min masa mic gua gabisa nyala burik bgt
Yadi Arnando Arnando,1,2025-09-27 16:41:30,benarin tu efek firing Evo masa keluar satu satu pake jeda
Johandi,5,2025-09-27 16:17:06,saya merasa senang
Suherman Mukten,5,2025-09-27 16:15:32,game yang bagus
Dina efita Sari,5,2025-09-27 16:11:19,Sangat asik
Akmal Bismania,5,2025-09-27 16:05:10,bagus 👍👍
Fahril Rizky,1,2025-09-27 15:59:37,"Apa nii game buriqqq 8 bittt,kalau main sinyall kuning terosss, padahal di Game sama Aplikasi Lain Bagus Eh tiba di Free Fire Buriq lag sinyall nyaaa. dasar game sok jual mahal pheiii"
Turbo Speed,1,2025-09-27 15:58:54,game hama gw maen 40+ game cuma dapet point 68 mikir kids org mah maen segitu bisa kali dapet 200an lah ini 68 lu mikir berapa banyak waktu yg gw buang gw pernah denger kata kata dari tmn gw 1detik bisa merubah segalanya lah ini merubah otak yg pen hv malah di bikin stres udh cukup ml aja yg bikin stres gausah di tambahin gw habis top up minimal kasih permudah Napa ml aja gapernah top up dapet skin gratis banyak lah lu udhmah top up Mulu dapet bonus top up sesukalu mikir kids
wilah moderen a.a,1,2025-09-27 15:40:42,plus lah bag leg nya di perbaikin gak bisa kill aku wak musuh dapa aja kill 2 hit aku udah 10 kali hit gak mati mati padahal udah bagus nih jaringan
Intan Kesia Putri,5,2025-09-27 15:38:10,sngt bagus
Erzha,5,2025-09-27 15:36:44,banyak sekali aitem yang bagus
Melda Deni,4,2025-09-27 15:36:39,enak banget
Abdul kadir Kadir,1,2025-09-27 15:36:16,garena pilih kasih
Erik Faot,5,2025-09-27 15:28:02,ff kren abis
Bahril Bahril,5,2025-09-27 15:11:47,QLAM ALAM
Ghost Sleep,1,2025-09-27 15:10:51,burik 8 bit
Akun Ita,5,2025-09-27 15:08:05,ko😎💸👍❤️😍😎🇲🇨🇲🇨😘🥰📢☠️
Ikon Gacor,5,2025-09-27 15:00:18,pokonya sudah bagus banget tapi kalo spin kenapa ya sering kalo pas gak dapet
Yohanes Jolo,5,2025-09-27 14:55:54,sangat cocok untuk saya
Ahmad,5,2025-09-27 14:52:14,😁
Kaylananda Yolandina,5,2025-09-27 14:51:44,bagus tapi lain kali jangan nge bug
Bagas Pratama,1,2025-09-27 14:51:22,anjir lah masak akun ff ku bisa di ben padahal aku gak pakek cit
Dua Dewi,5,2025-09-27 14:48:28,I LOPYUUU EPEPP
Kikialmira 789,5,2025-09-27 14:47:48,kasih boyah trs kaa
Idha Aja,5,2025-09-27 14:41:44,game yang sangat bagus
Dgas Frong dgs,5,2025-09-27 14:38:33,bagus sekali
Rafa Raditya,5,2025-09-27 14:34:45,gacorr
Hanan Rahmat,5,2025-09-27 14:30:34,"ada madara dan itachi cuy😋 tapi ada satu hal yg bikin gua hampir pensi,yaitu hp gua ngehank😹😹"
Felisya Tinambunan,5,2025-09-27 14:24:46,gem nya sangat Bagus untuk galau
Sugeng angger,5,2025-09-27 14:24:31,kenapa. ga ada mode malam
Favian Ezar,1,2025-09-27 14:23:51,jelek
Rafli jalaludin,1,2025-09-27 14:22:43,Tolonglah gak enak FF bangsad
Awang Sukma,5,2025-09-27 14:21:09,aku senang sekali
Kayla Aulia,5,2025-09-27 14:20:55,"seruu,bisaa ajkk mabarr"
Abdul S,5,2025-09-27 14:14:15,bagus
AREPAN Are,1,2025-09-27 14:14:01,game sering alasan
Rini Habeahan,5,2025-09-27 14:00:16,baik sepi
Senin Inf,5,2025-09-27 13:57:19,seru loh jangan lupa di download ya makasih
Etoy G4anteng,5,2025-09-27 13:55:31,mantap
Muhammad Nurul falah,5,2025-09-27 13:54:32,gua kasih bitang lima ff Mak ff biasa🙏
Anak Rantaw,5,2025-09-27 13:51:40,sangat baik
Satria,5,2025-09-27 13:48:42,tapi aku ku terkena blacklist
Meli Septiani,5,2025-09-27 13:48:19,seru banget ff nya bikin semangat mood lagi
MR B • O • T•.,1,2025-09-27 13:48:00,Collab elite benerin bug sulit game burikkkk GM nya bucin Mulu anj
Tika Tika,5,2025-09-27 13:45:28,game sangat bagus tapi sayang buat kami player ngk banyak uang tolong dong dikasih hoki spin kasian kadang mau tapi spinnya ngk dapat²
Wildan 123,1,2025-09-27 13:43:32,seru banget
Moses Todang,5,2025-09-27 13:38:08,Sayasuka
Siti Suratikah,1,2025-09-27 13:37:55,"sinyale perbaiki tolong,lagi maen ujuk² sinyale ngelak padahal apik sinyale"
Deby Anggryni,5,2025-09-27 13:35:49,Bagus tapi ngga kaya dulu rame sekarang sepi
Antonio Reynaldy,4,2025-09-27 13:27:23,lumayan lah buat main abis kerja
Hanz Str,5,2025-09-27 13:26:43,game nya bagus banget tambah lagi pik ol ada lagii
Nurbaeti,5,2025-09-27 13:22:59,Bagus. sekali. anak. anak. bisa. main. ini. saya. suka. sekali yei
Bangun Asmoro bangun,5,2025-09-27 13:22:57,geme yang sangat publik
Abdul faqih Nurfayadh,5,2025-09-27 13:18:06,game nya seru banget sumpah ayo kalian yang belum download aplikasi ini segera download soalnya seruuu
Alwi Tsani,5,2025-09-27 13:12:37,cinta bener
Novia Sarii,5,2025-09-27 13:09:50,seru dan menarik cobain aja dah
Gelvin roy rohmadan Rohmadam,5,2025-09-27 13:06:51,"gua kalo setiap main ketemu bag damage , udah pass banget glowal masih tetap nembus padahal bukan senjata nembus glowal kaya sg 2 apa ke pusing gua dan hal paling penting peak old kembalikan, tong merah kembalikan gua suka jailin teman, tolong lah garenaa player old pun kembali mungkin tapi kembalikan FREE FIRE dulu 😢"
Epol Wepa,5,2025-09-27 13:02:41,aku mau diamon geratis
Irham Syah Rezaa,2,2025-09-27 12:53:51,game nya bagus cuma saya main ada musuh saya tidak bisa berhenti berjalan pada hal saya udah matikan model berlari tolong Garena tolong perbaiki peliss 🥺🙏
Suwondo Prabu,5,2025-09-27 12:51:30,garena boleh ga minta dm tolong akumau teros akudah salin tautan 8Kali ditiktok mimin plis 1000 aja plis
Muhibbu Aljawari,5,2025-09-27 12:51:02,Gemes ini bagus dan bisa dimainkan semua orang
Shella Ys,4,2025-09-27 12:49:53,game. Kon ykhieutfffff
Miftahul Akmal Wildansyah Wildan,1,2025-09-27 12:48:28,nggk bisa login lewat fb
Alki Bulpas,5,2025-09-27 12:47:36,no komen
Zahro Tuljanah,5,2025-09-27 12:46:16,aku suka game nyaa meskipunn kadang kadang ada bug
Fadil,5,2025-09-27 12:45:49,Gem sangat Bagus
Ida Ferawati,1,2025-09-27 12:42:50,jaringan padahal bagus tapi di ff ngeleh banget parah garena
Hazanatun Nikmatillah,5,2025-09-27 12:39:46,bagus cok
Sanjaya Prawicaksono,5,2025-09-27 12:38:42,min ko sekarang g bisa login sih harus nunggu starting yang punya gw min
Muhammad Rafais,5,2025-09-27 12:37:41,Geme bagus sekali panggilan nya epep
Hasan Al Basri,1,2025-09-27 12:32:05,Garena baperan
Nayy,5,2025-09-27 12:31:54,good
Arfa adiansyah,5,2025-09-27 12:29:50,bagus banget gua suka semoga Garena akan selalu mendengarkan omongan atau saran dari player nya mantap ff jaya
zamzamganteng7,1,2025-09-27 12:23:18,min plis lah kalau aku main FF jangan ngeleg nih jaringan nya capek ngepush rank apa² ngeleg pantes player old pada pensi ternyata semakin di update semakin semua hp gak kuat buat main game ini plis jangan bikin player kecewa dengan game ini gara ngeleg emang sih gw harus ikut pensi ky player old
Dewe Camper,1,2025-09-27 12:16:51,tolong hapus skill Raiden
Rafa Matel,1,2025-09-27 12:08:38,"game tloll bnyakk bug kalau burik ga usah maksa hd dong0😹, main cees mana ngasih team ga imbang kalau ngasih team yg bener dongo, dikasi player nick baru main😹, lo rasain aja noh mikir tolol jangan iclik toya mulu lu beg0²²²😹"
Dika Indra,3,2025-09-27 12:08:05,gua mau komplain kenapa SG pletok nggak dihapus damagenya nggak ngotak😡😡😡
Heni Melisa,5,2025-09-27 12:06:41,game ini bagus wor it
Sinta Ramadhani,1,2025-09-27 12:05:51,makin aneh ni game kek taek
agus Purnomo34,5,2025-09-27 12:00:49,game ini istimewah
Asta Kidz.,1,2025-09-27 11:59:05,main ff bikin emosi karena teman yg main lolot semu jadi GK asik
ITI,1,2025-09-27 11:49:56,"baperan bgt sih, masa bg budi hanya main game sebelah doang akun ffnya di bl? mikir min bg budi juga mau cari uang, gk di game lu doang. 🙏"
PROJECT 29 (Mas boom),1,2025-09-27 11:49:09,gajelas koneksinya banyak bug malah nambahin event
Zona Pratama,1,2025-09-27 11:47:13,game anj banyak bug kayak bug damage sering lag padahal pakek data
Dian Anjani,5,2025-09-27 11:46:39,Game ini sangat seru sekali
Oni Tuha,5,2025-09-27 11:45:18,"bagus cooooo bintang,5"
Wibuindonesia Wibuindonesia,1,2025-09-27 11:40:42,lu Napa sih garena😹😹
Johan Rivano,5,2025-09-27 11:40:01,Tolong min perbaiki bug sinyal nya dong bisa perbaiki apa tidak sih😡😡😡
Yogi Iskandar,1,2025-09-27 11:39:47,"Game burik,bayak bug,8 bit,banyak citer,game kikir bego"
Vivo Y12s,5,2025-09-27 11:37:34,seru
Ksatria Baja,5,2025-09-27 11:35:44,super super seru
Ernita Sulastri,5,2025-09-27 11:33:56,bahagia
wealim sarlong,5,2025-09-27 11:23:09,akunku Di hack
Gallio psw,5,2025-09-27 11:22:40,ff keren
MOHAMAD RIZKY,3,2025-09-27 11:12:40,gamenya tolong aga diperhatin donk min karna kenapa ada salah satu yang gw gak suka diapk ini iya itu yang pertama banyak bocil yang soasik gw main apa pun selalu dikatain bot padahal gw diem gak ngatain mereka kedua gw cape min main mode rank turun trus udah 4x rank gw turun lalu pas gw liat musuhnya gak ngotak ditambah banyak salah satunya pengguna citer panel dan ditambah player zaman sekarang tengil tengil dikit dikit dikatain bot plis iya min apknya aga diperhatiin skian makasih 💐
earlyta arsyfa,1,2025-09-27 11:11:46,Uciha kok naik motor+megang sg😂😂😂
fimau fin,5,2025-09-27 11:09:05,gem nya enak dimainkan tapi terkadang sinyal nya itu ga bagus aku juga sering afk
い,1,2025-09-27 11:08:33,ke bl akun gua garena
Umayrah Umayrah,5,2025-09-27 11:06:32,Terima kasih garena
