userName,score,at,content,content_casefold,cleaned,tokens,filtered,stemmed,preprocessed
IBRAHIM ANGKAT SOURAYA 1102,5,2025-10-05 08:37:31,sangat baik,sangat baik,sangat baik,"['sangat', 'baik']","['sangat', 'baik']","['sangat', 'baik']",sangat baik
Rara Putry,5,2025-10-05 08:37:11,seru,seru,seru,['seru'],['seru'],['seru'],seru
Andhit Naufal,5,2025-10-05 08:37:02,minta diamond dong,minta diamond dong,minta diamond dong,"['minta', 'diamond', 'dong']","['minta', 'diamond', 'dong']","['minta', 'diamond', 'dong']",minta diamond dong
Risma Saputri,4,2025-10-05 08:33:00,bagus,bagus,bagus,['bagus'],['bagus'],['bagus'],bagus
Aman Aman,5,2025-10-05 08:31:18,mantap,mantap,mantap,['mantap'],['mantap'],['mantap'],mantap
Kenzy Algafahri,4,2025-10-05 08:20:45,gem cantik banget,gem cantik banget,gem cantik banget,"['gem', 'cantik', 'banget']","['gem', 'cantik', 'banget']","['gem', 'cantik', 'banget']",gem cantik banget
Elgi Fahri,5,2025-10-05 08:18:40,seru,seru,seru,['seru'],['seru'],['seru'],seru
Ahmad Saiban,5,2025-10-05 08:16:48,ok ini waktunya,ok ini waktunya,ok ini waktunya,"['ok', 'ini', 'waktunya']",['waktunya'],['waktu'],waktu
Elkis Genta amizi,1,2025-10-05 08:14:08,FF ga seru lagi karna Budi telah pensi sang panutan kami 😢,ff ga seru lagi karna budi telah pensi sang panutan kami 😢,ff ga seru lagi karna budi telah pensi sang panutan kami,"['ff', 'ga', 'seru', 'lagi', 'karna', 'budi', 'telah', 'pensi', 'sang', 'panutan', 'kami']","['ff', 'ga', 'seru', 'karna', 'budi', 'pensi', 'sang', 'panutan']","['ff', 'ga', 'seru', 'karna', 'budi', 'pensi', 'sang', 'panutan']",ff ga seru karna budi pensi sang panutan
86RL 86RL,5,2025-10-05 08:08:36,kerja bagus 😲👍👍🙈🙉🙊,kerja bagus 😲👍👍🙈🙉🙊,kerja bagus,"['kerja', 'bagus']","['kerja', 'bagus']","['kerja', 'bagus']",kerja bagus
Robby Hermanus19,4,2025-10-05 08:05:53,bagus,bagus,bagus,['bagus'],['bagus'],['bagus'],bagus
Fajri Alida,5,2025-10-05 08:05:15,seru,seru,seru,['seru'],['seru'],['seru'],seru
Dimas Dimash,5,2025-10-05 08:05:13,bagus dan unik,bagus dan unik,bagus dan unik,"['bagus', 'dan', 'unik']","['bagus', 'unik']","['bagus', 'unik']",bagus unik
Zahwa Khairani,5,2025-10-05 07:56:21,enkk,enkk,enkk,['enkk'],['enkk'],['enkk'],enkk
Firman,5,2025-10-05 07:54:45,Ff sangat bgus ini gem kesukaan saya waktu pertama kali main tu bgus banget rasa nya,ff sangat bgus ini gem kesukaan saya waktu pertama kali main tu bgus banget rasa nya,ff sangat bgus ini gem kesukaan saya waktu pertama kali main tu bgus banget rasa nya,"['ff', 'sangat', 'bgus', 'ini', 'gem', 'kesukaan', 'saya', 'waktu', 'pertama', 'kali', 'main', 'tu', 'bgus', 'banget', 'rasa', 'nya']","['ff', 'sangat', 'bgus', 'gem', 'kesukaan', 'waktu', 'pertama', 'kali', 'main', 'tu', 'bgus', 'banget', 'rasa', 'nya']","['ff', 'sangat', 'bgus', 'gem', 'suka', 'waktu', 'pertama', 'kali', 'main', 'tu', 'bgus', 'banget', 'rasa', 'nya']",ff sangat bgus gem suka waktu pertama kali main tu bgus banget rasa nya
SARLAN BUSE,2,2025-10-05 07:49:28,"jonanya udah ngga ngotak anjir lagi asik""nya war TPI jonanya blum kecil bangat TPI udah sakit mohon kerja samanya Garena jonanya di kurangin dikit sakitnya","jonanya udah ngga ngotak anjir lagi asik""nya war tpi jonanya blum kecil bangat tpi udah sakit mohon kerja samanya garena jonanya di kurangin dikit sakitnya",jonanya udah ngga ngotak anjir lagi asiknya war tpi jonanya blum kecil bangat tpi udah sakit mohon kerja samanya garena jonanya di kurangin dikit sakitnya,"['jonanya', 'udah', 'ngga', 'ngotak', 'anjir', 'lagi', 'asiknya', 'war', 'tpi', 'jonanya', 'blum', 'kecil', 'bangat', 'tpi', 'udah', 'sakit', 'mohon', 'kerja', 'samanya', 'garena', 'jonanya', 'di', 'kurangin', 'dikit', 'sakitnya']","['jonanya', 'udah', 'ngga', 'ngotak', 'anjir', 'asiknya', 'war', 'tpi', 'jonanya', 'blum', 'kecil', 'bangat', 'tpi', 'udah', 'sakit', 'mohon', 'kerja', 'samanya', 'garena', 'jonanya', 'kurangin', 'dikit', 'sakitnya']","['jonanya', 'udah', 'ngga', 'ngotak', 'anjir', 'asiknya', 'war', 'tpi', 'jonanya', 'blum', 'kecil', 'bangat', 'tpi', 'udah', 'sakit', 'mohon', 'kerja', 'sama', 'garena', 'jonanya', 'rangin', 'dikit', 'sakit']",jonanya udah ngga ngotak anjir asiknya war tpi jonanya blum kecil bangat tpi udah sakit mohon kerja sama garena jonanya rangin dikit sakit
Misbah Embuy,1,2025-10-05 07:45:33,Bagus game nya tapi jaringan suka ngeleg padahal WiFi nya gak ngeleg,bagus game nya tapi jaringan suka ngeleg padahal wifi nya gak ngeleg,bagus game nya tapi jaringan suka ngeleg padahal wifi nya gak ngeleg,"['bagus', 'game', 'nya', 'tapi', 'jaringan', 'suka', 'ngeleg', 'padahal', 'wifi', 'nya', 'gak', 'ngeleg']","['bagus', 'game', 'nya', 'jaringan', 'suka', 'ngeleg', 'padahal', 'wifi', 'nya', 'gak', 'ngeleg']","['bagus', 'game', 'nya', 'jaring', 'suka', 'ngeleg', 'padahal', 'wifi', 'nya', 'gak', 'ngeleg']",bagus game nya jaring suka ngeleg padahal wifi nya gak ngeleg
Ema Lahirna,5,2025-10-05 07:39:52,"tolong Garena,aku minta SG traubelmaker 😁","tolong garena,aku minta sg traubelmaker 😁",tolong garenaaku minta sg traubelmaker,"['tolong', 'garenaaku', 'minta', 'sg', 'traubelmaker']","['garenaaku', 'minta', 'sg', 'traubelmaker']","['garenaaku', 'minta', 'sg', 'traubelmaker']",garenaaku minta sg traubelmaker
Gacor Selalu,5,2025-10-05 07:37:16,👍,👍,,[],[],[],
M.fauzan.R,5,2025-10-05 07:37:07,keren banget,keren banget,keren banget,"['keren', 'banget']","['keren', 'banget']","['keren', 'banget']",keren banget
FF. KAsIiHツ,5,2025-10-05 07:32:30,free fire sekarang makin hd🤗,free fire sekarang makin hd🤗,free fire sekarang makin hd,"['free', 'fire', 'sekarang', 'makin', 'hd']","['free', 'fire', 'sekarang', 'makin', 'hd']","['free', 'fire', 'sekarang', 'makin', 'hd']",free fire sekarang makin hd
BOCIL PUGB,1,2025-10-05 07:31:27,udah berapa lama main game ini makin lama makin burik dan akun saya hilang tidak pakai chit tiba tiba hilang game ini terlalu busuk,udah berapa lama main game ini makin lama makin burik dan akun saya hilang tidak pakai chit tiba tiba hilang game ini terlalu busuk,udah berapa lama main game ini makin lama makin burik dan akun saya hilang tidak pakai chit tiba tiba hilang game ini terlalu busuk,"['udah', 'berapa', 'lama', 'main', 'game', 'ini', 'makin', 'lama', 'makin', 'burik', 'dan', 'akun', 'saya', 'hilang', 'tidak', 'pakai', 'chit', 'tiba', 'tiba', 'hilang', 'game', 'ini', 'terlalu', 'busuk']","['udah', 'berapa', 'lama', 'main', 'game', 'makin', 'lama', 'makin', 'burik', 'akun', 'hilang', 'pakai', 'chit', 'tiba', 'tiba', 'hilang', 'game', 'terlalu', 'busuk']","['udah', 'berapa', 'lama', 'main', 'game', 'makin', 'lama', 'makin', 'burik', 'akun', 'hilang', 'pakai', 'chit', 'tiba', 'tiba', 'hilang', 'game', 'terlalu', 'busuk']",udah berapa lama main game makin lama makin burik akun hilang pakai chit tiba tiba hilang game terlalu busuk
Lu an,5,2025-10-05 07:29:52,bagus banget,bagus banget,bagus banget,"['bagus', 'banget']","['bagus', 'banget']","['bagus', 'banget']",bagus banget
Kahpi,1,2025-10-05 07:29:50,kurang terimakasih,kurang terimakasih,kurang terimakasih,"['kurang', 'terimakasih']","['kurang', 'terimakasih']","['kurang', 'terimakasih']",kurang terimakasih
Saepul Patia,5,2025-10-05 07:15:43,bagus,bagus,bagus,['bagus'],['bagus'],['bagus'],bagus
AIRLANGGA RISKI RAMADHAN,5,2025-10-05 07:07:52,anj kau Garena aku udah tembak musuh tapi darah musuh ngurang nya dikit banget anj kalo bikin Evo demeg nya jangan tinggi tholol😠😠😠,anj kau garena aku udah tembak musuh tapi darah musuh ngurang nya dikit banget anj kalo bikin evo demeg nya jangan tinggi tholol😠😠😠,anj kau garena aku udah tembak musuh tapi darah musuh ngurang nya dikit banget anj kalo bikin evo demeg nya jangan tinggi tholol,"['anj', 'kau', 'garena', 'aku', 'udah', 'tembak', 'musuh', 'tapi', 'darah', 'musuh', 'ngurang', 'nya', 'dikit', 'banget', 'anj', 'kalo', 'bikin', 'evo', 'demeg', 'nya', 'jangan', 'tinggi', 'tholol']","['anj', 'kau', 'garena', 'aku', 'udah', 'tembak', 'musuh', 'darah', 'musuh', 'ngurang', 'nya', 'dikit', 'banget', 'anj', 'kalo', 'bikin', 'evo', 'demeg', 'nya', 'jangan', 'tinggi', 'tholol']","['anj', 'kau', 'garena', 'aku', 'udah', 'tembak', 'musuh', 'darah', 'musuh', 'ngurang', 'nya', 'dikit', 'banget', 'anj', 'kalo', 'bikin', 'evo', 'deg', 'nya', 'jangan', 'tinggi', 'tholol']",anj kau garena aku udah tembak musuh darah musuh ngurang nya dikit banget anj kalo bikin evo deg nya jangan tinggi tholol
Rahmat Hidayatulloh,5,2025-10-05 07:07:14,bagus dan HD,bagus dan hd,bagus dan hd,"['bagus', 'dan', 'hd']","['bagus', 'hd']","['bagus', 'hd']",bagus hd
Robi Ansyah,5,2025-10-05 07:06:31,ᗩᛕᑌ Sᑌᛕᗩ ᗰᗩIᑎ Ǥᗩᗰᗴ IᑎI,ᗩᛕᑌ sᑌᛕᗩ ᗰᗩiᑎ ǥᗩᗰᗴ iᑎi,s i ii,"['s', 'i', 'ii']","['s', 'i', 'ii']","['s', 'i', 'ii']",s i ii
Tu perie T perie,1,2025-10-05 07:00:21,apalah bang Budi 01 gaming jadi gak main ff gara gara main blood strike Garena anj***,apalah bang budi 01 gaming jadi gak main ff gara gara main blood strike garena anj***,apalah bang budi gaming jadi gak main ff gara gara main blood strike garena anj,"['apalah', 'bang', 'budi', 'gaming', 'jadi', 'gak', 'main', 'ff', 'gara', 'gara', 'main', 'blood', 'strike', 'garena', 'anj']","['apalah', 'bang', 'budi', 'gaming', 'jadi', 'gak', 'main', 'ff', 'gara', 'gara', 'main', 'blood', 'strike', 'garena', 'anj']","['apa', 'bang', 'budi', 'gaming', 'jadi', 'gak', 'main', 'ff', 'gara', 'gara', 'main', 'blood', 'strike', 'garena', 'anj']",apa bang budi gaming jadi gak main ff gara gara main blood strike garena anj
klein Moretti,1,2025-10-05 06:58:59,sinyal selalu tidak stabil,sinyal selalu tidak stabil,sinyal selalu tidak stabil,"['sinyal', 'selalu', 'tidak', 'stabil']","['sinyal', 'selalu', 'stabil']","['sinyal', 'selalu', 'stabil']",sinyal selalu stabil
Bayugenteng 002,1,2025-10-05 06:55:50,game bak damagememek,game bak damagememek,game bak damagememek,"['game', 'bak', 'damagememek']","['game', 'bak', 'damagememek']","['game', 'bak', 'damagememek']",game bak damagememek
Pur Nomo,5,2025-10-05 06:50:23,saya rasa sih game ini cukup bagus dan tidak ngelag sinyal pun bagus update x ini free fire juga sangat seru tapi di cs agak ngelag kalau pakai senjata SG ngmong ngmong kenapa ya Garena?,saya rasa sih game ini cukup bagus dan tidak ngelag sinyal pun bagus update x ini free fire juga sangat seru tapi di cs agak ngelag kalau pakai senjata sg ngmong ngmong kenapa ya garena?,saya rasa sih game ini cukup bagus dan tidak ngelag sinyal pun bagus update x ini free fire juga sangat seru tapi di cs agak ngelag kalau pakai senjata sg ngmong ngmong kenapa ya garena,"['saya', 'rasa', 'sih', 'game', 'ini', 'cukup', 'bagus', 'dan', 'tidak', 'ngelag', 'sinyal', 'pun', 'bagus', 'update', 'x', 'ini', 'free', 'fire', 'juga', 'sangat', 'seru', 'tapi', 'di', 'cs', 'agak', 'ngelag', 'kalau', 'pakai', 'senjata', 'sg', 'ngmong', 'ngmong', 'kenapa', 'ya', 'garena']","['rasa', 'sih', 'game', 'cukup', 'bagus', 'ngelag', 'sinyal', 'bagus', 'update', 'x', 'free', 'fire', 'sangat', 'seru', 'cs', 'ngelag', 'kalau', 'pakai', 'senjata', 'sg', 'ngmong', 'ngmong', 'garena']","['rasa', 'sih', 'game', 'cukup', 'bagus', 'ngelag', 'sinyal', 'bagus', 'update', 'x', 'free', 'fire', 'sangat', 'seru', 'cs', 'ngelag', 'kalau', 'pakai', 'senjata', 'sg', 'ngmong', 'ngmong', 'garena']",rasa sih game cukup bagus ngelag sinyal bagus update x free fire sangat seru cs ngelag kalau pakai senjata sg ngmong ngmong garena
Andi Nur,3,2025-10-05 06:47:06,bagus banget menyenang kan pkok nya no komen,bagus banget menyenang kan pkok nya no komen,bagus banget menyenang kan pkok nya no komen,"['bagus', 'banget', 'menyenang', 'kan', 'pkok', 'nya', 'no', 'komen']","['bagus', 'banget', 'menyenang', 'kan', 'pkok', 'nya', 'no', 'komen']","['bagus', 'banget', 'senang', 'kan', 'pkok', 'nya', 'no', 'komen']",bagus banget senang kan pkok nya no komen
Jhefri Hairul,5,2025-10-05 06:46:25,game ini seru,game ini seru,game ini seru,"['game', 'ini', 'seru']","['game', 'seru']","['game', 'seru']",game seru
Dimas guntur Atmojo,2,2025-10-05 06:43:34,kok ada citer di cs gua jadi males pus cs tolong yang citer ya dibeent kalik,kok ada citer di cs gua jadi males pus cs tolong yang citer ya dibeent kalik,kok ada citer di cs gua jadi males pus cs tolong yang citer ya dibeent kalik,"['kok', 'ada', 'citer', 'di', 'cs', 'gua', 'jadi', 'males', 'pus', 'cs', 'tolong', 'yang', 'citer', 'ya', 'dibeent', 'kalik']","['kok', 'citer', 'cs', 'gua', 'jadi', 'males', 'pus', 'cs', 'citer', 'dibeent', 'kalik']","['kok', 'citer', 'cs', 'gua', 'jadi', 'males', 'pus', 'cs', 'citer', 'dibeent', 'kalik']",kok citer cs gua jadi males pus cs citer dibeent kalik
Fauzi Fauzi,5,2025-10-05 06:42:38,ok,ok,ok,['ok'],[],[],
Muhammad Haitsam Nabhan,5,2025-10-05 06:39:50,saya senang bermain game free fire,saya senang bermain game free fire,saya senang bermain game free fire,"['saya', 'senang', 'bermain', 'game', 'free', 'fire']","['senang', 'bermain', 'game', 'free', 'fire']","['senang', 'main', 'game', 'free', 'fire']",senang main game free fire
Putra harahap,5,2025-10-05 06:39:08,gacor,gacor,gacor,['gacor'],['gacor'],['gacor'],gacor
Stiven alfredo Ginting,5,2025-10-05 06:34:45,iw,iw,iw,['iw'],['iw'],['iw'],iw
Kellen Alvaro,5,2025-10-05 06:34:21,mantap,mantap,mantap,['mantap'],['mantap'],['mantap'],mantap
Ayu Pbg,5,2025-10-05 06:32:26,sangat surrr,sangat surrr,sangat surrr,"['sangat', 'surrr']","['sangat', 'surrr']","['sangat', 'surrr']",sangat surrr
Raihan Raihan,3,2025-10-05 06:29:45,gw ngeleh jaringannya bego bukan sengaja kalah,gw ngeleh jaringannya bego bukan sengaja kalah,gw ngeleh jaringannya bego bukan sengaja kalah,"['gw', 'ngeleh', 'jaringannya', 'bego', 'bukan', 'sengaja', 'kalah']","['gw', 'ngeleh', 'jaringannya', 'bego', 'bukan', 'sengaja', 'kalah']","['gw', 'ngeleh', 'jaring', 'bego', 'bukan', 'sengaja', 'kalah']",gw ngeleh jaring bego bukan sengaja kalah
Muhammad Naufal,5,2025-10-05 06:27:12,karena aku cinta ff,karena aku cinta ff,karena aku cinta ff,"['karena', 'aku', 'cinta', 'ff']","['aku', 'cinta', 'ff']","['aku', 'cinta', 'ff']",aku cinta ff
Dahab Bidin,5,2025-10-05 06:24:51,gem ya bagus dan bisa Mabar sama temen,gem ya bagus dan bisa mabar sama temen,gem ya bagus dan bisa mabar sama temen,"['gem', 'ya', 'bagus', 'dan', 'bisa', 'mabar', 'sama', 'temen']","['gem', 'bagus', 'mabar', 'sama', 'temen']","['gem', 'bagus', 'mabar', 'sama', 'temen']",gem bagus mabar sama temen
Yasin Yasin,1,2025-10-05 06:22:52,ini bagus tapi panutan kami gk di bolehin main sama garena kita nilai 1,ini bagus tapi panutan kami gk di bolehin main sama garena kita nilai 1,ini bagus tapi panutan kami gk di bolehin main sama garena kita nilai,"['ini', 'bagus', 'tapi', 'panutan', 'kami', 'gk', 'di', 'bolehin', 'main', 'sama', 'garena', 'kita', 'nilai']","['bagus', 'panutan', 'gk', 'bolehin', 'main', 'sama', 'garena', 'nilai']","['bagus', 'panutan', 'gk', 'bolehin', 'main', 'sama', 'garena', 'nilai']",bagus panutan gk bolehin main sama garena nilai
Kuthax bellen,5,2025-10-05 06:21:43,saya senang menjadi player ff semoga nanti kita bertemu lagi di masa dewasa,saya senang menjadi player ff semoga nanti kita bertemu lagi di masa dewasa,saya senang menjadi player ff semoga nanti kita bertemu lagi di masa dewasa,"['saya', 'senang', 'menjadi', 'player', 'ff', 'semoga', 'nanti', 'kita', 'bertemu', 'lagi', 'di', 'masa', 'dewasa']","['senang', 'menjadi', 'player', 'ff', 'semoga', 'bertemu', 'masa', 'dewasa']","['senang', 'jadi', 'player', 'ff', 'moga', 'temu', 'masa', 'dewasa']",senang jadi player ff moga temu masa dewasa
M. Abdillah Aufa,5,2025-10-05 06:20:13,seru,seru,seru,['seru'],['seru'],['seru'],seru
"RISKI ESECOBAR,",5,2025-10-05 06:17:23,keren banget game nya tapi kalo bisa tambahin pintu wkwkw 🤭,keren banget game nya tapi kalo bisa tambahin pintu wkwkw 🤭,keren banget game nya tapi kalo bisa tambahin pintu wkwkw,"['keren', 'banget', 'game', 'nya', 'tapi', 'kalo', 'bisa', 'tambahin', 'pintu', 'wkwkw']","['keren', 'banget', 'game', 'nya', 'kalo', 'tambahin', 'pintu', 'wkwkw']","['keren', 'banget', 'game', 'nya', 'kalo', 'tambahin', 'pintu', 'wkwkw']",keren banget game nya kalo tambahin pintu wkwkw
Yura Yura,5,2025-10-05 06:15:03,rorw,rorw,rorw,['rorw'],['rorw'],['rorw'],rorw
Mustamik Yusuf,1,2025-10-05 06:10:24,bg Budi salah apaan dh🗿,bg budi salah apaan dh🗿,bg budi salah apaan dh,"['bg', 'budi', 'salah', 'apaan', 'dh']","['bg', 'budi', 'salah', 'apaan', 'dh']","['bg', 'budi', 'salah', 'apa', 'dh']",bg budi salah apa dh
Yasin Yeo,5,2025-10-05 06:10:19,bagus,bagus,bagus,['bagus'],['bagus'],['bagus'],bagus
Rasyid Siddiq S,1,2025-10-05 06:08:41,"banyak bug seperti transaksi yang tidak di inginkan, padahal sudah melaporkan ke customer service masih tidak ada tindakan dan uang saya hilang gitu aja","banyak bug seperti transaksi yang tidak di inginkan, padahal sudah melaporkan ke customer service masih tidak ada tindakan dan uang saya hilang gitu aja",banyak bug seperti transaksi yang tidak di inginkan padahal sudah melaporkan ke customer service masih tidak ada tindakan dan uang saya hilang gitu aja,"['banyak', 'bug', 'seperti', 'transaksi', 'yang', 'tidak', 'di', 'inginkan', 'padahal', 'sudah', 'melaporkan', 'ke', 'customer', 'service', 'masih', 'tidak', 'ada', 'tindakan', 'dan', 'uang', 'saya', 'hilang', 'gitu', 'aja']","['banyak', 'bug', 'transaksi', 'inginkan', 'padahal', 'melaporkan', 'customer', 'service', 'tindakan', 'uang', 'hilang', 'gitu', 'aja']","['banyak', 'bug', 'transaksi', 'ingin', 'padahal', 'lapor', 'customer', 'service', 'tindak', 'uang', 'hilang', 'gitu', 'aja']",banyak bug transaksi ingin padahal lapor customer service tindak uang hilang gitu aja
Whindy Ginaya,5,2025-10-05 06:04:20,"game nya seru banget,bikin gk bosen deh","game nya seru banget,bikin gk bosen deh",game nya seru bangetbikin gk bosen deh,"['game', 'nya', 'seru', 'bangetbikin', 'gk', 'bosen', 'deh']","['game', 'nya', 'seru', 'bangetbikin', 'gk', 'bosen', 'deh']","['game', 'nya', 'seru', 'bangetbikin', 'gk', 'bosen', 'deh']",game nya seru bangetbikin gk bosen deh
Arju Dibu bayhaqi,3,2025-10-05 06:03:29,"Min tolong untuk yang main di pc,matcmakingnya diperbaiki,soalnya lama banget","min tolong untuk yang main di pc,matcmakingnya diperbaiki,soalnya lama banget",min tolong untuk yang main di pcmatcmakingnya diperbaikisoalnya lama banget,"['min', 'tolong', 'untuk', 'yang', 'main', 'di', 'pcmatcmakingnya', 'diperbaikisoalnya', 'lama', 'banget']","['min', 'main', 'pcmatcmakingnya', 'diperbaikisoalnya', 'lama', 'banget']","['min', 'main', 'pcmatcmakingnya', 'diperbaikisoalnya', 'lama', 'banget']",min main pcmatcmakingnya diperbaikisoalnya lama banget
Bilqis Saribanon,1,2025-10-05 06:02:06,GAME GK GOTAK DIKASIH LOSE STRIKE TERUS BAB1 GARENTOLLLLLLLL CAPEK GW DIKASIH DARK SISTEM BAB1,game gk gotak dikasih lose strike terus bab1 garentollllllll capek gw dikasih dark sistem bab1,game gk gotak dikasih lose strike terus bab garentollllllll capek gw dikasih dark sistem bab,"['game', 'gk', 'gotak', 'dikasih', 'lose', 'strike', 'terus', 'bab', 'garentollllllll', 'capek', 'gw', 'dikasih', 'dark', 'sistem', 'bab']","['game', 'gk', 'gotak', 'dikasih', 'lose', 'strike', 'terus', 'bab', 'garentollllllll', 'capek', 'gw', 'dikasih', 'dark', 'sistem', 'bab']","['game', 'gk', 'gotak', 'kasih', 'lose', 'strike', 'terus', 'bab', 'garentollllllll', 'capek', 'gw', 'kasih', 'dark', 'sistem', 'bab']",game gk gotak kasih lose strike terus bab garentollllllll capek gw kasih dark sistem bab
Gjlnvgnn Vmmk hy .u,1,2025-10-05 06:00:43,Game yg sangat jelek musuhnya sangat sulit,game yg sangat jelek musuhnya sangat sulit,game yg sangat jelek musuhnya sangat sulit,"['game', 'yg', 'sangat', 'jelek', 'musuhnya', 'sangat', 'sulit']","['game', 'yg', 'sangat', 'jelek', 'musuhnya', 'sangat', 'sulit']","['game', 'yg', 'sangat', 'jelek', 'musuh', 'sangat', 'sulit']",game yg sangat jelek musuh sangat sulit
SOTHEP PS,5,2025-10-05 05:57:53,👍👍👍👍👍👍👍👍👍👍👍💀👍👍bagus,👍👍👍👍👍👍👍👍👍👍👍💀👍👍bagus,bagus,['bagus'],['bagus'],['bagus'],bagus
Rudi W,3,2025-10-05 05:52:38,we kenapa TDK bisa masuk cuma tertulis starting,we kenapa tdk bisa masuk cuma tertulis starting,we kenapa tdk bisa masuk cuma tertulis starting,"['we', 'kenapa', 'tdk', 'bisa', 'masuk', 'cuma', 'tertulis', 'starting']","['we', 'tdk', 'masuk', 'cuma', 'tertulis', 'starting']","['we', 'tdk', 'masuk', 'cuma', 'tulis', 'starting']",we tdk masuk cuma tulis starting
Salman Alfarisy,5,2025-10-05 05:50:37,mintak skin,mintak skin,mintak skin,"['mintak', 'skin']","['mintak', 'skin']","['mintak', 'skin']",mintak skin
Aufa Fiddin,5,2025-10-05 05:48:37,jossss,jossss,jossss,['jossss'],['jossss'],['jossss'],jossss
Akun Baru 2025,5,2025-10-05 05:44:57,"game kikir,nyepin gak dapet dapet,panutan gua BG BUDI 01 GAMING gak bisa main karena terima endorse dari game sebelah,emangnya kenapa orang juga butuh duit kali,kerja sama aja gak ada sama game burik satu ini malah orang terima endorse gak terima,burik burik","game kikir,nyepin gak dapet dapet,panutan gua bg budi 01 gaming gak bisa main karena terima endorse dari game sebelah,emangnya kenapa orang juga butuh duit kali,kerja sama aja gak ada sama game burik satu ini malah orang terima endorse gak terima,burik burik",game kikirnyepin gak dapet dapetpanutan gua bg budi gaming gak bisa main karena terima endorse dari game sebelahemangnya kenapa orang juga butuh duit kalikerja sama aja gak ada sama game burik satu ini malah orang terima endorse gak terimaburik burik,"['game', 'kikirnyepin', 'gak', 'dapet', 'dapetpanutan', 'gua', 'bg', 'budi', 'gaming', 'gak', 'bisa', 'main', 'karena', 'terima', 'endorse', 'dari', 'game', 'sebelahemangnya', 'kenapa', 'orang', 'juga', 'butuh', 'duit', 'kalikerja', 'sama', 'aja', 'gak', 'ada', 'sama', 'game', 'burik', 'satu', 'ini', 'malah', 'orang', 'terima', 'endorse', 'gak', 'terimaburik', 'burik']","['game', 'kikirnyepin', 'gak', 'dapet', 'dapetpanutan', 'gua', 'bg', 'budi', 'gaming', 'gak', 'main', 'terima', 'endorse', 'game', 'sebelahemangnya', 'orang', 'butuh', 'duit', 'kalikerja', 'sama', 'aja', 'gak', 'sama', 'game', 'burik', 'satu', 'malah', 'orang', 'terima', 'endorse', 'gak', 'terimaburik', 'burik']","['game', 'kikirnyepin', 'gak', 'dapet', 'dapetpanutan', 'gua', 'bg', 'budi', 'gaming', 'gak', 'main', 'terima', 'endorse', 'game', 'sebelahemangnya', 'orang', 'butuh', 'duit', 'kalikerja', 'sama', 'aja', 'gak', 'sama', 'game', 'burik', 'satu', 'malah', 'orang', 'terima', 'endorse', 'gak', 'terimaburik', 'burik']",game kikirnyepin gak dapet dapetpanutan gua bg budi gaming gak main terima endorse game sebelahemangnya orang butuh duit kalikerja sama aja gak sama game burik satu malah orang terima endorse gak terimaburik burik
Kartika Pati,5,2025-10-05 05:44:22,seru Ama pacarr,seru ama pacarr,seru ama pacarr,"['seru', 'ama', 'pacarr']","['seru', 'ama', 'pacarr']","['seru', 'ama', 'pacarr']",seru ama pacarr
King Zoya,5,2025-10-05 05:42:57,kaloramafhan kasih event sg gratisan dongg,kaloramafhan kasih event sg gratisan dongg,kaloramafhan kasih event sg gratisan dongg,"['kaloramafhan', 'kasih', 'event', 'sg', 'gratisan', 'dongg']","['kaloramafhan', 'kasih', 'event', 'sg', 'gratisan', 'dongg']","['kaloramafhan', 'kasih', 'event', 'sg', 'gratis', 'dongg']",kaloramafhan kasih event sg gratis dongg
Ilham Slwly,5,2025-10-05 05:42:24,keren,keren,keren,['keren'],['keren'],['keren'],keren
Wa Wong,1,2025-10-05 05:41:17,ff udah enggak kaya dulu lagi,ff udah enggak kaya dulu lagi,ff udah enggak kaya dulu lagi,"['ff', 'udah', 'enggak', 'kaya', 'dulu', 'lagi']","['ff', 'udah', 'enggak', 'kaya', 'dulu']","['ff', 'udah', 'enggak', 'kaya', 'dulu']",ff udah enggak kaya dulu
Abdul Riziq,5,2025-10-05 05:39:26,seru banget,seru banget,seru banget,"['seru', 'banget']","['seru', 'banget']","['seru', 'banget']",seru banget
Made Angga,5,2025-10-05 05:38:04,tolong gif saya dm garena,tolong gif saya dm garena,tolong gif saya dm garena,"['tolong', 'gif', 'saya', 'dm', 'garena']","['gif', 'dm', 'garena']","['gif', 'dm', 'garena']",gif dm garena
Agus Dharma,5,2025-10-05 05:38:02,bagussseese,bagussseese,bagussseese,['bagussseese'],['bagussseese'],['bagussseese'],bagussseese
Desta Albarka,5,2025-10-05 05:28:17,bagus,bagus,bagus,['bagus'],['bagus'],['bagus'],bagus
Nuy Yaman,5,2025-10-05 05:28:01,game bagus sekali,game bagus sekali,game bagus sekali,"['game', 'bagus', 'sekali']","['game', 'bagus', 'sekali']","['game', 'bagus', 'sekali']",game bagus sekali
Narendra Gibran,5,2025-10-05 05:24:21,bagus,bagus,bagus,['bagus'],['bagus'],['bagus'],bagus
Seyla Aulia,5,2025-10-05 05:24:03,"bagus banget, apa lagi main nya pake apking bang Andra St beuhhh bagus deh hs terus","bagus banget, apa lagi main nya pake apking bang andra st beuhhh bagus deh hs terus",bagus banget apa lagi main nya pake apking bang andra st beuhhh bagus deh hs terus,"['bagus', 'banget', 'apa', 'lagi', 'main', 'nya', 'pake', 'apking', 'bang', 'andra', 'st', 'beuhhh', 'bagus', 'deh', 'hs', 'terus']","['bagus', 'banget', 'apa', 'main', 'nya', 'pake', 'apking', 'bang', 'andra', 'st', 'beuhhh', 'bagus', 'deh', 'hs', 'terus']","['bagus', 'banget', 'apa', 'main', 'nya', 'pake', 'apking', 'bang', 'andra', 'st', 'beuhhh', 'bagus', 'deh', 'hs', 'terus']",bagus banget apa main nya pake apking bang andra st beuhhh bagus deh hs terus
Deli Dwi cazinatul,1,2025-10-05 05:20:20,katanya game bagus kok waktu download kayak main di jaman Majapahit burik banget percuma max tapi burik 🤮🤮🤮🤮🤮🤮🤮🤮🤮🤮🤮🤮🤮🤮🤮🤮,katanya game bagus kok waktu download kayak main di jaman majapahit burik banget percuma max tapi burik 🤮🤮🤮🤮🤮🤮🤮🤮🤮🤮🤮🤮🤮🤮🤮🤮,katanya game bagus kok waktu download kayak main di jaman majapahit burik banget percuma max tapi burik,"['katanya', 'game', 'bagus', 'kok', 'waktu', 'download', 'kayak', 'main', 'di', 'jaman', 'majapahit', 'burik', 'banget', 'percuma', 'max', 'tapi', 'burik']","['katanya', 'game', 'bagus', 'kok', 'waktu', 'download', 'kayak', 'main', 'jaman', 'majapahit', 'burik', 'banget', 'percuma', 'max', 'burik']","['kata', 'game', 'bagus', 'kok', 'waktu', 'download', 'kayak', 'main', 'jaman', 'majapahit', 'burik', 'banget', 'percuma', 'max', 'burik']",kata game bagus kok waktu download kayak main jaman majapahit burik banget percuma max burik
Adityaa Rahman02,1,2025-10-05 05:19:56,mana keadilan tingkat kan dong keadilan dalam permainan jika pemain tim keluar maka permainan di katakan tidak sah karena tidak adil mana gak ada fitur penting ini setiap bermain pasti ada yang keluar pasti tapi mana keadilan ayo lah mana keadilan dalam permainan ini,mana keadilan tingkat kan dong keadilan dalam permainan jika pemain tim keluar maka permainan di katakan tidak sah karena tidak adil mana gak ada fitur penting ini setiap bermain pasti ada yang keluar pasti tapi mana keadilan ayo lah mana keadilan dalam permainan ini,mana keadilan tingkat kan dong keadilan dalam permainan jika pemain tim keluar maka permainan di katakan tidak sah karena tidak adil mana gak ada fitur penting ini setiap bermain pasti ada yang keluar pasti tapi mana keadilan ayo lah mana keadilan dalam permainan ini,"['mana', 'keadilan', 'tingkat', 'kan', 'dong', 'keadilan', 'dalam', 'permainan', 'jika', 'pemain', 'tim', 'keluar', 'maka', 'permainan', 'di', 'katakan', 'tidak', 'sah', 'karena', 'tidak', 'adil', 'mana', 'gak', 'ada', 'fitur', 'penting', 'ini', 'setiap', 'bermain', 'pasti', 'ada', 'yang', 'keluar', 'pasti', 'tapi', 'mana', 'keadilan', 'ayo', 'lah', 'mana', 'keadilan', 'dalam', 'permainan', 'ini']","['mana', 'keadilan', 'tingkat', 'kan', 'dong', 'keadilan', 'permainan', 'pemain', 'tim', 'keluar', 'permainan', 'katakan', 'sah', 'adil', 'mana', 'gak', 'fitur', 'penting', 'bermain', 'keluar', 'mana', 'keadilan', 'ayo', 'lah', 'mana', 'keadilan', 'permainan']","['mana', 'adil', 'tingkat', 'kan', 'dong', 'adil', 'main', 'main', 'tim', 'keluar', 'main', 'kata', 'sah', 'adil', 'mana', 'gak', 'fitur', 'penting', 'main', 'keluar', 'mana', 'adil', 'ayo', 'lah', 'mana', 'adil', 'main']",mana adil tingkat kan dong adil main main tim keluar main kata sah adil mana gak fitur penting main keluar mana adil ayo lah mana adil main
Sindi Agustiana,5,2025-10-05 05:18:12,sangat bagus,sangat bagus,sangat bagus,"['sangat', 'bagus']","['sangat', 'bagus']","['sangat', 'bagus']",sangat bagus
Raaa Wrrr,5,2025-10-05 05:16:42,game bagus,game bagus,game bagus,"['game', 'bagus']","['game', 'bagus']","['game', 'bagus']",game bagus
Iswah Yuti,5,2025-10-05 05:15:35,mantap,mantap,mantap,['mantap'],['mantap'],['mantap'],mantap
Dicky Azis Saputra,5,2025-10-05 05:15:19,seruu,seruu,seruu,['seruu'],['seruu'],['seruu'],seruu
Alfa Noor,5,2025-10-05 05:15:00,senjata dll nya bagus cuma akun ku kena blokir jadi pengawasan ff kurang baik jadi akun ku yang malah kena blokir karena si ornag ini nama akun nya kbof9999 dan nam aku. ku yang asli gak tahu pokok nya tolong dicari yah,senjata dll nya bagus cuma akun ku kena blokir jadi pengawasan ff kurang baik jadi akun ku yang malah kena blokir karena si ornag ini nama akun nya kbof9999 dan nam aku. ku yang asli gak tahu pokok nya tolong dicari yah,senjata dll nya bagus cuma akun ku kena blokir jadi pengawasan ff kurang baik jadi akun ku yang malah kena blokir karena si ornag ini nama akun nya kbof dan nam aku ku yang asli gak tahu pokok nya tolong dicari yah,"['senjata', 'dll', 'nya', 'bagus', 'cuma', 'akun', 'ku', 'kena', 'blokir', 'jadi', 'pengawasan', 'ff', 'kurang', 'baik', 'jadi', 'akun', 'ku', 'yang', 'malah', 'kena', 'blokir', 'karena', 'si', 'ornag', 'ini', 'nama', 'akun', 'nya', 'kbof', 'dan', 'nam', 'aku', 'ku', 'yang', 'asli', 'gak', 'tahu', 'pokok', 'nya', 'tolong', 'dicari', 'yah']","['senjata', 'nya', 'bagus', 'cuma', 'akun', 'ku', 'kena', 'blokir', 'jadi', 'pengawasan', 'ff', 'kurang', 'baik', 'jadi', 'akun', 'ku', 'malah', 'kena', 'blokir', 'si', 'ornag', 'nama', 'akun', 'nya', 'kbof', 'nam', 'aku', 'ku', 'asli', 'gak', 'tahu', 'pokok', 'nya', 'dicari', 'yah']","['senjata', 'nya', 'bagus', 'cuma', 'akun', 'ku', 'kena', 'blokir', 'jadi', 'awas', 'ff', 'kurang', 'baik', 'jadi', 'akun', 'ku', 'malah', 'kena', 'blokir', 'si', 'ornag', 'nama', 'akun', 'nya', 'kbof', 'nam', 'aku', 'ku', 'asli', 'gak', 'tahu', 'pokok', 'nya', 'cari', 'yah']",senjata nya bagus cuma akun ku kena blokir jadi awas ff kurang baik jadi akun ku malah kena blokir si ornag nama akun nya kbof nam aku ku asli gak tahu pokok nya cari yah
firzha putra,1,2025-10-05 05:14:01,kaga asik bet garena skrg,kaga asik bet garena skrg,kaga asik bet garena skrg,"['kaga', 'asik', 'bet', 'garena', 'skrg']","['kaga', 'asik', 'bet', 'garena', 'skrg']","['kaga', 'asik', 'bet', 'garena', 'skrg']",kaga asik bet garena skrg
Dianrasit Selametica,5,2025-10-05 05:13:36,mantap,mantap,mantap,['mantap'],['mantap'],['mantap'],mantap
Rizka Ramadani,5,2025-10-05 05:13:11,seruuu,seruuu,seruuu,['seruuu'],['seruuu'],['seruuu'],seruuu
Yuda Juliansyah,1,2025-10-05 05:10:34,apa sih anjjjjj timout Mulu ngetooodddd muak gua bgsttt game makin ke kontoI jaringan sama sinyal bagus,apa sih anjjjjj timout mulu ngetooodddd muak gua bgsttt game makin ke kontoi jaringan sama sinyal bagus,apa sih anjjjjj timout mulu ngetooodddd muak gua bgsttt game makin ke kontoi jaringan sama sinyal bagus,"['apa', 'sih', 'anjjjjj', 'timout', 'mulu', 'ngetooodddd', 'muak', 'gua', 'bgsttt', 'game', 'makin', 'ke', 'kontoi', 'jaringan', 'sama', 'sinyal', 'bagus']","['apa', 'sih', 'anjjjjj', 'timout', 'mulu', 'ngetooodddd', 'muak', 'gua', 'bgsttt', 'game', 'makin', 'kontoi', 'jaringan', 'sama', 'sinyal', 'bagus']","['apa', 'sih', 'anjjjjj', 'timout', 'mulu', 'ngetooodddd', 'muak', 'gua', 'bgsttt', 'game', 'makin', 'kontoi', 'jaring', 'sama', 'sinyal', 'bagus']",apa sih anjjjjj timout mulu ngetooodddd muak gua bgsttt game makin kontoi jaring sama sinyal bagus
Dwi Anandin,5,2025-10-05 05:09:41,seru main nyahh,seru main nyahh,seru main nyahh,"['seru', 'main', 'nyahh']","['seru', 'main', 'nyahh']","['seru', 'main', 'nyahh']",seru main nyahh
Ibnu Ibnu,1,2025-10-05 05:09:12,klo lagi main jaringannya selalu ngelek pas ada musuh tapi klo lagi loting jaringannya bagus hedehhh ini game yg brmasalah apa jaringan,klo lagi main jaringannya selalu ngelek pas ada musuh tapi klo lagi loting jaringannya bagus hedehhh ini game yg brmasalah apa jaringan,klo lagi main jaringannya selalu ngelek pas ada musuh tapi klo lagi loting jaringannya bagus hedehhh ini game yg brmasalah apa jaringan,"['klo', 'lagi', 'main', 'jaringannya', 'selalu', 'ngelek', 'pas', 'ada', 'musuh', 'tapi', 'klo', 'lagi', 'loting', 'jaringannya', 'bagus', 'hedehhh', 'ini', 'game', 'yg', 'brmasalah', 'apa', 'jaringan']","['klo', 'main', 'jaringannya', 'selalu', 'ngelek', 'pas', 'musuh', 'klo', 'loting', 'jaringannya', 'bagus', 'hedehhh', 'game', 'yg', 'brmasalah', 'apa', 'jaringan']","['klo', 'main', 'jaring', 'selalu', 'ngelek', 'pas', 'musuh', 'klo', 'loting', 'jaring', 'bagus', 'hedehhh', 'game', 'yg', 'brmasalah', 'apa', 'jaring']",klo main jaring selalu ngelek pas musuh klo loting jaring bagus hedehhh game yg brmasalah apa jaring
Cipto Prasetiawan,5,2025-10-05 05:08:48,senang,senang,senang,['senang'],['senang'],['senang'],senang
Nnzjgj Rawr,1,2025-10-05 05:07:34,"MAAF SEBELUM NYA SAYA SUDAH MEMBERIKAN RATTING 1, DIKARENAKAN DARI PIHAK GARENA, TIDAK KONSISTEN KEPADA YOUTUBER FREFIRE, YANG DI BLACKLIS OLEH GARENA SEHINGGA YOTUBER TERSEBUT TIDAK BISA BERMAIN, DISINI SAYA TIDAK MENYEBUT KAN SIAPA YOUTUBER TERSEBUT. MOHON BUAT GARENA AGAR DI TINDAK LANJUTI, TERMIKASIH...","maaf sebelum nya saya sudah memberikan ratting 1, dikarenakan dari pihak garena, tidak konsisten kepada youtuber frefire, yang di blacklis oleh garena sehingga yotuber tersebut tidak bisa bermain, disini saya tidak menyebut kan siapa youtuber tersebut. mohon buat garena agar di tindak lanjuti, termikasih...",maaf sebelum nya saya sudah memberikan ratting dikarenakan dari pihak garena tidak konsisten kepada youtuber frefire yang di blacklis oleh garena sehingga yotuber tersebut tidak bisa bermain disini saya tidak menyebut kan siapa youtuber tersebut mohon buat garena agar di tindak lanjuti termikasih,"['maaf', 'sebelum', 'nya', 'saya', 'sudah', 'memberikan', 'ratting', 'dikarenakan', 'dari', 'pihak', 'garena', 'tidak', 'konsisten', 'kepada', 'youtuber', 'frefire', 'yang', 'di', 'blacklis', 'oleh', 'garena', 'sehingga', 'yotuber', 'tersebut', 'tidak', 'bisa', 'bermain', 'disini', 'saya', 'tidak', 'menyebut', 'kan', 'siapa', 'youtuber', 'tersebut', 'mohon', 'buat', 'garena', 'agar', 'di', 'tindak', 'lanjuti', 'termikasih']","['maaf', 'nya', 'memberikan', 'ratting', 'dikarenakan', 'pihak', 'garena', 'konsisten', 'youtuber', 'frefire', 'blacklis', 'garena', 'yotuber', 'tersebut', 'bermain', 'disini', 'menyebut', 'kan', 'siapa', 'youtuber', 'tersebut', 'mohon', 'buat', 'garena', 'tindak', 'lanjuti', 'termikasih']","['maaf', 'nya', 'beri', 'ratting', 'karena', 'pihak', 'garena', 'konsisten', 'youtuber', 'frefire', 'blacklis', 'garena', 'yotuber', 'sebut', 'main', 'sini', 'sebut', 'kan', 'siapa', 'youtuber', 'sebut', 'mohon', 'buat', 'garena', 'tindak', 'lanjut', 'termikasih']",maaf nya beri ratting karena pihak garena konsisten youtuber frefire blacklis garena yotuber sebut main sini sebut kan siapa youtuber sebut mohon buat garena tindak lanjut termikasih
Achmad Takdir,5,2025-10-05 05:07:28,suka,suka,suka,['suka'],['suka'],['suka'],suka
Rian,5,2025-10-05 05:04:18,apik,apik,apik,['apik'],['apik'],['apik'],apik
Muhammad Rayi Ibrahim,1,2025-10-05 05:03:52,game burik banyak bug buset benerin tuh masa di kasi 999 jaringan dasar garena hama,game burik banyak bug buset benerin tuh masa di kasi 999 jaringan dasar garena hama,game burik banyak bug buset benerin tuh masa di kasi jaringan dasar garena hama,"['game', 'burik', 'banyak', 'bug', 'buset', 'benerin', 'tuh', 'masa', 'di', 'kasi', 'jaringan', 'dasar', 'garena', 'hama']","['game', 'burik', 'banyak', 'bug', 'buset', 'benerin', 'tuh', 'masa', 'kasi', 'jaringan', 'dasar', 'garena', 'hama']","['game', 'burik', 'banyak', 'bug', 'buset', 'benerin', 'tuh', 'masa', 'kasi', 'jaring', 'dasar', 'garena', 'hama']",game burik banyak bug buset benerin tuh masa kasi jaring dasar garena hama
muhamad arif,5,2025-10-05 05:03:38,seru,seru,seru,['seru'],['seru'],['seru'],seru
Virlexx Arlexx,1,2025-10-05 05:02:39,gak niat,gak niat,gak niat,"['gak', 'niat']","['gak', 'niat']","['gak', 'niat']",gak niat
Ero,5,2025-10-05 04:57:43,"masa pas lagi main rank padahal tinggal 5 lagi naik master malah ""akun anda ada diperangkat lain"" mana turun 50 lagi serius lah buat game buat sakit hati aja game ni","masa pas lagi main rank padahal tinggal 5 lagi naik master malah ""akun anda ada diperangkat lain"" mana turun 50 lagi serius lah buat game buat sakit hati aja game ni",masa pas lagi main rank padahal tinggal lagi naik master malah akun anda ada diperangkat lain mana turun lagi serius lah buat game buat sakit hati aja game ni,"['masa', 'pas', 'lagi', 'main', 'rank', 'padahal', 'tinggal', 'lagi', 'naik', 'master', 'malah', 'akun', 'anda', 'ada', 'diperangkat', 'lain', 'mana', 'turun', 'lagi', 'serius', 'lah', 'buat', 'game', 'buat', 'sakit', 'hati', 'aja', 'game', 'ni']","['masa', 'pas', 'main', 'rank', 'padahal', 'tinggal', 'naik', 'master', 'malah', 'akun', 'diperangkat', 'mana', 'turun', 'serius', 'lah', 'buat', 'game', 'buat', 'sakit', 'hati', 'aja', 'game', 'ni']","['masa', 'pas', 'main', 'rank', 'padahal', 'tinggal', 'naik', 'master', 'malah', 'akun', 'perangkat', 'mana', 'turun', 'serius', 'lah', 'buat', 'game', 'buat', 'sakit', 'hati', 'aja', 'game', 'ni']",masa pas main rank padahal tinggal naik master malah akun perangkat mana turun serius lah buat game buat sakit hati aja game ni
Aditya Prayoga,5,2025-10-05 04:57:42,bagus,bagus,bagus,['bagus'],['bagus'],['bagus'],bagus
Putra Kusuma,1,2025-10-05 04:53:37,saya kecewa kepada pihak Garena karena bg Budi GK di bolehin main ff LG,saya kecewa kepada pihak garena karena bg budi gk di bolehin main ff lg,saya kecewa kepada pihak garena karena bg budi gk di bolehin main ff lg,"['saya', 'kecewa', 'kepada', 'pihak', 'garena', 'karena', 'bg', 'budi', 'gk', 'di', 'bolehin', 'main', 'ff', 'lg']","['kecewa', 'pihak', 'garena', 'bg', 'budi', 'gk', 'bolehin', 'main', 'ff', 'lg']","['kecewa', 'pihak', 'garena', 'bg', 'budi', 'gk', 'bolehin', 'main', 'ff', 'lg']",kecewa pihak garena bg budi gk bolehin main ff lg
marc mharjoune,1,2025-10-05 04:52:25,"Burik bang graphic nya,gerakan nya juga kaku,gak sometris gak lentur seperti pubg","burik bang graphic nya,gerakan nya juga kaku,gak sometris gak lentur seperti pubg",burik bang graphic nyagerakan nya juga kakugak sometris gak lentur seperti pubg,"['burik', 'bang', 'graphic', 'nyagerakan', 'nya', 'juga', 'kakugak', 'sometris', 'gak', 'lentur', 'seperti', 'pubg']","['burik', 'bang', 'graphic', 'nyagerakan', 'nya', 'kakugak', 'sometris', 'gak', 'lentur', 'pubg']","['burik', 'bang', 'graphic', 'nyagerakan', 'nya', 'kakugak', 'sometris', 'gak', 'lentur', 'pubg']",burik bang graphic nyagerakan nya kakugak sometris gak lentur pubg
Lepe Sepe,5,2025-10-05 04:50:40,geme bagus,geme bagus,geme bagus,"['geme', 'bagus']","['geme', 'bagus']","['geme', 'bagus']",geme bagus
bm kens,5,2025-10-05 04:50:01,gamenyaa baguss bgt,gamenyaa baguss bgt,gamenyaa baguss bgt,"['gamenyaa', 'baguss', 'bgt']","['gamenyaa', 'baguss', 'bgt']","['gamenyaa', 'baguss', 'bgt']",gamenyaa baguss bgt
Dino Dini,1,2025-10-05 04:47:25,jelek bet eventnya dan kenapa bang Budi di BL,jelek bet eventnya dan kenapa bang budi di bl,jelek bet eventnya dan kenapa bang budi di bl,"['jelek', 'bet', 'eventnya', 'dan', 'kenapa', 'bang', 'budi', 'di', 'bl']","['jelek', 'bet', 'eventnya', 'bang', 'budi', 'bl']","['jelek', 'bet', 'eventnya', 'bang', 'budi', 'bl']",jelek bet eventnya bang budi bl
Leon 1313,5,2025-10-05 04:43:18,i like ff,i like ff,i like ff,"['i', 'like', 'ff']","['i', 'like', 'ff']","['i', 'like', 'ff']",i like ff
Adrian Adrian,1,2025-10-05 04:35:35,plis SG peluru 1 di nerf lah soalnya ledakannya,plis sg peluru 1 di nerf lah soalnya ledakannya,plis sg peluru di nerf lah soalnya ledakannya,"['plis', 'sg', 'peluru', 'di', 'nerf', 'lah', 'soalnya', 'ledakannya']","['plis', 'sg', 'peluru', 'nerf', 'lah', 'soalnya', 'ledakannya']","['plis', 'sg', 'peluru', 'nerf', 'lah', 'soal', 'ledak']",plis sg peluru nerf lah soal ledak
Adiba Adibi,5,2025-10-05 04:35:16,Gem kesayangan,gem kesayangan,gem kesayangan,"['gem', 'kesayangan']","['gem', 'kesayangan']","['gem', 'sayang']",gem sayang
Ari Saja,1,2025-10-05 04:34:34,gem yh bagus mantap uptimal kn yh bng,gem yh bagus mantap uptimal kn yh bng,gem yh bagus mantap uptimal kn yh bng,"['gem', 'yh', 'bagus', 'mantap', 'uptimal', 'kn', 'yh', 'bng']","['gem', 'yh', 'bagus', 'mantap', 'uptimal', 'kn', 'yh', 'bng']","['gem', 'yh', 'bagus', 'mantap', 'uptimal', 'kn', 'yh', 'bng']",gem yh bagus mantap uptimal kn yh bng
Khaidir Eko,5,2025-10-05 04:32:12,mantap,mantap,mantap,['mantap'],['mantap'],['mantap'],mantap
Fitnawati,5,2025-10-05 04:26:59,mantap👍,mantap👍,mantap,['mantap'],['mantap'],['mantap'],mantap
Kar Kartini,1,2025-10-05 04:23:44,game jemboot,game jemboot,game jemboot,"['game', 'jemboot']","['game', 'jemboot']","['game', 'jemboot']",game jemboot
Sriyati,5,2025-10-05 04:23:25,bagus game nya,bagus game nya,bagus game nya,"['bagus', 'game', 'nya']","['bagus', 'game', 'nya']","['bagus', 'game', 'nya']",bagus game nya
Intan Anggraini,5,2025-10-05 04:21:17,seru bangett,seru bangett,seru bangett,"['seru', 'bangett']","['seru', 'bangett']","['seru', 'bangett']",seru bangett
Al Fajar,5,2025-10-05 04:20:41,👍👍👍👍👍👍👍👍👍👍👍,👍👍👍👍👍👍👍👍👍👍👍,,[],[],[],
fabian aimGOOD,1,2025-10-05 04:17:44,bang budi ga bisa main nih. biar di bales gw kasih bintang 1😹🤭,bang budi ga bisa main nih. biar di bales gw kasih bintang 1😹🤭,bang budi ga bisa main nih biar di bales gw kasih bintang,"['bang', 'budi', 'ga', 'bisa', 'main', 'nih', 'biar', 'di', 'bales', 'gw', 'kasih', 'bintang']","['bang', 'budi', 'ga', 'main', 'nih', 'biar', 'bales', 'gw', 'kasih', 'bintang']","['bang', 'budi', 'ga', 'main', 'nih', 'biar', 'bales', 'gw', 'kasih', 'bintang']",bang budi ga main nih biar bales gw kasih bintang
Cece Kurniawan,5,2025-10-05 04:15:26,geme ini mengajarkan bagaimana perang ⭐⭐⭐⭐⭐,geme ini mengajarkan bagaimana perang ⭐⭐⭐⭐⭐,geme ini mengajarkan bagaimana perang,"['geme', 'ini', 'mengajarkan', 'bagaimana', 'perang']","['geme', 'mengajarkan', 'bagaimana', 'perang']","['geme', 'ajar', 'bagaimana', 'perang']",geme ajar bagaimana perang
Esihh,5,2025-10-05 04:08:18,sangat seru,sangat seru,sangat seru,"['sangat', 'seru']","['sangat', 'seru']","['sangat', 'seru']",sangat seru
Maulana Rizal,1,2025-10-05 04:07:35,kebanyakan bug an*,kebanyakan bug an*,kebanyakan bug an,"['kebanyakan', 'bug', 'an']","['kebanyakan', 'bug', 'an']","['banyak', 'bug', 'an']",banyak bug an
Stoksurya,5,2025-10-05 04:06:18,emang game ini selalu di hati,emang game ini selalu di hati,emang game ini selalu di hati,"['emang', 'game', 'ini', 'selalu', 'di', 'hati']","['emang', 'game', 'selalu', 'hati']","['emang', 'game', 'selalu', 'hati']",emang game selalu hati
Hp ku kenak Reset,1,2025-10-05 04:06:08,BG BUDI PENSI KARENA GARENA AJI INI,bg budi pensi karena garena aji ini,bg budi pensi karena garena aji ini,"['bg', 'budi', 'pensi', 'karena', 'garena', 'aji', 'ini']","['bg', 'budi', 'pensi', 'garena', 'aji']","['bg', 'budi', 'pensi', 'garena', 'aji']",bg budi pensi garena aji
JOMBLO HEPPY,5,2025-10-05 04:04:16,gudz,gudz,gudz,['gudz'],['gudz'],['gudz'],gudz
Tio Tio,1,2025-10-05 04:04:15,Garena lu kasih musuh ga kira kira jagoan giliran tim aja beban eh lu kalau mau jadi garena yang bener lu juga ga kasih gu kesempatan hoki ga di kasih mau Rengk Master ga boleh mau lu apasih ini bukan hinaan tapi peringatan banyk orang orang jadi miskin karena Sepin tiap hari. abis Top-up pas nyepin ga hoki makanya gua pensi. ini bukan hina ya garena yaa tapi ini peringatan.,garena lu kasih musuh ga kira kira jagoan giliran tim aja beban eh lu kalau mau jadi garena yang bener lu juga ga kasih gu kesempatan hoki ga di kasih mau rengk master ga boleh mau lu apasih ini bukan hinaan tapi peringatan banyk orang orang jadi miskin karena sepin tiap hari. abis top-up pas nyepin ga hoki makanya gua pensi. ini bukan hina ya garena yaa tapi ini peringatan.,garena lu kasih musuh ga kira kira jagoan giliran tim aja beban eh lu kalau mau jadi garena yang bener lu juga ga kasih gu kesempatan hoki ga di kasih mau rengk master ga boleh mau lu apasih ini bukan hinaan tapi peringatan banyk orang orang jadi miskin karena sepin tiap hari abis topup pas nyepin ga hoki makanya gua pensi ini bukan hina ya garena yaa tapi ini peringatan,"['garena', 'lu', 'kasih', 'musuh', 'ga', 'kira', 'kira', 'jagoan', 'giliran', 'tim', 'aja', 'beban', 'eh', 'lu', 'kalau', 'mau', 'jadi', 'garena', 'yang', 'bener', 'lu', 'juga', 'ga', 'kasih', 'gu', 'kesempatan', 'hoki', 'ga', 'di', 'kasih', 'mau', 'rengk', 'master', 'ga', 'boleh', 'mau', 'lu', 'apasih', 'ini', 'bukan', 'hinaan', 'tapi', 'peringatan', 'banyk', 'orang', 'orang', 'jadi', 'miskin', 'karena', 'sepin', 'tiap', 'hari', 'abis', 'topup', 'pas', 'nyepin', 'ga', 'hoki', 'makanya', 'gua', 'pensi', 'ini', 'bukan', 'hina', 'ya', 'garena', 'yaa', 'tapi', 'ini', 'peringatan']","['garena', 'lu', 'kasih', 'musuh', 'ga', 'kira', 'kira', 'jagoan', 'giliran', 'tim', 'aja', 'beban', 'eh', 'lu', 'kalau', 'mau', 'jadi', 'garena', 'bener', 'lu', 'ga', 'kasih', 'gu', 'kesempatan', 'hoki', 'ga', 'kasih', 'mau', 'rengk', 'master', 'ga', 'mau', 'lu', 'apasih', 'bukan', 'hinaan', 'peringatan', 'banyk', 'orang', 'orang', 'jadi', 'miskin', 'sepin', 'tiap', 'hari', 'abis', 'topup', 'pas', 'nyepin', 'ga', 'hoki', 'makanya', 'gua', 'pensi', 'bukan', 'hina', 'garena', 'yaa', 'peringatan']","['garena', 'lu', 'kasih', 'musuh', 'ga', 'kira', 'kira', 'jago', 'gilir', 'tim', 'aja', 'beban', 'eh', 'lu', 'kalau', 'mau', 'jadi', 'garena', 'bener', 'lu', 'ga', 'kasih', 'gu', 'sempat', 'hoki', 'ga', 'kasih', 'mau', 'rengk', 'master', 'ga', 'mau', 'lu', 'apasih', 'bukan', 'hina', 'ingat', 'banyk', 'orang', 'orang', 'jadi', 'miskin', 'pin', 'tiap', 'hari', 'abis', 'topup', 'pas', 'nyepin', 'ga', 'hoki', 'makanya', 'gua', 'pensi', 'bukan', 'hina', 'garena', 'yaa', 'ingat']",garena lu kasih musuh ga kira kira jago gilir tim aja beban eh lu kalau mau jadi garena bener lu ga kasih gu sempat hoki ga kasih mau rengk master ga mau lu apasih bukan hina ingat banyk orang orang jadi miskin pin tiap hari abis topup pas nyepin ga hoki makanya gua pensi bukan hina garena yaa ingat
Melati Redmi,5,2025-10-05 04:03:15,ini sngat seru!!,ini sngat seru!!,ini sngat seru,"['ini', 'sngat', 'seru']","['sngat', 'seru']","['sngat', 'seru']",sngat seru
Horas Horas siregar,3,2025-10-05 03:59:36,"perbaiki lagi dong game nya jaringan nya 999+ Mulu anj padahal wifi gw aman ke tiktok,yt masih bisa Napa di ff merah perbaiki lagi dong","perbaiki lagi dong game nya jaringan nya 999+ mulu anj padahal wifi gw aman ke tiktok,yt masih bisa napa di ff merah perbaiki lagi dong",perbaiki lagi dong game nya jaringan nya mulu anj padahal wifi gw aman ke tiktokyt masih bisa napa di ff merah perbaiki lagi dong,"['perbaiki', 'lagi', 'dong', 'game', 'nya', 'jaringan', 'nya', 'mulu', 'anj', 'padahal', 'wifi', 'gw', 'aman', 'ke', 'tiktokyt', 'masih', 'bisa', 'napa', 'di', 'ff', 'merah', 'perbaiki', 'lagi', 'dong']","['perbaiki', 'dong', 'game', 'nya', 'jaringan', 'nya', 'mulu', 'anj', 'padahal', 'wifi', 'gw', 'aman', 'tiktokyt', 'napa', 'ff', 'merah', 'perbaiki', 'dong']","['baik', 'dong', 'game', 'nya', 'jaring', 'nya', 'mulu', 'anj', 'padahal', 'wifi', 'gw', 'aman', 'tiktokyt', 'napa', 'ff', 'merah', 'baik', 'dong']",baik dong game nya jaring nya mulu anj padahal wifi gw aman tiktokyt napa ff merah baik dong
Ok Oki,1,2025-10-05 03:56:05,game kikir,game kikir,game kikir,"['game', 'kikir']","['game', 'kikir']","['game', 'kikir']",game kikir
Ra Fa,1,2025-10-05 03:56:03,ff ini sangat asu ff koyok asu,ff ini sangat asu ff koyok asu,ff ini sangat asu ff koyok asu,"['ff', 'ini', 'sangat', 'asu', 'ff', 'koyok', 'asu']","['ff', 'sangat', 'asu', 'ff', 'koyok', 'asu']","['ff', 'sangat', 'asu', 'ff', 'koyok', 'asu']",ff sangat asu ff koyok asu
Wisnu S,1,2025-10-05 03:54:25,gak bisa beli pakai pulsa 🌟 1,gak bisa beli pakai pulsa 🌟 1,gak bisa beli pakai pulsa,"['gak', 'bisa', 'beli', 'pakai', 'pulsa']","['gak', 'beli', 'pakai', 'pulsa']","['gak', 'beli', 'pakai', 'pulsa']",gak beli pakai pulsa
Revan Adi,5,2025-10-05 03:45:31,sangat bagus,sangat bagus,sangat bagus,"['sangat', 'bagus']","['sangat', 'bagus']","['sangat', 'bagus']",sangat bagus
Ibra.muhammad Ibramuhammad,5,2025-10-05 03:43:05,mantap,mantap,mantap,['mantap'],['mantap'],['mantap'],mantap
Reski Aditya,5,2025-10-05 03:41:06,akhirnya comeback lagi sekian lama,akhirnya comeback lagi sekian lama,akhirnya comeback lagi sekian lama,"['akhirnya', 'comeback', 'lagi', 'sekian', 'lama']","['akhirnya', 'comeback', 'sekian', 'lama']","['akhir', 'comeback', 'sekian', 'lama']",akhir comeback sekian lama
Paulinus Weky01,5,2025-10-05 03:40:55,player old peak com GARENA yang terbaik sepanjang hidupku,player old peak com garena yang terbaik sepanjang hidupku,player old peak com garena yang terbaik sepanjang hidupku,"['player', 'old', 'peak', 'com', 'garena', 'yang', 'terbaik', 'sepanjang', 'hidupku']","['player', 'old', 'peak', 'com', 'garena', 'terbaik', 'sepanjang', 'hidupku']","['player', 'old', 'peak', 'com', 'garena', 'baik', 'panjang', 'hidup']",player old peak com garena baik panjang hidup
gibranfico fico,5,2025-10-05 03:40:27,kerennn sakaliiiii,kerennn sakaliiiii,kerennn sakaliiiii,"['kerennn', 'sakaliiiii']","['kerennn', 'sakaliiiii']","['kerennn', 'sakaliiiii']",kerennn sakaliiiii
Fitrianur Syaumi,4,2025-10-05 03:37:35,gatau kalo Bosen main roblox pindah ke epep tapi epep seru,gatau kalo bosen main roblox pindah ke epep tapi epep seru,gatau kalo bosen main roblox pindah ke epep tapi epep seru,"['gatau', 'kalo', 'bosen', 'main', 'roblox', 'pindah', 'ke', 'epep', 'tapi', 'epep', 'seru']","['gatau', 'kalo', 'bosen', 'main', 'roblox', 'pindah', 'epep', 'epep', 'seru']","['gatau', 'kalo', 'bosen', 'main', 'roblox', 'pindah', 'epep', 'epep', 'seru']",gatau kalo bosen main roblox pindah epep epep seru
Nissa Miftahul zanah,5,2025-10-05 03:34:03,bagus,bagus,bagus,['bagus'],['bagus'],['bagus'],bagus
Noval,5,2025-10-05 03:32:39,mantap sekali,mantap sekali,mantap sekali,"['mantap', 'sekali']","['mantap', 'sekali']","['mantap', 'sekali']",mantap sekali
Daffa Nissa,5,2025-10-05 03:31:13,bagus,bagus,bagus,['bagus'],['bagus'],['bagus'],bagus
Fa Rel_gg,3,2025-10-05 03:29:59,Garena tolong peak yang dulu di kembalikan please temen ku pada marah 🙏😭,garena tolong peak yang dulu di kembalikan please temen ku pada marah 🙏😭,garena tolong peak yang dulu di kembalikan please temen ku pada marah,"['garena', 'tolong', 'peak', 'yang', 'dulu', 'di', 'kembalikan', 'please', 'temen', 'ku', 'pada', 'marah']","['garena', 'peak', 'dulu', 'kembalikan', 'please', 'temen', 'ku', 'marah']","['garena', 'peak', 'dulu', 'kembali', 'please', 'temen', 'ku', 'marah']",garena peak dulu kembali please temen ku marah
Ahmad Azzam,1,2025-10-05 03:28:43,game burik,game burik,game burik,"['game', 'burik']","['game', 'burik']","['game', 'burik']",game burik
hafidz 02 gaming,1,2025-10-05 03:28:38,knp sekarang gk bisa login pake data kartu Telkomsel,knp sekarang gk bisa login pake data kartu telkomsel,knp sekarang gk bisa login pake data kartu telkomsel,"['knp', 'sekarang', 'gk', 'bisa', 'login', 'pake', 'data', 'kartu', 'telkomsel']","['knp', 'sekarang', 'gk', 'login', 'pake', 'data', 'kartu', 'telkomsel']","['knp', 'sekarang', 'gk', 'login', 'pake', 'data', 'kartu', 'telkomsel']",knp sekarang gk login pake data kartu telkomsel
Putra Ikhtiar,1,2025-10-05 03:28:33,makin sepi ini game kek mana?,makin sepi ini game kek mana?,makin sepi ini game kek mana,"['makin', 'sepi', 'ini', 'game', 'kek', 'mana']","['makin', 'sepi', 'game', 'kek', 'mana']","['makin', 'sepi', 'game', 'kek', 'mana']",makin sepi game kek mana
M Althaf A.F,1,2025-10-05 03:27:42,woyyyyy garenaaa yang bener aja lah ajg masa iya gua udh download daleman nya malah kehapus dengan sendirinya dan itu memakan banyak memori terus memori HP saya tetep sama segitu gaada yang kehapus jadi saya download daleman di in game double tolonglah perbaikin saya ga terlalu masalah dengan memori tapi bagi orang yang memori nya pas pas sangat berpengaruh dan ga nyaman ajggg,woyyyyy garenaaa yang bener aja lah ajg masa iya gua udh download daleman nya malah kehapus dengan sendirinya dan itu memakan banyak memori terus memori hp saya tetep sama segitu gaada yang kehapus jadi saya download daleman di in game double tolonglah perbaikin saya ga terlalu masalah dengan memori tapi bagi orang yang memori nya pas pas sangat berpengaruh dan ga nyaman ajggg,woyyyyy garenaaa yang bener aja lah ajg masa iya gua udh download daleman nya malah kehapus dengan sendirinya dan itu memakan banyak memori terus memori hp saya tetep sama segitu gaada yang kehapus jadi saya download daleman di in game double tolonglah perbaikin saya ga terlalu masalah dengan memori tapi bagi orang yang memori nya pas pas sangat berpengaruh dan ga nyaman ajggg,"['woyyyyy', 'garenaaa', 'yang', 'bener', 'aja', 'lah', 'ajg', 'masa', 'iya', 'gua', 'udh', 'download', 'daleman', 'nya', 'malah', 'kehapus', 'dengan', 'sendirinya', 'dan', 'itu', 'memakan', 'banyak', 'memori', 'terus', 'memori', 'hp', 'saya', 'tetep', 'sama', 'segitu', 'gaada', 'yang', 'kehapus', 'jadi', 'saya', 'download', 'daleman', 'di', 'in', 'game', 'double', 'tolonglah', 'perbaikin', 'saya', 'ga', 'terlalu', 'masalah', 'dengan', 'memori', 'tapi', 'bagi', 'orang', 'yang', 'memori', 'nya', 'pas', 'pas', 'sangat', 'berpengaruh', 'dan', 'ga', 'nyaman', 'ajggg']","['woyyyyy', 'garenaaa', 'bener', 'aja', 'lah', 'ajg', 'masa', 'iya', 'gua', 'udh', 'download', 'daleman', 'nya', 'malah', 'kehapus', 'sendirinya', 'memakan', 'banyak', 'memori', 'terus', 'memori', 'hp', 'tetep', 'sama', 'segitu', 'gaada', 'kehapus', 'jadi', 'download', 'daleman', 'in', 'game', 'double', 'tolonglah', 'perbaikin', 'ga', 'terlalu', 'masalah', 'memori', 'orang', 'memori', 'nya', 'pas', 'pas', 'sangat', 'berpengaruh', 'ga', 'nyaman', 'ajggg']","['woyyyyy', 'garenaaa', 'bener', 'aja', 'lah', 'ajg', 'masa', 'iya', 'gua', 'udh', 'download', 'dalem', 'nya', 'malah', 'hapus', 'sendiri', 'makan', 'banyak', 'memori', 'terus', 'memori', 'hp', 'tetep', 'sama', 'segitu', 'gaada', 'hapus', 'jadi', 'download', 'dalem', 'in', 'game', 'double', 'tolong', 'perbaikin', 'ga', 'terlalu', 'masalah', 'memori', 'orang', 'memori', 'nya', 'pas', 'pas', 'sangat', 'pengaruh', 'ga', 'nyaman', 'ajggg']",woyyyyy garenaaa bener aja lah ajg masa iya gua udh download dalem nya malah hapus sendiri makan banyak memori terus memori hp tetep sama segitu gaada hapus jadi download dalem in game double tolong perbaikin ga terlalu masalah memori orang memori nya pas pas sangat pengaruh ga nyaman ajggg
puji rina,5,2025-10-05 03:26:09,sangat bagus GK mudah macett,sangat bagus gk mudah macett,sangat bagus gk mudah macett,"['sangat', 'bagus', 'gk', 'mudah', 'macett']","['sangat', 'bagus', 'gk', 'mudah', 'macett']","['sangat', 'bagus', 'gk', 'mudah', 'macett']",sangat bagus gk mudah macett
Dompu Nur,1,2025-10-05 03:24:08,bagus bisa buat banta bantai,bagus bisa buat banta bantai,bagus bisa buat banta bantai,"['bagus', 'bisa', 'buat', 'banta', 'bantai']","['bagus', 'buat', 'banta', 'bantai']","['bagus', 'buat', 'banta', 'bantai']",bagus buat banta bantai
Aditya Andrianto,1,2025-10-05 03:20:38,klo ngasih tim itu ngotak dikit klo main tim selalu dikasih bot klo lawan pro lu tu punya otak kagak tolol semua orang juga punya batas kesabaran klo lu kasih tim yang bot bisa bisa banyak yg emosi/gila,klo ngasih tim itu ngotak dikit klo main tim selalu dikasih bot klo lawan pro lu tu punya otak kagak tolol semua orang juga punya batas kesabaran klo lu kasih tim yang bot bisa bisa banyak yg emosi/gila,klo ngasih tim itu ngotak dikit klo main tim selalu dikasih bot klo lawan pro lu tu punya otak kagak tolol semua orang juga punya batas kesabaran klo lu kasih tim yang bot bisa bisa banyak yg emosigila,"['klo', 'ngasih', 'tim', 'itu', 'ngotak', 'dikit', 'klo', 'main', 'tim', 'selalu', 'dikasih', 'bot', 'klo', 'lawan', 'pro', 'lu', 'tu', 'punya', 'otak', 'kagak', 'tolol', 'semua', 'orang', 'juga', 'punya', 'batas', 'kesabaran', 'klo', 'lu', 'kasih', 'tim', 'yang', 'bot', 'bisa', 'bisa', 'banyak', 'yg', 'emosigila']","['klo', 'ngasih', 'tim', 'ngotak', 'dikit', 'klo', 'main', 'tim', 'selalu', 'dikasih', 'bot', 'klo', 'lawan', 'pro', 'lu', 'tu', 'punya', 'otak', 'kagak', 'tolol', 'semua', 'orang', 'punya', 'batas', 'kesabaran', 'klo', 'lu', 'kasih', 'tim', 'bot', 'banyak', 'yg', 'emosigila']","['klo', 'ngasih', 'tim', 'ngotak', 'dikit', 'klo', 'main', 'tim', 'selalu', 'kasih', 'bot', 'klo', 'lawan', 'pro', 'lu', 'tu', 'punya', 'otak', 'kagak', 'tolol', 'semua', 'orang', 'punya', 'batas', 'sabar', 'klo', 'lu', 'kasih', 'tim', 'bot', 'banyak', 'yg', 'emosigila']",klo ngasih tim ngotak dikit klo main tim selalu kasih bot klo lawan pro lu tu punya otak kagak tolol semua orang punya batas sabar klo lu kasih tim bot banyak yg emosigila
Lailatul Khairi,5,2025-10-05 03:16:01,game ini sangat seru kadang kalo udah master musuhnya bot walaupun kadang pro dan aku sangat senang karena bisa ngilangin gabut juga tetapi yolong diperbaiki lagi ya garena,game ini sangat seru kadang kalo udah master musuhnya bot walaupun kadang pro dan aku sangat senang karena bisa ngilangin gabut juga tetapi yolong diperbaiki lagi ya garena,game ini sangat seru kadang kalo udah master musuhnya bot walaupun kadang pro dan aku sangat senang karena bisa ngilangin gabut juga tetapi yolong diperbaiki lagi ya garena,"['game', 'ini', 'sangat', 'seru', 'kadang', 'kalo', 'udah', 'master', 'musuhnya', 'bot', 'walaupun', 'kadang', 'pro', 'dan', 'aku', 'sangat', 'senang', 'karena', 'bisa', 'ngilangin', 'gabut', 'juga', 'tetapi', 'yolong', 'diperbaiki', 'lagi', 'ya', 'garena']","['game', 'sangat', 'seru', 'kadang', 'kalo', 'udah', 'master', 'musuhnya', 'bot', 'walaupun', 'kadang', 'pro', 'aku', 'sangat', 'senang', 'ngilangin', 'gabut', 'yolong', 'diperbaiki', 'garena']","['game', 'sangat', 'seru', 'kadang', 'kalo', 'udah', 'master', 'musuh', 'bot', 'walaupun', 'kadang', 'pro', 'aku', 'sangat', 'senang', 'ngilangin', 'gabut', 'yolong', 'baik', 'garena']",game sangat seru kadang kalo udah master musuh bot walaupun kadang pro aku sangat senang ngilangin gabut yolong baik garena
dapaaja ggwp,1,2025-10-05 03:15:58,epep tolollll orang lagi push malah di kasih temen dark sistem semua bego,epep tolollll orang lagi push malah di kasih temen dark sistem semua bego,epep tolollll orang lagi push malah di kasih temen dark sistem semua bego,"['epep', 'tolollll', 'orang', 'lagi', 'push', 'malah', 'di', 'kasih', 'temen', 'dark', 'sistem', 'semua', 'bego']","['epep', 'tolollll', 'orang', 'push', 'malah', 'kasih', 'temen', 'dark', 'sistem', 'semua', 'bego']","['epep', 'tolollll', 'orang', 'push', 'malah', 'kasih', 'temen', 'dark', 'sistem', 'semua', 'bego']",epep tolollll orang push malah kasih temen dark sistem semua bego
Gibran Artanabil,5,2025-10-05 03:15:49,sangat seru,sangat seru,sangat seru,"['sangat', 'seru']","['sangat', 'seru']","['sangat', 'seru']",sangat seru
Siti Mu'awati,5,2025-10-05 03:15:08,Aku dulu main jaringan lancar tapi sekarang jaringan tambah ngelag padahal jaringan lancar lo plis garena kau pelit kali aku aja jari cewe gk di kasi siapani yang mau peak old kembali ruma sultan juga bimasakti fakctori dan lain lainnya 😭😭😭😭😭😭😭😭😭😭😭😭😭😭😭😭😭😭😭😭😭😭😭😭😭😭😭😭😌😭😭😭😭😭😭😭😭😭😭😭😭😭😭😭😭😭😭😭😭😭😭😭😭😭😭😭😭😭😭😭😭😭😭😭😭😭😭😭😭😭😭😭😭😭😭😭😭😭😭😭😭😭😭😭😭😭😭😭😭😭😭😭😭😭😭😭😭😭😭😭😭😭😭😭😭😭 bole minta dm gk akun ku RC.NDRAZZ YANG MAU MABAR,aku dulu main jaringan lancar tapi sekarang jaringan tambah ngelag padahal jaringan lancar lo plis garena kau pelit kali aku aja jari cewe gk di kasi siapani yang mau peak old kembali ruma sultan juga bimasakti fakctori dan lain lainnya 😭😭😭😭😭😭😭😭😭😭😭😭😭😭😭😭😭😭😭😭😭😭😭😭😭😭😭😭😌😭😭😭😭😭😭😭😭😭😭😭😭😭😭😭😭😭😭😭😭😭😭😭😭😭😭😭😭😭😭😭😭😭😭😭😭😭😭😭😭😭😭😭😭😭😭😭😭😭😭😭😭😭😭😭😭😭😭😭😭😭😭😭😭😭😭😭😭😭😭😭😭😭😭😭😭😭 bole minta dm gk akun ku rc.ndrazz yang mau mabar,aku dulu main jaringan lancar tapi sekarang jaringan tambah ngelag padahal jaringan lancar lo plis garena kau pelit kali aku aja jari cewe gk di kasi siapani yang mau peak old kembali ruma sultan juga bimasakti fakctori dan lain lainnya bole minta dm gk akun ku rcndrazz yang mau mabar,"['aku', 'dulu', 'main', 'jaringan', 'lancar', 'tapi', 'sekarang', 'jaringan', 'tambah', 'ngelag', 'padahal', 'jaringan', 'lancar', 'lo', 'plis', 'garena', 'kau', 'pelit', 'kali', 'aku', 'aja', 'jari', 'cewe', 'gk', 'di', 'kasi', 'siapani', 'yang', 'mau', 'peak', 'old', 'kembali', 'ruma', 'sultan', 'juga', 'bimasakti', 'fakctori', 'dan', 'lain', 'lainnya', 'bole', 'minta', 'dm', 'gk', 'akun', 'ku', 'rcndrazz', 'yang', 'mau', 'mabar']","['aku', 'dulu', 'main', 'jaringan', 'lancar', 'sekarang', 'jaringan', 'tambah', 'ngelag', 'padahal', 'jaringan', 'lancar', 'lo', 'plis', 'garena', 'kau', 'pelit', 'kali', 'aku', 'aja', 'jari', 'cewe', 'gk', 'kasi', 'siapani', 'mau', 'peak', 'old', 'ruma', 'sultan', 'bimasakti', 'fakctori', 'lainnya', 'bole', 'minta', 'dm', 'gk', 'akun', 'ku', 'rcndrazz', 'mau', 'mabar']","['aku', 'dulu', 'main', 'jaring', 'lancar', 'sekarang', 'jaring', 'tambah', 'ngelag', 'padahal', 'jaring', 'lancar', 'lo', 'plis', 'garena', 'kau', 'pelit', 'kali', 'aku', 'aja', 'jari', 'cewe', 'gk', 'kasi', 'siapani', 'mau', 'peak', 'old', 'ruma', 'sultan', 'bimasakti', 'fakctori', 'lain', 'bole', 'minta', 'dm', 'gk', 'akun', 'ku', 'rcndrazz', 'mau', 'mabar']",aku dulu main jaring lancar sekarang jaring tambah ngelag padahal jaring lancar lo plis garena kau pelit kali aku aja jari cewe gk kasi siapani mau peak old ruma sultan bimasakti fakctori lain bole minta dm gk akun ku rcndrazz mau mabar
Okiwan Asmara,5,2025-10-05 03:13:54,bagus banget,bagus banget,bagus banget,"['bagus', 'banget']","['bagus', 'banget']","['bagus', 'banget']",bagus banget
Afi F,1,2025-10-05 03:12:32,Garena lol,garena lol,garena lol,"['garena', 'lol']","['garena', 'lol']","['garena', 'lol']",garena lol
Zamir Zamir,5,2025-10-05 03:06:14,Haviz Reyvansyah seru dan enak untuk dimainkan menjadi motivasi perang dan membuat strategi untuk mengalahkan musuhnya sekian terimakasih.,haviz reyvansyah seru dan enak untuk dimainkan menjadi motivasi perang dan membuat strategi untuk mengalahkan musuhnya sekian terimakasih.,haviz reyvansyah seru dan enak untuk dimainkan menjadi motivasi perang dan membuat strategi untuk mengalahkan musuhnya sekian terimakasih,"['haviz', 'reyvansyah', 'seru', 'dan', 'enak', 'untuk', 'dimainkan', 'menjadi', 'motivasi', 'perang', 'dan', 'membuat', 'strategi', 'untuk', 'mengalahkan', 'musuhnya', 'sekian', 'terimakasih']","['haviz', 'reyvansyah', 'seru', 'enak', 'dimainkan', 'menjadi', 'motivasi', 'perang', 'membuat', 'strategi', 'mengalahkan', 'musuhnya', 'sekian', 'terimakasih']","['haviz', 'reyvansyah', 'seru', 'enak', 'main', 'jadi', 'motivasi', 'perang', 'buat', 'strategi', 'kalah', 'musuh', 'sekian', 'terimakasih']",haviz reyvansyah seru enak main jadi motivasi perang buat strategi kalah musuh sekian terimakasih
Surianti Naufal423,5,2025-10-05 03:02:43,meledakkkkkkkk,meledakkkkkkkk,meledakkkkkkkk,['meledakkkkkkkk'],['meledakkkkkkkk'],['meledakkkkkkkk'],meledakkkkkkkk
Rizal Husni,5,2025-10-05 02:59:48,mantap,mantap,mantap,['mantap'],['mantap'],['mantap'],mantap
Pak Sugi,3,2025-10-05 02:58:25,lumayan game nya,lumayan game nya,lumayan game nya,"['lumayan', 'game', 'nya']","['lumayan', 'game', 'nya']","['lumayan', 'game', 'nya']",lumayan game nya
riski Sanjayajaya,5,2025-10-05 02:58:04,"Garena Indonesia menangkan lahh kalo aku main cs,kasih lah musuh yang bot","garena indonesia menangkan lahh kalo aku main cs,kasih lah musuh yang bot",garena indonesia menangkan lahh kalo aku main cskasih lah musuh yang bot,"['garena', 'indonesia', 'menangkan', 'lahh', 'kalo', 'aku', 'main', 'cskasih', 'lah', 'musuh', 'yang', 'bot']","['garena', 'indonesia', 'menangkan', 'lahh', 'kalo', 'aku', 'main', 'cskasih', 'lah', 'musuh', 'bot']","['garena', 'indonesia', 'menang', 'lahh', 'kalo', 'aku', 'main', 'cskasih', 'lah', 'musuh', 'bot']",garena indonesia menang lahh kalo aku main cskasih lah musuh bot
Kadek Agus darma,5,2025-10-05 02:57:04,permainan nya seru,permainan nya seru,permainan nya seru,"['permainan', 'nya', 'seru']","['permainan', 'nya', 'seru']","['main', 'nya', 'seru']",main nya seru
satria gustidarma,1,2025-10-05 02:52:35,banyak chetaer grafik burik,banyak chetaer grafik burik,banyak chetaer grafik burik,"['banyak', 'chetaer', 'grafik', 'burik']","['banyak', 'chetaer', 'grafik', 'burik']","['banyak', 'chetaer', 'grafik', 'burik']",banyak chetaer grafik burik
Marlin Kante,5,2025-10-05 02:51:54,Keren banget,keren banget,keren banget,"['keren', 'banget']","['keren', 'banget']","['keren', 'banget']",keren banget
Alka Ngronggot,1,2025-10-05 02:48:52,kenapa bang budi di blacklist,kenapa bang budi di blacklist,kenapa bang budi di blacklist,"['kenapa', 'bang', 'budi', 'di', 'blacklist']","['bang', 'budi', 'blacklist']","['bang', 'budi', 'blacklist']",bang budi blacklist
Pa Yayang,4,2025-10-05 02:48:27,keren banget ❤❤❤❤❤,keren banget ❤❤❤❤❤,keren banget,"['keren', 'banget']","['keren', 'banget']","['keren', 'banget']",keren banget
Julista Lisade,5,2025-10-05 02:45:21,gem ini sangat bagus dan menghibur,gem ini sangat bagus dan menghibur,gem ini sangat bagus dan menghibur,"['gem', 'ini', 'sangat', 'bagus', 'dan', 'menghibur']","['gem', 'sangat', 'bagus', 'menghibur']","['gem', 'sangat', 'bagus', 'hibur']",gem sangat bagus hibur
Siti Rochmah Hasani,5,2025-10-05 02:44:35,terpaksa agar bisa dilihat jembot sinyale elek di tokke ha ditokke malah honor sekor medun asu kirek ff elek,terpaksa agar bisa dilihat jembot sinyale elek di tokke ha ditokke malah honor sekor medun asu kirek ff elek,terpaksa agar bisa dilihat jembot sinyale elek di tokke ha ditokke malah honor sekor medun asu kirek ff elek,"['terpaksa', 'agar', 'bisa', 'dilihat', 'jembot', 'sinyale', 'elek', 'di', 'tokke', 'ha', 'ditokke', 'malah', 'honor', 'sekor', 'medun', 'asu', 'kirek', 'ff', 'elek']","['terpaksa', 'dilihat', 'jembot', 'sinyale', 'elek', 'tokke', 'ha', 'ditokke', 'malah', 'honor', 'sekor', 'medun', 'asu', 'kirek', 'ff', 'elek']","['paksa', 'lihat', 'jembot', 'sinyale', 'elek', 'tokke', 'ha', 'ditokke', 'malah', 'honor', 'kor', 'medun', 'asu', 'kirek', 'ff', 'elek']",paksa lihat jembot sinyale elek tokke ha ditokke malah honor kor medun asu kirek ff elek
Muhammad Abdul Muiz,3,2025-10-05 02:41:06,garena gua udah cape kntl lu ga adil giliran gua maen di kasih tim cupu bocil sedang kan tim lawan pada jago udah lah gua cape,garena gua udah cape kntl lu ga adil giliran gua maen di kasih tim cupu bocil sedang kan tim lawan pada jago udah lah gua cape,garena gua udah cape kntl lu ga adil giliran gua maen di kasih tim cupu bocil sedang kan tim lawan pada jago udah lah gua cape,"['garena', 'gua', 'udah', 'cape', 'kntl', 'lu', 'ga', 'adil', 'giliran', 'gua', 'maen', 'di', 'kasih', 'tim', 'cupu', 'bocil', 'sedang', 'kan', 'tim', 'lawan', 'pada', 'jago', 'udah', 'lah', 'gua', 'cape']","['garena', 'gua', 'udah', 'cape', 'kntl', 'lu', 'ga', 'adil', 'giliran', 'gua', 'maen', 'kasih', 'tim', 'cupu', 'bocil', 'sedang', 'kan', 'tim', 'lawan', 'jago', 'udah', 'lah', 'gua', 'cape']","['garena', 'gua', 'udah', 'cape', 'kntl', 'lu', 'ga', 'adil', 'gilir', 'gua', 'maen', 'kasih', 'tim', 'cupu', 'bocil', 'sedang', 'kan', 'tim', 'lawan', 'jago', 'udah', 'lah', 'gua', 'cape']",garena gua udah cape kntl lu ga adil gilir gua maen kasih tim cupu bocil sedang kan tim lawan jago udah lah gua cape
nizam 789,4,2025-10-05 02:36:01,aku kasih bintang 4 karena banyak bug lalu jariganya mesti ngelag padahal udah stabil tolong juga dm bisa gratis kek buang buang uang untuk game gak guna mending beli yang lain,aku kasih bintang 4 karena banyak bug lalu jariganya mesti ngelag padahal udah stabil tolong juga dm bisa gratis kek buang buang uang untuk game gak guna mending beli yang lain,aku kasih bintang karena banyak bug lalu jariganya mesti ngelag padahal udah stabil tolong juga dm bisa gratis kek buang buang uang untuk game gak guna mending beli yang lain,"['aku', 'kasih', 'bintang', 'karena', 'banyak', 'bug', 'lalu', 'jariganya', 'mesti', 'ngelag', 'padahal', 'udah', 'stabil', 'tolong', 'juga', 'dm', 'bisa', 'gratis', 'kek', 'buang', 'buang', 'uang', 'untuk', 'game', 'gak', 'guna', 'mending', 'beli', 'yang', 'lain']","['aku', 'kasih', 'bintang', 'banyak', 'bug', 'lalu', 'jariganya', 'mesti', 'ngelag', 'padahal', 'udah', 'stabil', 'dm', 'gratis', 'kek', 'buang', 'buang', 'uang', 'game', 'gak', 'mending', 'beli']","['aku', 'kasih', 'bintang', 'banyak', 'bug', 'lalu', 'jariganya', 'mesti', 'ngelag', 'padahal', 'udah', 'stabil', 'dm', 'gratis', 'kek', 'buang', 'buang', 'uang', 'game', 'gak', 'mending', 'beli']",aku kasih bintang banyak bug lalu jariganya mesti ngelag padahal udah stabil dm gratis kek buang buang uang game gak mending beli
Galihh Stev_,4,2025-10-05 02:32:16,"seru banget ff itu game nya seruuuuuuuuuu bangett 👍🏻👍🏻👍🏻👍🏻👍🏻🩵🩵🩵 salam player old, aku main dari tahun 2019 sampai sekarang wahh gg banget lah pokoknya ff ini 😁😁","seru banget ff itu game nya seruuuuuuuuuu bangett 👍🏻👍🏻👍🏻👍🏻👍🏻🩵🩵🩵 salam player old, aku main dari tahun 2019 sampai sekarang wahh gg banget lah pokoknya ff ini 😁😁",seru banget ff itu game nya seruuuuuuuuuu bangett salam player old aku main dari tahun sampai sekarang wahh gg banget lah pokoknya ff ini,"['seru', 'banget', 'ff', 'itu', 'game', 'nya', 'seruuuuuuuuuu', 'bangett', 'salam', 'player', 'old', 'aku', 'main', 'dari', 'tahun', 'sampai', 'sekarang', 'wahh', 'gg', 'banget', 'lah', 'pokoknya', 'ff', 'ini']","['seru', 'banget', 'ff', 'game', 'nya', 'seruuuuuuuuuu', 'bangett', 'salam', 'player', 'old', 'aku', 'main', 'tahun', 'sekarang', 'wahh', 'gg', 'banget', 'lah', 'pokoknya', 'ff']","['seru', 'banget', 'ff', 'game', 'nya', 'seruuuuuuuuuu', 'bangett', 'salam', 'player', 'old', 'aku', 'main', 'tahun', 'sekarang', 'wahh', 'gg', 'banget', 'lah', 'pokok', 'ff']",seru banget ff game nya seruuuuuuuuuu bangett salam player old aku main tahun sekarang wahh gg banget lah pokok ff
Raziq Raziq,5,2025-10-05 02:32:01,"bagus, tapi kurang setiap haji jumat bagi bagi diamin kek min biar berkah dan makin ramai gamenya satu orang 100 diamin kek min","bagus, tapi kurang setiap haji jumat bagi bagi diamin kek min biar berkah dan makin ramai gamenya satu orang 100 diamin kek min",bagus tapi kurang setiap haji jumat bagi bagi diamin kek min biar berkah dan makin ramai gamenya satu orang diamin kek min,"['bagus', 'tapi', 'kurang', 'setiap', 'haji', 'jumat', 'bagi', 'bagi', 'diamin', 'kek', 'min', 'biar', 'berkah', 'dan', 'makin', 'ramai', 'gamenya', 'satu', 'orang', 'diamin', 'kek', 'min']","['bagus', 'kurang', 'haji', 'jumat', 'diamin', 'kek', 'min', 'biar', 'berkah', 'makin', 'ramai', 'gamenya', 'satu', 'orang', 'diamin', 'kek', 'min']","['bagus', 'kurang', 'haji', 'jumat', 'amin', 'kek', 'min', 'biar', 'berkah', 'makin', 'ramai', 'gamenya', 'satu', 'orang', 'amin', 'kek', 'min']",bagus kurang haji jumat amin kek min biar berkah makin ramai gamenya satu orang amin kek min
Fitri Sahiu,5,2025-10-05 02:31:30,Bagus sekali,bagus sekali,bagus sekali,"['bagus', 'sekali']","['bagus', 'sekali']","['bagus', 'sekali']",bagus sekali
Sri Putih,4,2025-10-05 02:27:39,permainan ini memang bagus tapi kalau kita tidak main lagi haru kita donlot ulang lagi itu yang bikin saya malas saya suda babarapa kali saya donlot,permainan ini memang bagus tapi kalau kita tidak main lagi haru kita donlot ulang lagi itu yang bikin saya malas saya suda babarapa kali saya donlot,permainan ini memang bagus tapi kalau kita tidak main lagi haru kita donlot ulang lagi itu yang bikin saya malas saya suda babarapa kali saya donlot,"['permainan', 'ini', 'memang', 'bagus', 'tapi', 'kalau', 'kita', 'tidak', 'main', 'lagi', 'haru', 'kita', 'donlot', 'ulang', 'lagi', 'itu', 'yang', 'bikin', 'saya', 'malas', 'saya', 'suda', 'babarapa', 'kali', 'saya', 'donlot']","['permainan', 'memang', 'bagus', 'kalau', 'main', 'haru', 'donlot', 'ulang', 'bikin', 'malas', 'suda', 'babarapa', 'kali', 'donlot']","['main', 'memang', 'bagus', 'kalau', 'main', 'haru', 'donlot', 'ulang', 'bikin', 'malas', 'suda', 'babarapa', 'kali', 'donlot']",main memang bagus kalau main haru donlot ulang bikin malas suda babarapa kali donlot
Ngawor 18,1,2025-10-05 02:21:23,burik kikir garena,burik kikir garena,burik kikir garena,"['burik', 'kikir', 'garena']","['burik', 'kikir', 'garena']","['burik', 'kikir', 'garena']",burik kikir garena
M raihan Alfarizki,5,2025-10-05 02:19:56,Saya kembali garena,saya kembali garena,saya kembali garena,"['saya', 'kembali', 'garena']",['garena'],['garena'],garena
Muhammad Al fatih,5,2025-10-05 02:16:16,gem yg ku enk,gem yg ku enk,gem yg ku enk,"['gem', 'yg', 'ku', 'enk']","['gem', 'yg', 'ku', 'enk']","['gem', 'yg', 'ku', 'enk']",gem yg ku enk
Gian Aditia,5,2025-10-05 02:15:56,game ini sangat bagus dan keren,game ini sangat bagus dan keren,game ini sangat bagus dan keren,"['game', 'ini', 'sangat', 'bagus', 'dan', 'keren']","['game', 'sangat', 'bagus', 'keren']","['game', 'sangat', 'bagus', 'keren']",game sangat bagus keren
Ade Ade,1,2025-10-05 02:14:05,"Garena ol , tak peteni ngesok","garena ol , tak peteni ngesok",garena ol tak peteni ngesok,"['garena', 'ol', 'tak', 'peteni', 'ngesok']","['garena', 'ol', 'tak', 'peteni', 'ngesok']","['garena', 'ol', 'tak', 'peteni', 'ngesok']",garena ol tak peteni ngesok
Rian Kota,5,2025-10-05 02:13:39,seru banget!!!,seru banget!!!,seru banget,"['seru', 'banget']","['seru', 'banget']","['seru', 'banget']",seru banget
Mimin Mintarsih,1,2025-10-05 02:13:04,garena banyak citer di cs rank gimana saya main berapa kali Mian kalah Mulu 🤕🤕🤕,garena banyak citer di cs rank gimana saya main berapa kali mian kalah mulu 🤕🤕🤕,garena banyak citer di cs rank gimana saya main berapa kali mian kalah mulu,"['garena', 'banyak', 'citer', 'di', 'cs', 'rank', 'gimana', 'saya', 'main', 'berapa', 'kali', 'mian', 'kalah', 'mulu']","['garena', 'banyak', 'citer', 'cs', 'rank', 'gimana', 'main', 'berapa', 'kali', 'mian', 'kalah', 'mulu']","['garena', 'banyak', 'citer', 'cs', 'rank', 'gimana', 'main', 'berapa', 'kali', 'mi', 'kalah', 'mulu']",garena banyak citer cs rank gimana main berapa kali mi kalah mulu
DONI ALWI,5,2025-10-05 02:10:13,keren,keren,keren,['keren'],['keren'],['keren'],keren
Ahmad David,1,2025-10-05 02:09:21,game nya tol,game nya tol,game nya tol,"['game', 'nya', 'tol']","['game', 'nya', 'tol']","['game', 'nya', 'tol']",game nya tol
Narkoboy Beb,1,2025-10-05 02:08:48,sekarang ff aneh + bikin kesel apa gimana y dan kenapa player ff khusus nya pada rank diamond ke bawah tuh gblk ² apa gimna y apa baru maen gitu plis ini harus di benerin fiks,sekarang ff aneh + bikin kesel apa gimana y dan kenapa player ff khusus nya pada rank diamond ke bawah tuh gblk ² apa gimna y apa baru maen gitu plis ini harus di benerin fiks,sekarang ff aneh bikin kesel apa gimana y dan kenapa player ff khusus nya pada rank diamond ke bawah tuh gblk apa gimna y apa baru maen gitu plis ini harus di benerin fiks,"['sekarang', 'ff', 'aneh', 'bikin', 'kesel', 'apa', 'gimana', 'y', 'dan', 'kenapa', 'player', 'ff', 'khusus', 'nya', 'pada', 'rank', 'diamond', 'ke', 'bawah', 'tuh', 'gblk', 'apa', 'gimna', 'y', 'apa', 'baru', 'maen', 'gitu', 'plis', 'ini', 'harus', 'di', 'benerin', 'fiks']","['sekarang', 'ff', 'aneh', 'bikin', 'kesel', 'apa', 'gimana', 'y', 'player', 'ff', 'khusus', 'nya', 'rank', 'diamond', 'bawah', 'tuh', 'gblk', 'apa', 'gimna', 'y', 'apa', 'baru', 'maen', 'gitu', 'plis', 'benerin', 'fiks']","['sekarang', 'ff', 'aneh', 'bikin', 'kesel', 'apa', 'gimana', 'y', 'player', 'ff', 'khusus', 'nya', 'rank', 'diamond', 'bawah', 'tuh', 'gblk', 'apa', 'gimna', 'y', 'apa', 'baru', 'maen', 'gitu', 'plis', 'benerin', 'fiks']",sekarang ff aneh bikin kesel apa gimana y player ff khusus nya rank diamond bawah tuh gblk apa gimna y apa baru maen gitu plis benerin fiks
Riki Riki,5,2025-10-05 02:08:23,mantap sih soalnya bisa buat JJ,mantap sih soalnya bisa buat jj,mantap sih soalnya bisa buat jj,"['mantap', 'sih', 'soalnya', 'bisa', 'buat', 'jj']","['mantap', 'sih', 'soalnya', 'buat', 'jj']","['mantap', 'sih', 'soal', 'buat', 'jj']",mantap sih soal buat jj
Meifatul Putra,1,2025-10-05 02:08:12,buka BL budi anji,buka bl budi anji,buka bl budi anji,"['buka', 'bl', 'budi', 'anji']","['buka', 'bl', 'budi', 'anji']","['buka', 'bl', 'budi', 'anji']",buka bl budi anji
Ahmad Hanan fais,5,2025-10-05 02:02:55,bagus,bagus,bagus,['bagus'],['bagus'],['bagus'],bagus
Hanif Blora,5,2025-10-05 02:00:19,aku suka main FF tapi kadang-kadang sinyalnya ngelag tapi itu bukan masalah itu masalah masalahnya cuma internet tapi aku suka main ff gara-gara ff ada tembak-tembak nya yang tidak bisa disakiti tapi bisa diingat lagi apakah itu perasaanku dengan dia yang tidak pernah dianggap sama sekalipun,aku suka main ff tapi kadang-kadang sinyalnya ngelag tapi itu bukan masalah itu masalah masalahnya cuma internet tapi aku suka main ff gara-gara ff ada tembak-tembak nya yang tidak bisa disakiti tapi bisa diingat lagi apakah itu perasaanku dengan dia yang tidak pernah dianggap sama sekalipun,aku suka main ff tapi kadangkadang sinyalnya ngelag tapi itu bukan masalah itu masalah masalahnya cuma internet tapi aku suka main ff garagara ff ada tembaktembak nya yang tidak bisa disakiti tapi bisa diingat lagi apakah itu perasaanku dengan dia yang tidak pernah dianggap sama sekalipun,"['aku', 'suka', 'main', 'ff', 'tapi', 'kadangkadang', 'sinyalnya', 'ngelag', 'tapi', 'itu', 'bukan', 'masalah', 'itu', 'masalah', 'masalahnya', 'cuma', 'internet', 'tapi', 'aku', 'suka', 'main', 'ff', 'garagara', 'ff', 'ada', 'tembaktembak', 'nya', 'yang', 'tidak', 'bisa', 'disakiti', 'tapi', 'bisa', 'diingat', 'lagi', 'apakah', 'itu', 'perasaanku', 'dengan', 'dia', 'yang', 'tidak', 'pernah', 'dianggap', 'sama', 'sekalipun']","['aku', 'suka', 'main', 'ff', 'kadangkadang', 'sinyalnya', 'ngelag', 'bukan', 'masalah', 'masalah', 'masalahnya', 'cuma', 'internet', 'aku', 'suka', 'main', 'ff', 'garagara', 'ff', 'tembaktembak', 'nya', 'disakiti', 'diingat', 'perasaanku', 'pernah', 'dianggap', 'sama', 'sekalipun']","['aku', 'suka', 'main', 'ff', 'kadangkadang', 'sinyal', 'ngelag', 'bukan', 'masalah', 'masalah', 'masalah', 'cuma', 'internet', 'aku', 'suka', 'main', 'ff', 'garagara', 'ff', 'tembaktembak', 'nya', 'sakit', 'ingat', 'asa', 'pernah', 'anggap', 'sama', 'sekalipun']",aku suka main ff kadangkadang sinyal ngelag bukan masalah masalah masalah cuma internet aku suka main ff garagara ff tembaktembak nya sakit ingat asa pernah anggap sama sekalipun
Galu Gunawan,5,2025-10-05 02:00:12,tolong min buat carakter yang ada kill angin kencang di gunakan untuk mendeteksi yang suka ngendok saya beri bintang 5 biar muncul paling atas,tolong min buat carakter yang ada kill angin kencang di gunakan untuk mendeteksi yang suka ngendok saya beri bintang 5 biar muncul paling atas,tolong min buat carakter yang ada kill angin kencang di gunakan untuk mendeteksi yang suka ngendok saya beri bintang biar muncul paling atas,"['tolong', 'min', 'buat', 'carakter', 'yang', 'ada', 'kill', 'angin', 'kencang', 'di', 'gunakan', 'untuk', 'mendeteksi', 'yang', 'suka', 'ngendok', 'saya', 'beri', 'bintang', 'biar', 'muncul', 'paling', 'atas']","['min', 'buat', 'carakter', 'kill', 'angin', 'kencang', 'gunakan', 'mendeteksi', 'suka', 'ngendok', 'beri', 'bintang', 'biar', 'muncul', 'paling', 'atas']","['min', 'buat', 'carakter', 'kill', 'angin', 'kencang', 'guna', 'deteksi', 'suka', 'ngendok', 'beri', 'bintang', 'biar', 'muncul', 'paling', 'atas']",min buat carakter kill angin kencang guna deteksi suka ngendok beri bintang biar muncul paling atas
Dubak321,5,2025-10-05 02:00:09,gemnya sangat seru,gemnya sangat seru,gemnya sangat seru,"['gemnya', 'sangat', 'seru']","['gemnya', 'sangat', 'seru']","['gemnya', 'sangat', 'seru']",gemnya sangat seru
Aligator12 Buay,5,2025-10-05 01:59:00,sangat seru ayo maBar Bersamaku,sangat seru ayo mabar bersamaku,sangat seru ayo mabar bersamaku,"['sangat', 'seru', 'ayo', 'mabar', 'bersamaku']","['sangat', 'seru', 'ayo', 'mabar', 'bersamaku']","['sangat', 'seru', 'ayo', 'mabar', 'sama']",sangat seru ayo mabar sama
Maysarah Salsabila,5,2025-10-05 01:58:17,gem ya seru,gem ya seru,gem ya seru,"['gem', 'ya', 'seru']","['gem', 'seru']","['gem', 'seru']",gem seru
PadzzMC PadzzMC,1,2025-10-05 01:56:38,selalu bug yang paling parah nya bug dameg sumpah jadi bosen main nya,selalu bug yang paling parah nya bug dameg sumpah jadi bosen main nya,selalu bug yang paling parah nya bug dameg sumpah jadi bosen main nya,"['selalu', 'bug', 'yang', 'paling', 'parah', 'nya', 'bug', 'dameg', 'sumpah', 'jadi', 'bosen', 'main', 'nya']","['selalu', 'bug', 'paling', 'parah', 'nya', 'bug', 'dameg', 'sumpah', 'jadi', 'bosen', 'main', 'nya']","['selalu', 'bug', 'paling', 'parah', 'nya', 'bug', 'dameg', 'sumpah', 'jadi', 'bosen', 'main', 'nya']",selalu bug paling parah nya bug dameg sumpah jadi bosen main nya
Man Man,1,2025-10-05 01:55:04,"game banyak bug dasar game gak jelas, sanah perbaiki akun bang budi, kau lupa siapa yang ramaikan free fire emg gk jelas kau, citer di mana mana gak di perbaiki semua pro player pensi gara gara kau sendiri bg","game banyak bug dasar game gak jelas, sanah perbaiki akun bang budi, kau lupa siapa yang ramaikan free fire emg gk jelas kau, citer di mana mana gak di perbaiki semua pro player pensi gara gara kau sendiri bg",game banyak bug dasar game gak jelas sanah perbaiki akun bang budi kau lupa siapa yang ramaikan free fire emg gk jelas kau citer di mana mana gak di perbaiki semua pro player pensi gara gara kau sendiri bg,"['game', 'banyak', 'bug', 'dasar', 'game', 'gak', 'jelas', 'sanah', 'perbaiki', 'akun', 'bang', 'budi', 'kau', 'lupa', 'siapa', 'yang', 'ramaikan', 'free', 'fire', 'emg', 'gk', 'jelas', 'kau', 'citer', 'di', 'mana', 'mana', 'gak', 'di', 'perbaiki', 'semua', 'pro', 'player', 'pensi', 'gara', 'gara', 'kau', 'sendiri', 'bg']","['game', 'banyak', 'bug', 'dasar', 'game', 'gak', 'jelas', 'sanah', 'perbaiki', 'akun', 'bang', 'budi', 'kau', 'lupa', 'siapa', 'ramaikan', 'free', 'fire', 'emg', 'gk', 'jelas', 'kau', 'citer', 'mana', 'mana', 'gak', 'perbaiki', 'semua', 'pro', 'player', 'pensi', 'gara', 'gara', 'kau', 'sendiri', 'bg']","['game', 'banyak', 'bug', 'dasar', 'game', 'gak', 'jelas', 'sanah', 'baik', 'akun', 'bang', 'budi', 'kau', 'lupa', 'siapa', 'ramai', 'free', 'fire', 'emg', 'gk', 'jelas', 'kau', 'citer', 'mana', 'mana', 'gak', 'baik', 'semua', 'pro', 'player', 'pensi', 'gara', 'gara', 'kau', 'sendiri', 'bg']",game banyak bug dasar game gak jelas sanah baik akun bang budi kau lupa siapa ramai free fire emg gk jelas kau citer mana mana gak baik semua pro player pensi gara gara kau sendiri bg
Ryzz 7PHibiZz,1,2025-10-05 01:51:59,Dasar game BURIK!!,dasar game burik!!,dasar game burik,"['dasar', 'game', 'burik']","['dasar', 'game', 'burik']","['dasar', 'game', 'burik']",dasar game burik
Yuti Arni,5,2025-10-05 01:49:58,gamenya keren tapii agak ngeleg,gamenya keren tapii agak ngeleg,gamenya keren tapii agak ngeleg,"['gamenya', 'keren', 'tapii', 'agak', 'ngeleg']","['gamenya', 'keren', 'tapii', 'ngeleg']","['gamenya', 'keren', 'tapi', 'ngeleg']",gamenya keren tapi ngeleg
Eli Marlina,1,2025-10-05 01:46:24,baik,baik,baik,['baik'],['baik'],['baik'],baik
Arka Cendekia,4,2025-10-05 01:45:21,kurangvbagus b aja,kurangvbagus b aja,kurangvbagus b aja,"['kurangvbagus', 'b', 'aja']","['kurangvbagus', 'b', 'aja']","['kurangvbagus', 'b', 'aja']",kurangvbagus b aja
Poer Wadi,5,2025-10-05 01:44:37,sangat bagus,sangat bagus,sangat bagus,"['sangat', 'bagus']","['sangat', 'bagus']","['sangat', 'bagus']",sangat bagus
Haikal Itel,1,2025-10-05 01:42:52,"game burik kontoooll, udh mah kikirr, masa gw kill 5 di br malah mines, kan tololl","game burik kontoooll, udh mah kikirr, masa gw kill 5 di br malah mines, kan tololl",game burik kontoooll udh mah kikirr masa gw kill di br malah mines kan tololl,"['game', 'burik', 'kontoooll', 'udh', 'mah', 'kikirr', 'masa', 'gw', 'kill', 'di', 'br', 'malah', 'mines', 'kan', 'tololl']","['game', 'burik', 'kontoooll', 'udh', 'mah', 'kikirr', 'masa', 'gw', 'kill', 'br', 'malah', 'mines', 'kan', 'tololl']","['game', 'burik', 'kontoooll', 'udh', 'mah', 'kikirr', 'masa', 'gw', 'kill', 'br', 'malah', 'mes', 'kan', 'tololl']",game burik kontoooll udh mah kikirr masa gw kill br malah mes kan tololl
ARFAN Maulana angler,5,2025-10-05 01:41:50,kasih dm dong min,kasih dm dong min,kasih dm dong min,"['kasih', 'dm', 'dong', 'min']","['kasih', 'dm', 'dong', 'min']","['kasih', 'dm', 'dong', 'min']",kasih dm dong min
Ica Botutihe,1,2025-10-05 01:41:32,kembalikan akun bang budii minnnn udah burikkkkk udh gk asikkkk lagi !!!!!!!!!!!!!!!!!!!!!!!!!!!,kembalikan akun bang budii minnnn udah burikkkkk udh gk asikkkk lagi !!!!!!!!!!!!!!!!!!!!!!!!!!!,kembalikan akun bang budii minnnn udah burikkkkk udh gk asikkkk lagi,"['kembalikan', 'akun', 'bang', 'budii', 'minnnn', 'udah', 'burikkkkk', 'udh', 'gk', 'asikkkk', 'lagi']","['kembalikan', 'akun', 'bang', 'budii', 'minnnn', 'udah', 'burikkkkk', 'udh', 'gk', 'asikkkk']","['kembali', 'akun', 'bang', 'budi', 'minnnn', 'udah', 'burikkkkk', 'udh', 'gk', 'asikkkk']",kembali akun bang budi minnnn udah burikkkkk udh gk asikkkk
Jasson Naisanu,5,2025-10-05 01:38:56,bagussssssssss,bagussssssssss,bagussssssssss,['bagussssssssss'],['bagussssssssss'],['bagussssssssss'],bagussssssssss
Aisyah putri Hunou,5,2025-10-05 01:37:47,game ini sangat bagus walaupun berat di hp tapi masi bisa di ringankan di dpi.,game ini sangat bagus walaupun berat di hp tapi masi bisa di ringankan di dpi.,game ini sangat bagus walaupun berat di hp tapi masi bisa di ringankan di dpi,"['game', 'ini', 'sangat', 'bagus', 'walaupun', 'berat', 'di', 'hp', 'tapi', 'masi', 'bisa', 'di', 'ringankan', 'di', 'dpi']","['game', 'sangat', 'bagus', 'walaupun', 'berat', 'hp', 'masi', 'ringankan', 'dpi']","['game', 'sangat', 'bagus', 'walaupun', 'berat', 'hp', 'mas', 'ringan', 'dpi']",game sangat bagus walaupun berat hp mas ringan dpi
Sabiq Sifa07,5,2025-10-05 01:37:19,sangat seru,sangat seru,sangat seru,"['sangat', 'seru']","['sangat', 'seru']","['sangat', 'seru']",sangat seru
Arkenzi Yp,5,2025-10-05 01:29:58,geme ini memang terbaik,geme ini memang terbaik,geme ini memang terbaik,"['geme', 'ini', 'memang', 'terbaik']","['geme', 'memang', 'terbaik']","['geme', 'memang', 'baik']",geme memang baik
Dwi Andika,1,2025-10-05 01:28:55,ngelunjak,ngelunjak,ngelunjak,['ngelunjak'],['ngelunjak'],['ngelunjak'],ngelunjak
A Rizqi,5,2025-10-05 01:27:47,pengen nya sih peak old kembali in lagi yg rumah bolong,pengen nya sih peak old kembali in lagi yg rumah bolong,pengen nya sih peak old kembali in lagi yg rumah bolong,"['pengen', 'nya', 'sih', 'peak', 'old', 'kembali', 'in', 'lagi', 'yg', 'rumah', 'bolong']","['pengen', 'nya', 'sih', 'peak', 'old', 'in', 'yg', 'rumah', 'bolong']","['ken', 'nya', 'sih', 'peak', 'old', 'in', 'yg', 'rumah', 'bolong']",ken nya sih peak old in yg rumah bolong
haikal ramadhan,5,2025-10-05 01:26:03,bug nya ilangin,bug nya ilangin,bug nya ilangin,"['bug', 'nya', 'ilangin']","['bug', 'nya', 'ilangin']","['bug', 'nya', 'ilangin']",bug nya ilangin
Azam Maulana,1,2025-10-05 01:20:20,bro lupa siapa yang membesar kan nama ff (bang Budi),bro lupa siapa yang membesar kan nama ff (bang budi),bro lupa siapa yang membesar kan nama ff bang budi,"['bro', 'lupa', 'siapa', 'yang', 'membesar', 'kan', 'nama', 'ff', 'bang', 'budi']","['bro', 'lupa', 'siapa', 'membesar', 'kan', 'nama', 'ff', 'bang', 'budi']","['bro', 'lupa', 'siapa', 'besar', 'kan', 'nama', 'ff', 'bang', 'budi']",bro lupa siapa besar kan nama ff bang budi
NAJLA NAJLA,5,2025-10-05 01:14:26,"permainan yang seru,kirim kan aku diamond 1000","permainan yang seru,kirim kan aku diamond 1000",permainan yang serukirim kan aku diamond,"['permainan', 'yang', 'serukirim', 'kan', 'aku', 'diamond']","['permainan', 'serukirim', 'kan', 'aku', 'diamond']","['main', 'serukirim', 'kan', 'aku', 'diamond']",main serukirim kan aku diamond
Alfi Ahmad Alfi Yan Syah,1,2025-10-05 01:14:11,tolong di perbaiki bug jangan sampai pleyer pada pensi.🙏🙏kenapa bang budi 01 gaming ga di bolehkan main renk?? 🧐plis ilangan bug itu biar urusan selesai garentot😁,tolong di perbaiki bug jangan sampai pleyer pada pensi.🙏🙏kenapa bang budi 01 gaming ga di bolehkan main renk?? 🧐plis ilangan bug itu biar urusan selesai garentot😁,tolong di perbaiki bug jangan sampai pleyer pada pensikenapa bang budi gaming ga di bolehkan main renk plis ilangan bug itu biar urusan selesai garentot,"['tolong', 'di', 'perbaiki', 'bug', 'jangan', 'sampai', 'pleyer', 'pada', 'pensikenapa', 'bang', 'budi', 'gaming', 'ga', 'di', 'bolehkan', 'main', 'renk', 'plis', 'ilangan', 'bug', 'itu', 'biar', 'urusan', 'selesai', 'garentot']","['perbaiki', 'bug', 'jangan', 'pleyer', 'pensikenapa', 'bang', 'budi', 'gaming', 'ga', 'bolehkan', 'main', 'renk', 'plis', 'ilangan', 'bug', 'biar', 'urusan', 'selesai', 'garentot']","['baik', 'bug', 'jangan', 'pleyer', 'pensikenapa', 'bang', 'budi', 'gaming', 'ga', 'boleh', 'main', 'renk', 'plis', 'ilangan', 'bug', 'biar', 'urus', 'selesai', 'garentot']",baik bug jangan pleyer pensikenapa bang budi gaming ga boleh main renk plis ilangan bug biar urus selesai garentot
Asra Kiki,1,2025-10-05 01:14:06,biarkan bg Budi geming main ff lg nanti saya bintang 5,biarkan bg budi geming main ff lg nanti saya bintang 5,biarkan bg budi geming main ff lg nanti saya bintang,"['biarkan', 'bg', 'budi', 'geming', 'main', 'ff', 'lg', 'nanti', 'saya', 'bintang']","['biarkan', 'bg', 'budi', 'geming', 'main', 'ff', 'lg', 'bintang']","['biar', 'bg', 'budi', 'geming', 'main', 'ff', 'lg', 'bintang']",biar bg budi geming main ff lg bintang
Eni Rohaeni,5,2025-10-05 01:11:48,Gem bagus😁,gem bagus😁,gem bagus,"['gem', 'bagus']","['gem', 'bagus']","['gem', 'bagus']",gem bagus
Noel Fasya,5,2025-10-05 01:10:55,game ini sangat burik dan bisa membuat kita buta dan membuat kita stresssssssssssssssssss,game ini sangat burik dan bisa membuat kita buta dan membuat kita stresssssssssssssssssss,game ini sangat burik dan bisa membuat kita buta dan membuat kita stresssssssssssssssssss,"['game', 'ini', 'sangat', 'burik', 'dan', 'bisa', 'membuat', 'kita', 'buta', 'dan', 'membuat', 'kita', 'stresssssssssssssssssss']","['game', 'sangat', 'burik', 'membuat', 'buta', 'membuat', 'stresssssssssssssssssss']","['game', 'sangat', 'burik', 'buat', 'buta', 'buat', 'stresssssssssssssssssss']",game sangat burik buat buta buat stresssssssssssssssssss
Abrisam Yoman,5,2025-10-05 01:08:16,game sangat seru dan aku akhirnya mendapatkan apa yang aku sukai yaitu tas season 1,game sangat seru dan aku akhirnya mendapatkan apa yang aku sukai yaitu tas season 1,game sangat seru dan aku akhirnya mendapatkan apa yang aku sukai yaitu tas season,"['game', 'sangat', 'seru', 'dan', 'aku', 'akhirnya', 'mendapatkan', 'apa', 'yang', 'aku', 'sukai', 'yaitu', 'tas', 'season']","['game', 'sangat', 'seru', 'aku', 'akhirnya', 'mendapatkan', 'apa', 'aku', 'sukai', 'tas', 'season']","['game', 'sangat', 'seru', 'aku', 'akhir', 'dapat', 'apa', 'aku', 'suka', 'tas', 'season']",game sangat seru aku akhir dapat apa aku suka tas season
Noufal Lutfi,5,2025-10-05 01:05:09,game ini baik,game ini baik,game ini baik,"['game', 'ini', 'baik']","['game', 'baik']","['game', 'baik']",game baik
M abdul Ridwan,3,2025-10-05 01:04:40,game nya seru,game nya seru,game nya seru,"['game', 'nya', 'seru']","['game', 'nya', 'seru']","['game', 'nya', 'seru']",game nya seru
irma permata,5,2025-10-05 01:03:47,"Intinya Bagus bgt, FF saya dari THN 2020 main GK ada bosenya","intinya bagus bgt, ff saya dari thn 2020 main gk ada bosenya",intinya bagus bgt ff saya dari thn main gk ada bosenya,"['intinya', 'bagus', 'bgt', 'ff', 'saya', 'dari', 'thn', 'main', 'gk', 'ada', 'bosenya']","['intinya', 'bagus', 'bgt', 'ff', 'thn', 'main', 'gk', 'bosenya']","['inti', 'bagus', 'bgt', 'ff', 'thn', 'main', 'gk', 'bosenya']",inti bagus bgt ff thn main gk bosenya
Ade Palangka,5,2025-10-05 01:02:58,sangat baik,sangat baik,sangat baik,"['sangat', 'baik']","['sangat', 'baik']","['sangat', 'baik']",sangat baik
Latiful Hidayat,5,2025-10-05 01:01:18,seru,seru,seru,['seru'],['seru'],['seru'],seru
Zidane Alamsyah,5,2025-10-05 01:01:16,sangat burik,sangat burik,sangat burik,"['sangat', 'burik']","['sangat', 'burik']","['sangat', 'burik']",sangat burik
Abelino Viegas,5,2025-10-05 00:59:56,game ini bagus banget,game ini bagus banget,game ini bagus banget,"['game', 'ini', 'bagus', 'banget']","['game', 'bagus', 'banget']","['game', 'bagus', 'banget']",game bagus banget
kana 03,5,2025-10-05 00:54:21,aku suka ff,aku suka ff,aku suka ff,"['aku', 'suka', 'ff']","['aku', 'suka', 'ff']","['aku', 'suka', 'ff']",aku suka ff
allstar,1,2025-10-05 00:53:16,burik,burik,burik,['burik'],['burik'],['burik'],burik
Ardian Maulana,5,2025-10-05 00:50:02,game yang bagus,game yang bagus,game yang bagus,"['game', 'yang', 'bagus']","['game', 'bagus']","['game', 'bagus']",game bagus
Desmin Markus,5,2025-10-05 00:40:46,ff bagus kirimkanaku DM DONG,ff bagus kirimkanaku dm dong,ff bagus kirimkanaku dm dong,"['ff', 'bagus', 'kirimkanaku', 'dm', 'dong']","['ff', 'bagus', 'kirimkanaku', 'dm', 'dong']","['ff', 'bagus', 'kirimkanaku', 'dm', 'dong']",ff bagus kirimkanaku dm dong
Helda,5,2025-10-05 00:40:25,menenangkan hati,menenangkan hati,menenangkan hati,"['menenangkan', 'hati']","['menenangkan', 'hati']","['tenang', 'hati']",tenang hati
Nugrah Nugrah,5,2025-10-05 00:39:24,game nya seru banget,game nya seru banget,game nya seru banget,"['game', 'nya', 'seru', 'banget']","['game', 'nya', 'seru', 'banget']","['game', 'nya', 'seru', 'banget']",game nya seru banget
Maria Wandelina,5,2025-10-05 00:38:18,indonesia,indonesia,indonesia,['indonesia'],['indonesia'],['indonesia'],indonesia
Faliha Pramudhita Rahma,5,2025-10-05 00:37:05,bagus dan nyaman,bagus dan nyaman,bagus dan nyaman,"['bagus', 'dan', 'nyaman']","['bagus', 'nyaman']","['bagus', 'nyaman']",bagus nyaman
Henn YT,1,2025-10-05 00:35:22,Garena bikin damage ff kayak kntl,garena bikin damage ff kayak kntl,garena bikin damage ff kayak kntl,"['garena', 'bikin', 'damage', 'ff', 'kayak', 'kntl']","['garena', 'bikin', 'damage', 'ff', 'kayak', 'kntl']","['garena', 'bikin', 'damage', 'ff', 'kayak', 'kntl']",garena bikin damage ff kayak kntl
Mas Riril,1,2025-10-05 00:34:58,galena rolling kembalikan akin aku P.alis lag garena,galena rolling kembalikan akin aku p.alis lag garena,galena rolling kembalikan akin aku palis lag garena,"['galena', 'rolling', 'kembalikan', 'akin', 'aku', 'palis', 'lag', 'garena']","['galena', 'rolling', 'kembalikan', 'akin', 'aku', 'palis', 'lag', 'garena']","['galena', 'rolling', 'kembali', 'akin', 'aku', 'palis', 'lag', 'garena']",galena rolling kembali akin aku palis lag garena
Nin Siti,2,2025-10-05 00:34:39,"min gimana sih? kok di game nyaaaa banyak cheat, trs jaringan kan lancar kok disconnet yah? plisss perbaikii🫰","min gimana sih? kok di game nyaaaa banyak cheat, trs jaringan kan lancar kok disconnet yah? plisss perbaikii🫰",min gimana sih kok di game nyaaaa banyak cheat trs jaringan kan lancar kok disconnet yah plisss perbaikii,"['min', 'gimana', 'sih', 'kok', 'di', 'game', 'nyaaaa', 'banyak', 'cheat', 'trs', 'jaringan', 'kan', 'lancar', 'kok', 'disconnet', 'yah', 'plisss', 'perbaikii']","['min', 'gimana', 'sih', 'kok', 'game', 'nyaaaa', 'banyak', 'cheat', 'trs', 'jaringan', 'kan', 'lancar', 'kok', 'disconnet', 'yah', 'plisss', 'perbaikii']","['min', 'gimana', 'sih', 'kok', 'game', 'nyaaaa', 'banyak', 'cheat', 'trs', 'jaring', 'kan', 'lancar', 'kok', 'disconnet', 'yah', 'plisss', 'perbaikii']",min gimana sih kok game nyaaaa banyak cheat trs jaring kan lancar kok disconnet yah plisss perbaikii
Muhamad Ranendra,5,2025-10-05 00:33:46,ini kenapa eror ada masalah ya,ini kenapa eror ada masalah ya,ini kenapa eror ada masalah ya,"['ini', 'kenapa', 'eror', 'ada', 'masalah', 'ya']","['eror', 'masalah']","['eror', 'masalah']",eror masalah
Plocok Kaki,5,2025-10-05 00:32:46,semoga makinnn sukses bang. tingkatkan lagi ya,semoga makinnn sukses bang. tingkatkan lagi ya,semoga makinnn sukses bang tingkatkan lagi ya,"['semoga', 'makinnn', 'sukses', 'bang', 'tingkatkan', 'lagi', 'ya']","['semoga', 'makinnn', 'sukses', 'bang', 'tingkatkan']","['moga', 'makinnn', 'sukses', 'bang', 'tingkat']",moga makinnn sukses bang tingkat
arif asrafi,5,2025-10-05 00:32:16,"jangan main kan game ini ada yg ngomong kasar udah ku laporin tapi ngga ke deteksi, game rusak, jangan di mainin, banyak orang kasar, game judoll juga","jangan main kan game ini ada yg ngomong kasar udah ku laporin tapi ngga ke deteksi, game rusak, jangan di mainin, banyak orang kasar, game judoll juga",jangan main kan game ini ada yg ngomong kasar udah ku laporin tapi ngga ke deteksi game rusak jangan di mainin banyak orang kasar game judoll juga,"['jangan', 'main', 'kan', 'game', 'ini', 'ada', 'yg', 'ngomong', 'kasar', 'udah', 'ku', 'laporin', 'tapi', 'ngga', 'ke', 'deteksi', 'game', 'rusak', 'jangan', 'di', 'mainin', 'banyak', 'orang', 'kasar', 'game', 'judoll', 'juga']","['jangan', 'main', 'kan', 'game', 'yg', 'ngomong', 'kasar', 'udah', 'ku', 'laporin', 'ngga', 'deteksi', 'game', 'rusak', 'jangan', 'mainin', 'banyak', 'orang', 'kasar', 'game', 'judoll']","['jangan', 'main', 'kan', 'game', 'yg', 'ngomong', 'kasar', 'udah', 'ku', 'laporin', 'ngga', 'deteksi', 'game', 'rusak', 'jangan', 'mainin', 'banyak', 'orang', 'kasar', 'game', 'judoll']",jangan main kan game yg ngomong kasar udah ku laporin ngga deteksi game rusak jangan mainin banyak orang kasar game judoll
Agungsudan2025,5,2025-10-05 00:31:53,isiiin dm dong pak garenA,isiiin dm dong pak garena,isiiin dm dong pak garena,"['isiiin', 'dm', 'dong', 'pak', 'garena']","['isiiin', 'dm', 'dong', 'pak', 'garena']","['isiiin', 'dm', 'dong', 'pak', 'garena']",isiiin dm dong pak garena
Lis Aryanti,1,2025-10-05 00:29:00,UDAH GAK ASIK KARNA AKUN BANG BUDI DI BEN TOLOL LO,udah gak asik karna akun bang budi di ben tolol lo,udah gak asik karna akun bang budi di ben tolol lo,"['udah', 'gak', 'asik', 'karna', 'akun', 'bang', 'budi', 'di', 'ben', 'tolol', 'lo']","['udah', 'gak', 'asik', 'karna', 'akun', 'bang', 'budi', 'ben', 'tolol', 'lo']","['udah', 'gak', 'asik', 'karna', 'akun', 'bang', 'budi', 'ben', 'tolol', 'lo']",udah gak asik karna akun bang budi ben tolol lo
Haji Amad,5,2025-10-05 00:27:35,game nya bagus banget nih! tapi bisa gak kalo lagi unduh item jangan lama²,game nya bagus banget nih! tapi bisa gak kalo lagi unduh item jangan lama²,game nya bagus banget nih tapi bisa gak kalo lagi unduh item jangan lama,"['game', 'nya', 'bagus', 'banget', 'nih', 'tapi', 'bisa', 'gak', 'kalo', 'lagi', 'unduh', 'item', 'jangan', 'lama']","['game', 'nya', 'bagus', 'banget', 'nih', 'gak', 'kalo', 'unduh', 'item', 'jangan', 'lama']","['game', 'nya', 'bagus', 'banget', 'nih', 'gak', 'kalo', 'unduh', 'item', 'jangan', 'lama']",game nya bagus banget nih gak kalo unduh item jangan lama
Febri Kisaran,4,2025-10-05 00:22:49,game yang menghibur tapi kadang stress,game yang menghibur tapi kadang stress,game yang menghibur tapi kadang stress,"['game', 'yang', 'menghibur', 'tapi', 'kadang', 'stress']","['game', 'menghibur', 'kadang', 'stress']","['game', 'hibur', 'kadang', 'stress']",game hibur kadang stress
Sarmida Wati,5,2025-10-05 00:21:42,game ini seru tapi kurang misteri shop 100persn,game ini seru tapi kurang misteri shop 100persn,game ini seru tapi kurang misteri shop persn,"['game', 'ini', 'seru', 'tapi', 'kurang', 'misteri', 'shop', 'persn']","['game', 'seru', 'kurang', 'misteri', 'shop', 'persn']","['game', 'seru', 'kurang', 'misteri', 'shop', 'persn']",game seru kurang misteri shop persn
Icha Diara,5,2025-10-05 00:13:40,terimakasih,terimakasih,terimakasih,['terimakasih'],['terimakasih'],['terimakasih'],terimakasih
Kadek Iwan,3,2025-10-05 00:13:27,mohon perbaiki setiap saya nembak bug demeg terus gak kena demeg mohon di perbaiki🙏,mohon perbaiki setiap saya nembak bug demeg terus gak kena demeg mohon di perbaiki🙏,mohon perbaiki setiap saya nembak bug demeg terus gak kena demeg mohon di perbaiki,"['mohon', 'perbaiki', 'setiap', 'saya', 'nembak', 'bug', 'demeg', 'terus', 'gak', 'kena', 'demeg', 'mohon', 'di', 'perbaiki']","['mohon', 'perbaiki', 'nembak', 'bug', 'demeg', 'terus', 'gak', 'kena', 'demeg', 'mohon', 'perbaiki']","['mohon', 'baik', 'nembak', 'bug', 'deg', 'terus', 'gak', 'kena', 'deg', 'mohon', 'baik']",mohon baik nembak bug deg terus gak kena deg mohon baik
Rangga Rangga,1,2025-10-05 00:09:15,udah gk seru kaya dulu kecewa berat 🙁🙁🙁,udah gk seru kaya dulu kecewa berat 🙁🙁🙁,udah gk seru kaya dulu kecewa berat,"['udah', 'gk', 'seru', 'kaya', 'dulu', 'kecewa', 'berat']","['udah', 'gk', 'seru', 'kaya', 'dulu', 'kecewa', 'berat']","['udah', 'gk', 'seru', 'kaya', 'dulu', 'kecewa', 'berat']",udah gk seru kaya dulu kecewa berat
Andi dahniar Niar,1,2025-10-05 00:04:37,"game rusak, banyak citer, ga niat bikin event, terus juga nguras uang bgt pas nyepin, modal hoki doang, kadang top up 1000 DM habis tanpa dapat apa', ga rekomen sih bnrn","game rusak, banyak citer, ga niat bikin event, terus juga nguras uang bgt pas nyepin, modal hoki doang, kadang top up 1000 dm habis tanpa dapat apa', ga rekomen sih bnrn",game rusak banyak citer ga niat bikin event terus juga nguras uang bgt pas nyepin modal hoki doang kadang top up dm habis tanpa dapat apa ga rekomen sih bnrn,"['game', 'rusak', 'banyak', 'citer', 'ga', 'niat', 'bikin', 'event', 'terus', 'juga', 'nguras', 'uang', 'bgt', 'pas', 'nyepin', 'modal', 'hoki', 'doang', 'kadang', 'top', 'up', 'dm', 'habis', 'tanpa', 'dapat', 'apa', 'ga', 'rekomen', 'sih', 'bnrn']","['game', 'rusak', 'banyak', 'citer', 'ga', 'niat', 'bikin', 'event', 'terus', 'nguras', 'uang', 'bgt', 'pas', 'nyepin', 'modal', 'hoki', 'doang', 'kadang', 'top', 'up', 'dm', 'habis', 'apa', 'ga', 'rekomen', 'sih', 'bnrn']","['game', 'rusak', 'banyak', 'citer', 'ga', 'niat', 'bikin', 'event', 'terus', 'nguras', 'uang', 'bgt', 'pas', 'nyepin', 'modal', 'hoki', 'doang', 'kadang', 'top', 'up', 'dm', 'habis', 'apa', 'ga', 'rekomen', 'sih', 'bnrn']",game rusak banyak citer ga niat bikin event terus nguras uang bgt pas nyepin modal hoki doang kadang top up dm habis apa ga rekomen sih bnrn
Simon Simon,5,2025-10-05 00:04:19,saya sudah lama bermain ff TPI saya pensi dan saya mulai kambek lagi ternyata ff sudah baru dan makin bagus♥️♥️,saya sudah lama bermain ff tpi saya pensi dan saya mulai kambek lagi ternyata ff sudah baru dan makin bagus♥️♥️,saya sudah lama bermain ff tpi saya pensi dan saya mulai kambek lagi ternyata ff sudah baru dan makin bagus,"['saya', 'sudah', 'lama', 'bermain', 'ff', 'tpi', 'saya', 'pensi', 'dan', 'saya', 'mulai', 'kambek', 'lagi', 'ternyata', 'ff', 'sudah', 'baru', 'dan', 'makin', 'bagus']","['lama', 'bermain', 'ff', 'tpi', 'pensi', 'mulai', 'kambek', 'ternyata', 'ff', 'baru', 'makin', 'bagus']","['lama', 'main', 'ff', 'tpi', 'pensi', 'mulai', 'kambek', 'nyata', 'ff', 'baru', 'makin', 'bagus']",lama main ff tpi pensi mulai kambek nyata ff baru makin bagus
Raumasnah Rau,5,2025-10-05 00:03:03,gem ini sangat bagus,gem ini sangat bagus,gem ini sangat bagus,"['gem', 'ini', 'sangat', 'bagus']","['gem', 'sangat', 'bagus']","['gem', 'sangat', 'bagus']",gem sangat bagus
Alif Alfat,5,2025-10-05 00:02:14,gem ini sangat seru banget dan populer,gem ini sangat seru banget dan populer,gem ini sangat seru banget dan populer,"['gem', 'ini', 'sangat', 'seru', 'banget', 'dan', 'populer']","['gem', 'sangat', 'seru', 'banget', 'populer']","['gem', 'sangat', 'seru', 'banget', 'populer']",gem sangat seru banget populer
Habibi Habibi,1,2025-10-05 00:00:31,Garena lupa diri #savebudi01gaming,garena lupa diri #savebudi01gaming,garena lupa diri savebudigaming,"['garena', 'lupa', 'diri', 'savebudigaming']","['garena', 'lupa', 'diri', 'savebudigaming']","['garena', 'lupa', 'diri', 'savebudigaming']",garena lupa diri savebudigaming
Fahma,5,2025-10-04 23:56:32,asikk bgt aku sukaaa seksli,asikk bgt aku sukaaa seksli,asikk bgt aku sukaaa seksli,"['asikk', 'bgt', 'aku', 'sukaaa', 'seksli']","['asikk', 'bgt', 'aku', 'sukaaa', 'seksli']","['asikk', 'bgt', 'aku', 'sukaaa', 'seksli']",asikk bgt aku sukaaa seksli
Arka,1,2025-10-04 23:54:05,"knp bng Budi di black list padahal itu panutan ku sejak awal² tahun 2017 dan aku bermimpi bisa jadi kayak dia , knp kok sekarang di black list saya akan pensi jika masih di black list","knp bng budi di black list padahal itu panutan ku sejak awal² tahun 2017 dan aku bermimpi bisa jadi kayak dia , knp kok sekarang di black list saya akan pensi jika masih di black list",knp bng budi di black list padahal itu panutan ku sejak awal tahun dan aku bermimpi bisa jadi kayak dia knp kok sekarang di black list saya akan pensi jika masih di black list,"['knp', 'bng', 'budi', 'di', 'black', 'list', 'padahal', 'itu', 'panutan', 'ku', 'sejak', 'awal', 'tahun', 'dan', 'aku', 'bermimpi', 'bisa', 'jadi', 'kayak', 'dia', 'knp', 'kok', 'sekarang', 'di', 'black', 'list', 'saya', 'akan', 'pensi', 'jika', 'masih', 'di', 'black', 'list']","['knp', 'bng', 'budi', 'black', 'list', 'padahal', 'panutan', 'ku', 'sejak', 'awal', 'tahun', 'aku', 'bermimpi', 'jadi', 'kayak', 'knp', 'kok', 'sekarang', 'black', 'list', 'pensi', 'black', 'list']","['knp', 'bng', 'budi', 'black', 'list', 'padahal', 'panutan', 'ku', 'sejak', 'awal', 'tahun', 'aku', 'mimpi', 'jadi', 'kayak', 'knp', 'kok', 'sekarang', 'black', 'list', 'pensi', 'black', 'list']",knp bng budi black list padahal panutan ku sejak awal tahun aku mimpi jadi kayak knp kok sekarang black list pensi black list
Weird Peop,3,2025-10-04 23:53:12,lama-kelamaan game free fire berubah sepenuhnya jadi game naruto. gila sih,lama-kelamaan game free fire berubah sepenuhnya jadi game naruto. gila sih,lamakelamaan game free fire berubah sepenuhnya jadi game naruto gila sih,"['lamakelamaan', 'game', 'free', 'fire', 'berubah', 'sepenuhnya', 'jadi', 'game', 'naruto', 'gila', 'sih']","['lamakelamaan', 'game', 'free', 'fire', 'berubah', 'sepenuhnya', 'jadi', 'game', 'naruto', 'gila', 'sih']","['lamakelamaan', 'game', 'free', 'fire', 'ubah', 'sepenuh', 'jadi', 'game', 'naruto', 'gila', 'sih']",lamakelamaan game free fire ubah sepenuh jadi game naruto gila sih
Jumaril,1,2025-10-04 23:50:53,kembalikan panutan kami bang Budi 01 geming 😡,kembalikan panutan kami bang budi 01 geming 😡,kembalikan panutan kami bang budi geming,"['kembalikan', 'panutan', 'kami', 'bang', 'budi', 'geming']","['kembalikan', 'panutan', 'bang', 'budi', 'geming']","['kembali', 'panutan', 'bang', 'budi', 'geming']",kembali panutan bang budi geming
Iqbal Maulana,5,2025-10-04 23:49:51,kagak hoki,kagak hoki,kagak hoki,"['kagak', 'hoki']","['kagak', 'hoki']","['kagak', 'hoki']",kagak hoki
Muhammad Rizky,1,2025-10-04 23:48:41,budi pensi,budi pensi,budi pensi,"['budi', 'pensi']","['budi', 'pensi']","['budi', 'pensi']",budi pensi
Alisha Anindya,5,2025-10-04 23:48:04,"game nya bagus sih, tapi sekarang byk yg kena BL dan rata² yg main di CSR-BR itu byk cheater. Garena tolong dong sistem keamanan nya gimana kok bisa sampe kebobolan gitu? kita repot yg pake cheater malah kita yg kena BL, haduhh","game nya bagus sih, tapi sekarang byk yg kena bl dan rata² yg main di csr-br itu byk cheater. garena tolong dong sistem keamanan nya gimana kok bisa sampe kebobolan gitu? kita repot yg pake cheater malah kita yg kena bl, haduhh",game nya bagus sih tapi sekarang byk yg kena bl dan rata yg main di csrbr itu byk cheater garena tolong dong sistem keamanan nya gimana kok bisa sampe kebobolan gitu kita repot yg pake cheater malah kita yg kena bl haduhh,"['game', 'nya', 'bagus', 'sih', 'tapi', 'sekarang', 'byk', 'yg', 'kena', 'bl', 'dan', 'rata', 'yg', 'main', 'di', 'csrbr', 'itu', 'byk', 'cheater', 'garena', 'tolong', 'dong', 'sistem', 'keamanan', 'nya', 'gimana', 'kok', 'bisa', 'sampe', 'kebobolan', 'gitu', 'kita', 'repot', 'yg', 'pake', 'cheater', 'malah', 'kita', 'yg', 'kena', 'bl', 'haduhh']","['game', 'nya', 'bagus', 'sih', 'sekarang', 'byk', 'yg', 'kena', 'bl', 'rata', 'yg', 'main', 'csrbr', 'byk', 'cheater', 'garena', 'dong', 'sistem', 'keamanan', 'nya', 'gimana', 'kok', 'sampe', 'kebobolan', 'gitu', 'repot', 'yg', 'pake', 'cheater', 'malah', 'yg', 'kena', 'bl', 'haduhh']","['game', 'nya', 'bagus', 'sih', 'sekarang', 'byk', 'yg', 'kena', 'bl', 'rata', 'yg', 'main', 'csrbr', 'byk', 'cheater', 'garena', 'dong', 'sistem', 'aman', 'nya', 'gimana', 'kok', 'sampe', 'bobol', 'gitu', 'repot', 'yg', 'pake', 'cheater', 'malah', 'yg', 'kena', 'bl', 'haduhh']",game nya bagus sih sekarang byk yg kena bl rata yg main csrbr byk cheater garena dong sistem aman nya gimana kok sampe bobol gitu repot yg pake cheater malah yg kena bl haduhh
Wenti Atiska,5,2025-10-04 23:43:44,minta diamond,minta diamond,minta diamond,"['minta', 'diamond']","['minta', 'diamond']","['minta', 'diamond']",minta diamond
Kiky,5,2025-10-04 23:42:13,khehut ysbk,khehut ysbk,khehut ysbk,"['khehut', 'ysbk']","['khehut', 'ysbk']","['khehut', 'ysbk']",khehut ysbk
Reza Reza,2,2025-10-04 23:39:55,tidak ada mo,tidak ada mo,tidak ada mo,"['tidak', 'ada', 'mo']",['mo'],['mo'],mo
Rangga Wiranata,5,2025-10-04 23:30:54,keren,keren,keren,['keren'],['keren'],['keren'],keren
Ardhan Fearis,5,2025-10-04 23:30:48,karena mb-nya kecil,karena mb-nya kecil,karena mbnya kecil,"['karena', 'mbnya', 'kecil']","['mbnya', 'kecil']","['mbnya', 'kecil']",mbnya kecil
Dimas Duwiputra,1,2025-10-04 23:30:08,gua main ff kembali sendiri tolong di benerin,gua main ff kembali sendiri tolong di benerin,gua main ff kembali sendiri tolong di benerin,"['gua', 'main', 'ff', 'kembali', 'sendiri', 'tolong', 'di', 'benerin']","['gua', 'main', 'ff', 'sendiri', 'benerin']","['gua', 'main', 'ff', 'sendiri', 'benerin']",gua main ff sendiri benerin
RANDI WELL,5,2025-10-04 23:26:50,permainan inih layak di beri bintang 5,permainan inih layak di beri bintang 5,permainan inih layak di beri bintang,"['permainan', 'inih', 'layak', 'di', 'beri', 'bintang']","['permainan', 'inih', 'layak', 'beri', 'bintang']","['main', 'inih', 'layak', 'beri', 'bintang']",main inih layak beri bintang
Avav Adiba,5,2025-10-04 23:25:49,seruuu,seruuu,seruuu,['seruuu'],['seruuu'],['seruuu'],seruuu
Risky Aprizal,5,2025-10-04 23:16:15,diyamon,diyamon,diyamon,['diyamon'],['diyamon'],['diyamon'],diyamon
Ketut Putra,5,2025-10-04 23:15:44,keren,keren,keren,['keren'],['keren'],['keren'],keren
Shelha rahayou,5,2025-10-04 23:15:43,game nya bagus bngt bisa mabar sama bisa dapat hadiah tapi tolonglah pas pertama login itu loading nya lama banget sama matching nya bisa sampe 1/2 menit,game nya bagus bngt bisa mabar sama bisa dapat hadiah tapi tolonglah pas pertama login itu loading nya lama banget sama matching nya bisa sampe 1/2 menit,game nya bagus bngt bisa mabar sama bisa dapat hadiah tapi tolonglah pas pertama login itu loading nya lama banget sama matching nya bisa sampe menit,"['game', 'nya', 'bagus', 'bngt', 'bisa', 'mabar', 'sama', 'bisa', 'dapat', 'hadiah', 'tapi', 'tolonglah', 'pas', 'pertama', 'login', 'itu', 'loading', 'nya', 'lama', 'banget', 'sama', 'matching', 'nya', 'bisa', 'sampe', 'menit']","['game', 'nya', 'bagus', 'bngt', 'mabar', 'sama', 'hadiah', 'tolonglah', 'pas', 'pertama', 'login', 'loading', 'nya', 'lama', 'banget', 'sama', 'matching', 'nya', 'sampe', 'menit']","['game', 'nya', 'bagus', 'bngt', 'mabar', 'sama', 'hadiah', 'tolong', 'pas', 'pertama', 'login', 'loading', 'nya', 'lama', 'banget', 'sama', 'matching', 'nya', 'sampe', 'menit']",game nya bagus bngt mabar sama hadiah tolong pas pertama login loading nya lama banget sama matching nya sampe menit
Fghjgg Fggjk,5,2025-10-04 23:15:30,game in sangat seru dan bisa mabar berepat,game in sangat seru dan bisa mabar berepat,game in sangat seru dan bisa mabar berepat,"['game', 'in', 'sangat', 'seru', 'dan', 'bisa', 'mabar', 'berepat']","['game', 'in', 'sangat', 'seru', 'mabar', 'berepat']","['game', 'in', 'sangat', 'seru', 'mabar', 'berepat']",game in sangat seru mabar berepat
Farisi AL,1,2025-10-04 23:14:36,gem ga tau diri,gem ga tau diri,gem ga tau diri,"['gem', 'ga', 'tau', 'diri']","['gem', 'ga', 'tau', 'diri']","['gem', 'ga', 'tau', 'diri']",gem ga tau diri
Ejen Alif,5,2025-10-04 23:08:00,sangat seru gua jadi bocil ff 🤣🤣🤣🤣,sangat seru gua jadi bocil ff 🤣🤣🤣🤣,sangat seru gua jadi bocil ff,"['sangat', 'seru', 'gua', 'jadi', 'bocil', 'ff']","['sangat', 'seru', 'gua', 'jadi', 'bocil', 'ff']","['sangat', 'seru', 'gua', 'jadi', 'bocil', 'ff']",sangat seru gua jadi bocil ff
Muhammad Ilham Al faruqi Paruk,5,2025-10-04 23:05:32,karena burik😄,karena burik😄,karena burik,"['karena', 'burik']",['burik'],['burik'],burik
Geo Tulak,2,2025-10-04 22:50:54,permisi admin tolong ini akun Kenap ya yang akun Alan(backer) itu koh tidak bisa masuk tolong ya di perbaiki,permisi admin tolong ini akun kenap ya yang akun alan(backer) itu koh tidak bisa masuk tolong ya di perbaiki,permisi admin tolong ini akun kenap ya yang akun alanbacker itu koh tidak bisa masuk tolong ya di perbaiki,"['permisi', 'admin', 'tolong', 'ini', 'akun', 'kenap', 'ya', 'yang', 'akun', 'alanbacker', 'itu', 'koh', 'tidak', 'bisa', 'masuk', 'tolong', 'ya', 'di', 'perbaiki']","['permisi', 'admin', 'akun', 'kenap', 'akun', 'alanbacker', 'koh', 'masuk', 'perbaiki']","['permisi', 'admin', 'akun', 'kenap', 'akun', 'alanbacker', 'koh', 'masuk', 'baik']",permisi admin akun kenap akun alanbacker koh masuk baik
Bawa Sukrawan,1,2025-10-04 22:48:59,game gak jelas gua udah kil 4 padahal masih aja minussssss,game gak jelas gua udah kil 4 padahal masih aja minussssss,game gak jelas gua udah kil padahal masih aja minussssss,"['game', 'gak', 'jelas', 'gua', 'udah', 'kil', 'padahal', 'masih', 'aja', 'minussssss']","['game', 'gak', 'jelas', 'gua', 'udah', 'kil', 'padahal', 'aja', 'minussssss']","['game', 'gak', 'jelas', 'gua', 'udah', 'kil', 'padahal', 'aja', 'minussssss']",game gak jelas gua udah kil padahal aja minussssss
Herman,5,2025-10-04 22:47:45,BAGUS,bagus,bagus,['bagus'],['bagus'],['bagus'],bagus
Sepriyanto Sepri,5,2025-10-04 22:33:31,game yang sangat bagus,game yang sangat bagus,game yang sangat bagus,"['game', 'yang', 'sangat', 'bagus']","['game', 'sangat', 'bagus']","['game', 'sangat', 'bagus']",game sangat bagus
Wildan Maulana,5,2025-10-04 22:25:43,diamond gratis nya di kasih sekali sebuah,diamond gratis nya di kasih sekali sebuah,diamond gratis nya di kasih sekali sebuah,"['diamond', 'gratis', 'nya', 'di', 'kasih', 'sekali', 'sebuah']","['diamond', 'gratis', 'nya', 'kasih', 'sekali', 'sebuah']","['diamond', 'gratis', 'nya', 'kasih', 'sekali', 'buah']",diamond gratis nya kasih sekali buah
Erma Lestari,5,2025-10-04 22:24:48,game nya sangat bagus dan realistis,game nya sangat bagus dan realistis,game nya sangat bagus dan realistis,"['game', 'nya', 'sangat', 'bagus', 'dan', 'realistis']","['game', 'nya', 'sangat', 'bagus', 'realistis']","['game', 'nya', 'sangat', 'bagus', 'realistis']",game nya sangat bagus realistis
Janda pirang Kita,5,2025-10-04 22:15:55,tau e,tau e,tau e,"['tau', 'e']","['tau', 'e']","['tau', 'e']",tau e
Bilqis,4,2025-10-04 22:06:22,seru si tapi nggak ada diamond,seru si tapi nggak ada diamond,seru si tapi nggak ada diamond,"['seru', 'si', 'tapi', 'nggak', 'ada', 'diamond']","['seru', 'si', 'diamond']","['seru', 'si', 'diamond']",seru si diamond
Suamah Amah,5,2025-10-04 21:56:08,Rame,rame,rame,['rame'],['rame'],['rame'],rame
Ahmat Fandi,1,2025-10-04 21:43:07,min saya masang glow wall keluarnya telat min perbaikin ya min,min saya masang glow wall keluarnya telat min perbaikin ya min,min saya masang glow wall keluarnya telat min perbaikin ya min,"['min', 'saya', 'masang', 'glow', 'wall', 'keluarnya', 'telat', 'min', 'perbaikin', 'ya', 'min']","['min', 'masang', 'glow', 'wall', 'keluarnya', 'telat', 'min', 'perbaikin', 'min']","['min', 'masang', 'glow', 'wall', 'keluar', 'telat', 'min', 'perbaikin', 'min']",min masang glow wall keluar telat min perbaikin min
Erlan Gunawan,5,2025-10-04 21:31:44,bagus,bagus,bagus,['bagus'],['bagus'],['bagus'],bagus
Lefindra Putri lorenzo,4,2025-10-04 21:02:43,maaf ya garena aku kasih 4 bintang soalnya akun aku dikasih larangan woii aku pengen main malah laranganya 29 hari lama bener cokk padahal aku sudah kasih naik honor score ku tapi ngga ada naik naik terus kelakuan buruk pun ngga ada kok bisa sih ditambah tambah mohon lepaskan akun sayaaa garenaa dah nangiss aku😥😥,maaf ya garena aku kasih 4 bintang soalnya akun aku dikasih larangan woii aku pengen main malah laranganya 29 hari lama bener cokk padahal aku sudah kasih naik honor score ku tapi ngga ada naik naik terus kelakuan buruk pun ngga ada kok bisa sih ditambah tambah mohon lepaskan akun sayaaa garenaa dah nangiss aku😥😥,maaf ya garena aku kasih bintang soalnya akun aku dikasih larangan woii aku pengen main malah laranganya hari lama bener cokk padahal aku sudah kasih naik honor score ku tapi ngga ada naik naik terus kelakuan buruk pun ngga ada kok bisa sih ditambah tambah mohon lepaskan akun sayaaa garenaa dah nangiss aku,"['maaf', 'ya', 'garena', 'aku', 'kasih', 'bintang', 'soalnya', 'akun', 'aku', 'dikasih', 'larangan', 'woii', 'aku', 'pengen', 'main', 'malah', 'laranganya', 'hari', 'lama', 'bener', 'cokk', 'padahal', 'aku', 'sudah', 'kasih', 'naik', 'honor', 'score', 'ku', 'tapi', 'ngga', 'ada', 'naik', 'naik', 'terus', 'kelakuan', 'buruk', 'pun', 'ngga', 'ada', 'kok', 'bisa', 'sih', 'ditambah', 'tambah', 'mohon', 'lepaskan', 'akun', 'sayaaa', 'garenaa', 'dah', 'nangiss', 'aku']","['maaf', 'garena', 'aku', 'kasih', 'bintang', 'soalnya', 'akun', 'aku', 'dikasih', 'larangan', 'woii', 'aku', 'pengen', 'main', 'malah', 'laranganya', 'hari', 'lama', 'bener', 'cokk', 'padahal', 'aku', 'kasih', 'naik', 'honor', 'score', 'ku', 'ngga', 'naik', 'naik', 'terus', 'kelakuan', 'buruk', 'ngga', 'kok', 'sih', 'ditambah', 'tambah', 'mohon', 'lepaskan', 'akun', 'sayaaa', 'garenaa', 'dah', 'nangiss', 'aku']","['maaf', 'garena', 'aku', 'kasih', 'bintang', 'soal', 'akun', 'aku', 'kasih', 'larang', 'woii', 'aku', 'ken', 'main', 'malah', 'laranganya', 'hari', 'lama', 'bener', 'cokk', 'padahal', 'aku', 'kasih', 'naik', 'honor', 'score', 'ku', 'ngga', 'naik', 'naik', 'terus', 'laku', 'buruk', 'ngga', 'kok', 'sih', 'tambah', 'tambah', 'mohon', 'lepas', 'akun', 'sayaaa', 'garenaa', 'dah', 'nangiss', 'aku']",maaf garena aku kasih bintang soal akun aku kasih larang woii aku ken main malah laranganya hari lama bener cokk padahal aku kasih naik honor score ku ngga naik naik terus laku buruk ngga kok sih tambah tambah mohon lepas akun sayaaa garenaa dah nangiss aku
Rofli Roffli,5,2025-10-04 21:01:49,bagus,bagus,bagus,['bagus'],['bagus'],['bagus'],bagus
Aziis_99,1,2025-10-04 20:51:26,part 2 bang Budi di BL,part 2 bang budi di bl,part bang budi di bl,"['part', 'bang', 'budi', 'di', 'bl']","['part', 'bang', 'budi', 'bl']","['part', 'bang', 'budi', 'bl']",part bang budi bl
Dewa Dewi,5,2025-10-04 20:43:29,dari 2019 baru ratingg xixixi,dari 2019 baru ratingg xixixi,dari baru ratingg xixixi,"['dari', 'baru', 'ratingg', 'xixixi']","['baru', 'ratingg', 'xixixi']","['baru', 'ratingg', 'xixixi']",baru ratingg xixixi
aldi kol,5,2025-10-04 20:24:08,sangat bagus,sangat bagus,sangat bagus,"['sangat', 'bagus']","['sangat', 'bagus']","['sangat', 'bagus']",sangat bagus
Mohamad Fajar,3,2025-10-04 19:38:23,game nya nambah berat terus males banget ama bocil trogon,game nya nambah berat terus males banget ama bocil trogon,game nya nambah berat terus males banget ama bocil trogon,"['game', 'nya', 'nambah', 'berat', 'terus', 'males', 'banget', 'ama', 'bocil', 'trogon']","['game', 'nya', 'nambah', 'berat', 'terus', 'males', 'banget', 'ama', 'bocil', 'trogon']","['game', 'nya', 'nambah', 'berat', 'terus', 'males', 'banget', 'ama', 'bocil', 'trogon']",game nya nambah berat terus males banget ama bocil trogon
Febriani Heru,5,2025-10-04 19:09:12,Suka sekali game ini,suka sekali game ini,suka sekali game ini,"['suka', 'sekali', 'game', 'ini']","['suka', 'sekali', 'game']","['suka', 'sekali', 'game']",suka sekali game
Ermelinda Suek nahak,5,2025-10-04 18:53:46,bagus,bagus,bagus,['bagus'],['bagus'],['bagus'],bagus
Grizxy 1928,1,2025-10-04 18:39:13,"kalo buat game yang jelas dikit lah tolol, jaringan semenjak updete lagg teruss dongo banget padahal kuota + wifi tetep aja ngeleg dongo banget si bikin game update di gedein bug jaringan ga ilang ilang dri dulu","kalo buat game yang jelas dikit lah tolol, jaringan semenjak updete lagg teruss dongo banget padahal kuota + wifi tetep aja ngeleg dongo banget si bikin game update di gedein bug jaringan ga ilang ilang dri dulu",kalo buat game yang jelas dikit lah tolol jaringan semenjak updete lagg teruss dongo banget padahal kuota wifi tetep aja ngeleg dongo banget si bikin game update di gedein bug jaringan ga ilang ilang dri dulu,"['kalo', 'buat', 'game', 'yang', 'jelas', 'dikit', 'lah', 'tolol', 'jaringan', 'semenjak', 'updete', 'lagg', 'teruss', 'dongo', 'banget', 'padahal', 'kuota', 'wifi', 'tetep', 'aja', 'ngeleg', 'dongo', 'banget', 'si', 'bikin', 'game', 'update', 'di', 'gedein', 'bug', 'jaringan', 'ga', 'ilang', 'ilang', 'dri', 'dulu']","['kalo', 'buat', 'game', 'jelas', 'dikit', 'lah', 'tolol', 'jaringan', 'semenjak', 'updete', 'lagg', 'teruss', 'dongo', 'banget', 'padahal', 'kuota', 'wifi', 'tetep', 'aja', 'ngeleg', 'dongo', 'banget', 'si', 'bikin', 'game', 'update', 'gedein', 'bug', 'jaringan', 'ga', 'ilang', 'ilang', 'dri', 'dulu']","['kalo', 'buat', 'game', 'jelas', 'dikit', 'lah', 'tolol', 'jaring', 'semenjak', 'updete', 'lagg', 'teruss', 'dongo', 'banget', 'padahal', 'kuota', 'wifi', 'tetep', 'aja', 'ngeleg', 'dongo', 'banget', 'si', 'bikin', 'game', 'update', 'gedein', 'bug', 'jaring', 'ga', 'ilang', 'ilang', 'dri', 'dulu']",kalo buat game jelas dikit lah tolol jaring semenjak updete lagg teruss dongo banget padahal kuota wifi tetep aja ngeleg dongo banget si bikin game update gedein bug jaring ga ilang ilang dri dulu
Reminiscere Martua,4,2025-10-04 18:34:32,tolong perbaiki bug damage,tolong perbaiki bug damage,tolong perbaiki bug damage,"['tolong', 'perbaiki', 'bug', 'damage']","['perbaiki', 'bug', 'damage']","['baik', 'bug', 'damage']",baik bug damage
Laila Adwyh,5,2025-10-04 18:27:38,sangat bagus game nya tetapi kadang ngelag pdhal jaringan lancar tolong di perbaiki lagi,sangat bagus game nya tetapi kadang ngelag pdhal jaringan lancar tolong di perbaiki lagi,sangat bagus game nya tetapi kadang ngelag pdhal jaringan lancar tolong di perbaiki lagi,"['sangat', 'bagus', 'game', 'nya', 'tetapi', 'kadang', 'ngelag', 'pdhal', 'jaringan', 'lancar', 'tolong', 'di', 'perbaiki', 'lagi']","['sangat', 'bagus', 'game', 'nya', 'kadang', 'ngelag', 'pdhal', 'jaringan', 'lancar', 'perbaiki']","['sangat', 'bagus', 'game', 'nya', 'kadang', 'ngelag', 'pdhal', 'jaring', 'lancar', 'baik']",sangat bagus game nya kadang ngelag pdhal jaring lancar baik
famili 4:br sodara,5,2025-10-04 17:44:47,geme nya mantap,geme nya mantap,geme nya mantap,"['geme', 'nya', 'mantap']","['geme', 'nya', 'mantap']","['geme', 'nya', 'mantap']",geme nya mantap
Ra dia Radia,5,2025-10-04 17:01:05,baik,baik,baik,['baik'],['baik'],['baik'],baik
ABY Zar,1,2025-10-04 17:00:47,beraninya bikin panutan kita pensi baperan jadi orang cuman nerima endorse dari blood strike lu ban? keren lu garetod,beraninya bikin panutan kita pensi baperan jadi orang cuman nerima endorse dari blood strike lu ban? keren lu garetod,beraninya bikin panutan kita pensi baperan jadi orang cuman nerima endorse dari blood strike lu ban keren lu garetod,"['beraninya', 'bikin', 'panutan', 'kita', 'pensi', 'baperan', 'jadi', 'orang', 'cuman', 'nerima', 'endorse', 'dari', 'blood', 'strike', 'lu', 'ban', 'keren', 'lu', 'garetod']","['beraninya', 'bikin', 'panutan', 'pensi', 'baperan', 'jadi', 'orang', 'cuman', 'nerima', 'endorse', 'blood', 'strike', 'lu', 'ban', 'keren', 'lu', 'garetod']","['berani', 'bikin', 'panutan', 'pensi', 'baperan', 'jadi', 'orang', 'cuman', 'nerima', 'endorse', 'blood', 'strike', 'lu', 'ban', 'keren', 'lu', 'garetod']",berani bikin panutan pensi baperan jadi orang cuman nerima endorse blood strike lu ban keren lu garetod
Rapa P,1,2025-10-04 16:58:29,game asu timnya dark sistem dongok,game asu timnya dark sistem dongok,game asu timnya dark sistem dongok,"['game', 'asu', 'timnya', 'dark', 'sistem', 'dongok']","['game', 'asu', 'timnya', 'dark', 'sistem', 'dongok']","['game', 'asu', 'tim', 'dark', 'sistem', 'dongok']",game asu tim dark sistem dongok
Raphael Christopher,5,2025-10-04 16:50:44,"bagus, lengkap dengan senjata old......","bagus, lengkap dengan senjata old......",bagus lengkap dengan senjata old,"['bagus', 'lengkap', 'dengan', 'senjata', 'old']","['bagus', 'lengkap', 'senjata', 'old']","['bagus', 'lengkap', 'senjata', 'old']",bagus lengkap senjata old
Fikri Ramadhan,1,2025-10-04 16:21:09,Game ini scame banyak bug dan aneh garena kontolll hapusss aja game luu lol mending main pou dri pada hilangkan fiture riviev,game ini scame banyak bug dan aneh garena kontolll hapusss aja game luu lol mending main pou dri pada hilangkan fiture riviev,game ini scame banyak bug dan aneh garena kontolll hapusss aja game luu lol mending main pou dri pada hilangkan fiture riviev,"['game', 'ini', 'scame', 'banyak', 'bug', 'dan', 'aneh', 'garena', 'kontolll', 'hapusss', 'aja', 'game', 'luu', 'lol', 'mending', 'main', 'pou', 'dri', 'pada', 'hilangkan', 'fiture', 'riviev']","['game', 'scame', 'banyak', 'bug', 'aneh', 'garena', 'kontolll', 'hapusss', 'aja', 'game', 'luu', 'lol', 'mending', 'main', 'pou', 'dri', 'hilangkan', 'fiture', 'riviev']","['game', 'scame', 'banyak', 'bug', 'aneh', 'garena', 'kontolll', 'hapusss', 'aja', 'game', 'luu', 'lol', 'mending', 'main', 'pou', 'dri', 'hilang', 'fiture', 'riviev']",game scame banyak bug aneh garena kontolll hapusss aja game luu lol mending main pou dri hilang fiture riviev
Ferdi Lappy,5,2025-10-04 16:08:13,Ini aku mau ikut membersip pake pulsah koh gah jadi padahal udah beli pulsah lebis Masi gah jadi,ini aku mau ikut membersip pake pulsah koh gah jadi padahal udah beli pulsah lebis masi gah jadi,ini aku mau ikut membersip pake pulsah koh gah jadi padahal udah beli pulsah lebis masi gah jadi,"['ini', 'aku', 'mau', 'ikut', 'membersip', 'pake', 'pulsah', 'koh', 'gah', 'jadi', 'padahal', 'udah', 'beli', 'pulsah', 'lebis', 'masi', 'gah', 'jadi']","['aku', 'mau', 'ikut', 'membersip', 'pake', 'pulsah', 'koh', 'gah', 'jadi', 'padahal', 'udah', 'beli', 'pulsah', 'lebis', 'masi', 'gah', 'jadi']","['aku', 'mau', 'ikut', 'sip', 'pake', 'pulsah', 'koh', 'gah', 'jadi', 'padahal', 'udah', 'beli', 'pulsah', 'lebis', 'mas', 'gah', 'jadi']",aku mau ikut sip pake pulsah koh gah jadi padahal udah beli pulsah lebis mas gah jadi
Bang yan,5,2025-10-04 15:48:37,bagus,bagus,bagus,['bagus'],['bagus'],['bagus'],bagus
Dimas Laxee,5,2025-10-04 15:39:54,HAPUS TOKO PRIME APAAN G GUNA HARGA G NGOTAK BAIK DIAWAL DOANG HAMA G GUNA HAPUS PRIME TOKO AMPAS HARUSNYA NAMA YANG LEBIH BAIK TOKO KIKIR GAME RUSAK,hapus toko prime apaan g guna harga g ngotak baik diawal doang hama g guna hapus prime toko ampas harusnya nama yang lebih baik toko kikir game rusak,hapus toko prime apaan g guna harga g ngotak baik diawal doang hama g guna hapus prime toko ampas harusnya nama yang lebih baik toko kikir game rusak,"['hapus', 'toko', 'prime', 'apaan', 'g', 'guna', 'harga', 'g', 'ngotak', 'baik', 'diawal', 'doang', 'hama', 'g', 'guna', 'hapus', 'prime', 'toko', 'ampas', 'harusnya', 'nama', 'yang', 'lebih', 'baik', 'toko', 'kikir', 'game', 'rusak']","['hapus', 'toko', 'prime', 'apaan', 'g', 'harga', 'g', 'ngotak', 'baik', 'diawal', 'doang', 'hama', 'g', 'hapus', 'prime', 'toko', 'ampas', 'harusnya', 'nama', 'lebih', 'baik', 'toko', 'kikir', 'game', 'rusak']","['hapus', 'toko', 'prime', 'apa', 'g', 'harga', 'g', 'ngotak', 'baik', 'awal', 'doang', 'hama', 'g', 'hapus', 'prime', 'toko', 'ampas', 'harus', 'nama', 'lebih', 'baik', 'toko', 'kikir', 'game', 'rusak']",hapus toko prime apa g harga g ngotak baik awal doang hama g hapus prime toko ampas harus nama lebih baik toko kikir game rusak
Boboy Boy,3,2025-10-04 15:38:51,tolong perbaiki pas main teman saya bot semua sedang kan musuh nya pro semua ini game nya rusak apa gimana,tolong perbaiki pas main teman saya bot semua sedang kan musuh nya pro semua ini game nya rusak apa gimana,tolong perbaiki pas main teman saya bot semua sedang kan musuh nya pro semua ini game nya rusak apa gimana,"['tolong', 'perbaiki', 'pas', 'main', 'teman', 'saya', 'bot', 'semua', 'sedang', 'kan', 'musuh', 'nya', 'pro', 'semua', 'ini', 'game', 'nya', 'rusak', 'apa', 'gimana']","['perbaiki', 'pas', 'main', 'teman', 'bot', 'semua', 'sedang', 'kan', 'musuh', 'nya', 'pro', 'semua', 'game', 'nya', 'rusak', 'apa', 'gimana']","['baik', 'pas', 'main', 'teman', 'bot', 'semua', 'sedang', 'kan', 'musuh', 'nya', 'pro', 'semua', 'game', 'nya', 'rusak', 'apa', 'gimana']",baik pas main teman bot semua sedang kan musuh nya pro semua game nya rusak apa gimana
Attan,1,2025-10-04 15:32:28,jelek,jelek,jelek,['jelek'],['jelek'],['jelek'],jelek
Agus Gendut,5,2025-10-04 15:23:04,agar lebih bagus lagi khususnya di koneksi game,agar lebih bagus lagi khususnya di koneksi game,agar lebih bagus lagi khususnya di koneksi game,"['agar', 'lebih', 'bagus', 'lagi', 'khususnya', 'di', 'koneksi', 'game']","['lebih', 'bagus', 'khususnya', 'koneksi', 'game']","['lebih', 'bagus', 'khusus', 'koneksi', 'game']",lebih bagus khusus koneksi game
Quenka Cinta,5,2025-10-04 15:21:59,bagus,bagus,bagus,['bagus'],['bagus'],['bagus'],bagus
Wafi Wahhab,5,2025-10-04 15:20:07,Santa keren,santa keren,santa keren,"['santa', 'keren']","['santa', 'keren']","['santa', 'keren']",santa keren
saepul ahmad hidayat,5,2025-10-04 15:14:47,mita akun ff,mita akun ff,mita akun ff,"['mita', 'akun', 'ff']","['mita', 'akun', 'ff']","['mita', 'akun', 'ff']",mita akun ff
Rafa Kamiko,5,2025-10-04 15:05:24,ff tambah maju🙏😅,ff tambah maju🙏😅,ff tambah maju,"['ff', 'tambah', 'maju']","['ff', 'tambah', 'maju']","['ff', 'tambah', 'maju']",ff tambah maju
Farhat syafiq,5,2025-10-04 14:56:36,mantap seru tapii murahin dikit lah garenaa kalo mau nyepinn gakuat kalo top up teruss yaa plisss lopyuuu garenaa🥰,mantap seru tapii murahin dikit lah garenaa kalo mau nyepinn gakuat kalo top up teruss yaa plisss lopyuuu garenaa🥰,mantap seru tapii murahin dikit lah garenaa kalo mau nyepinn gakuat kalo top up teruss yaa plisss lopyuuu garenaa,"['mantap', 'seru', 'tapii', 'murahin', 'dikit', 'lah', 'garenaa', 'kalo', 'mau', 'nyepinn', 'gakuat', 'kalo', 'top', 'up', 'teruss', 'yaa', 'plisss', 'lopyuuu', 'garenaa']","['mantap', 'seru', 'tapii', 'murahin', 'dikit', 'lah', 'garenaa', 'kalo', 'mau', 'nyepinn', 'gakuat', 'kalo', 'top', 'up', 'teruss', 'yaa', 'plisss', 'lopyuuu', 'garenaa']","['mantap', 'seru', 'tapi', 'murahin', 'dikit', 'lah', 'garenaa', 'kalo', 'mau', 'nyepinn', 'gakuat', 'kalo', 'top', 'up', 'teruss', 'yaa', 'plisss', 'lopyuuu', 'garenaa']",mantap seru tapi murahin dikit lah garenaa kalo mau nyepinn gakuat kalo top up teruss yaa plisss lopyuuu garenaa
Danu Aji,1,2025-10-04 14:54:27,gburik apa apa di rubah maki buruk masak jaringt,gburik apa apa di rubah maki buruk masak jaringt,gburik apa apa di rubah maki buruk masak jaringt,"['gburik', 'apa', 'apa', 'di', 'rubah', 'maki', 'buruk', 'masak', 'jaringt']","['gburik', 'apa', 'apa', 'rubah', 'maki', 'buruk', 'masak', 'jaringt']","['gburik', 'apa', 'apa', 'rubah', 'maki', 'buruk', 'masak', 'jaringt']",gburik apa apa rubah maki buruk masak jaringt
Davinxx Raisa,5,2025-10-04 14:51:17,kenapaaaaa syaaa tidakk bisaaa loginn firefrree garenaaaa tolong bantuu saya bisa login lagii dongg layaarrr hitammm bantuuu sayaaa untukku bisaa login kembalii sayaaa kangenn gameee inii tolonggg sayaaa garenaaa,kenapaaaaa syaaa tidakk bisaaa loginn firefrree garenaaaa tolong bantuu saya bisa login lagii dongg layaarrr hitammm bantuuu sayaaa untukku bisaa login kembalii sayaaa kangenn gameee inii tolonggg sayaaa garenaaa,kenapaaaaa syaaa tidakk bisaaa loginn firefrree garenaaaa tolong bantuu saya bisa login lagii dongg layaarrr hitammm bantuuu sayaaa untukku bisaa login kembalii sayaaa kangenn gameee inii tolonggg sayaaa garenaaa,"['kenapaaaaa', 'syaaa', 'tidakk', 'bisaaa', 'loginn', 'firefrree', 'garenaaaa', 'tolong', 'bantuu', 'saya', 'bisa', 'login', 'lagii', 'dongg', 'layaarrr', 'hitammm', 'bantuuu', 'sayaaa', 'untukku', 'bisaa', 'login', 'kembalii', 'sayaaa', 'kangenn', 'gameee', 'inii', 'tolonggg', 'sayaaa', 'garenaaa']","['kenapaaaaa', 'syaaa', 'tidakk', 'bisaaa', 'loginn', 'firefrree', 'garenaaaa', 'bantuu', 'login', 'lagii', 'dongg', 'layaarrr', 'hitammm', 'bantuuu', 'sayaaa', 'untukku', 'bisaa', 'login', 'kembalii', 'sayaaa', 'kangenn', 'gameee', 'inii', 'tolonggg', 'sayaaa', 'garenaaa']","['kenapaaaaa', 'syaaa', 'tidakk', 'bisaaa', 'loginn', 'firefrree', 'garenaaaa', 'bantuu', 'login', 'lagi', 'dongg', 'layaarrr', 'hitammm', 'bantuuu', 'sayaaa', 'untuk', 'bisaa', 'login', 'kembali', 'sayaaa', 'kangenn', 'gameee', 'ini', 'tolonggg', 'sayaaa', 'garenaaa']",kenapaaaaa syaaa tidakk bisaaa loginn firefrree garenaaaa bantuu login lagi dongg layaarrr hitammm bantuuu sayaaa untuk bisaa login kembali sayaaa kangenn gameee ini tolonggg sayaaa garenaaa
Destian Hardiansah,1,2025-10-04 14:47:28,garena kenapa ini bisa login tapi ga bisa maiin dasar gem burik😠😠,garena kenapa ini bisa login tapi ga bisa maiin dasar gem burik😠😠,garena kenapa ini bisa login tapi ga bisa maiin dasar gem burik,"['garena', 'kenapa', 'ini', 'bisa', 'login', 'tapi', 'ga', 'bisa', 'maiin', 'dasar', 'gem', 'burik']","['garena', 'login', 'ga', 'maiin', 'dasar', 'gem', 'burik']","['garena', 'login', 'ga', 'maiin', 'dasar', 'gem', 'burik']",garena login ga maiin dasar gem burik
Esih Sukaesih,5,2025-10-04 14:39:41,sangat seru udah baru mau login lagi baru komback kayak nya seru,sangat seru udah baru mau login lagi baru komback kayak nya seru,sangat seru udah baru mau login lagi baru komback kayak nya seru,"['sangat', 'seru', 'udah', 'baru', 'mau', 'login', 'lagi', 'baru', 'komback', 'kayak', 'nya', 'seru']","['sangat', 'seru', 'udah', 'baru', 'mau', 'login', 'baru', 'komback', 'kayak', 'nya', 'seru']","['sangat', 'seru', 'udah', 'baru', 'mau', 'login', 'baru', 'komback', 'kayak', 'nya', 'seru']",sangat seru udah baru mau login baru komback kayak nya seru
Melsyi Saputri,5,2025-10-04 14:33:48,Bagus desain nya juga seru enak di mainkan,bagus desain nya juga seru enak di mainkan,bagus desain nya juga seru enak di mainkan,"['bagus', 'desain', 'nya', 'juga', 'seru', 'enak', 'di', 'mainkan']","['bagus', 'desain', 'nya', 'seru', 'enak', 'mainkan']","['bagus', 'desain', 'nya', 'seru', 'enak', 'main']",bagus desain nya seru enak main
Vivo Yduabelas,1,2025-10-04 14:29:06,karna bang Budi 01 gemingz pensi,karna bang budi 01 gemingz pensi,karna bang budi gemingz pensi,"['karna', 'bang', 'budi', 'gemingz', 'pensi']","['karna', 'bang', 'budi', 'gemingz', 'pensi']","['karna', 'bang', 'budi', 'gemingz', 'pensi']",karna bang budi gemingz pensi
AKIM AKIM,5,2025-10-04 14:28:34,kenapa Lawan nya kebanyakan yang Bot,kenapa lawan nya kebanyakan yang bot,kenapa lawan nya kebanyakan yang bot,"['kenapa', 'lawan', 'nya', 'kebanyakan', 'yang', 'bot']","['lawan', 'nya', 'kebanyakan', 'bot']","['lawan', 'nya', 'banyak', 'bot']",lawan nya banyak bot
Achiera Ahza,5,2025-10-04 14:28:32,Iki epep,iki epep,iki epep,"['iki', 'epep']","['iki', 'epep']","['iki', 'epep']",iki epep
Hey Gibran,1,2025-10-04 14:26:37,Roblox lebih seru,roblox lebih seru,roblox lebih seru,"['roblox', 'lebih', 'seru']","['roblox', 'lebih', 'seru']","['roblox', 'lebih', 'seru']",roblox lebih seru
mahmud hitam,1,2025-10-04 14:21:04,"𝑮𝑨𝑹𝑬𝑵𝑨,𝑨𝑵𝑱𝑰𝑵𝑮 𝑴𝑬𝑴𝑨𝑵𝑮 𝑮𝑨𝑴𝑬 𝑲𝑨𝑴𝑼 𝑰𝑵𝑰,𝑵𝑮𝑨𝑲𝑼 𝑼𝑫𝑨𝑯 7 𝑻𝑨𝑯𝑼𝑵,𝑻𝑨𝑷𝑰 𝑩𝑼𝑪𝑲 𝑫𝑨𝑴𝑨𝑮𝑬 𝑻𝑶𝑫𝑨𝑲 𝑩𝑰𝑺𝑨 𝑫𝑰𝑬𝑹𝑩𝑨𝑰𝑲𝑰,𝑲𝑳𝑾 𝑵𝑬𝑴𝑩𝑨𝑲,,𝑷𝑬𝑹𝑩𝑨𝑰𝑲𝑰 𝑱𝑨𝑹𝑰𝑵𝑮𝑨𝑵𝑵𝒀𝑨, 𝑹𝑼𝑺𝑨𝑲 𝑻𝑬𝑹𝑼𝑺 𝑺𝑬𝑻𝑰𝑨𝑷 𝑴𝑨𝑰𝑵,,𝑱𝑨𝑫𝑰 𝑮 𝑷𝑶𝑲𝑼𝑺 𝑴𝑨𝑰𝑵,𝑺𝑬𝑻𝑰𝑨𝑷 𝑴𝑨𝑰𝑵 𝑷𝑨𝑺𝑻𝑰 ,𝑹𝑼𝑺𝑨𝑲,𝑷𝑬𝑹𝑩𝑨𝑰𝑲𝑰 ...,,𝐌𝐄𝐌𝐀𝐍𝐆 𝐊𝐀𝐔 𝑨𝑵𝑱𝑰𝑵𝑮,𝑴𝑨𝑻𝑰 𝑨𝑱𝑨 𝑲𝑨𝑼,𝑮𝑨𝑴𝑬 𝑨𝑵𝑱𝑰𝑵𝑮𝑮, 𝑨𝑵𝑱𝑰𝑵𝑮,,𝑻𝑶𝑳𝑶𝑳𝑳","𝑮𝑨𝑹𝑬𝑵𝑨,𝑨𝑵𝑱𝑰𝑵𝑮 𝑴𝑬𝑴𝑨𝑵𝑮 𝑮𝑨𝑴𝑬 𝑲𝑨𝑴𝑼 𝑰𝑵𝑰,𝑵𝑮𝑨𝑲𝑼 𝑼𝑫𝑨𝑯 7 𝑻𝑨𝑯𝑼𝑵,𝑻𝑨𝑷𝑰 𝑩𝑼𝑪𝑲 𝑫𝑨𝑴𝑨𝑮𝑬 𝑻𝑶𝑫𝑨𝑲 𝑩𝑰𝑺𝑨 𝑫𝑰𝑬𝑹𝑩𝑨𝑰𝑲𝑰,𝑲𝑳𝑾 𝑵𝑬𝑴𝑩𝑨𝑲,,𝑷𝑬𝑹𝑩𝑨𝑰𝑲𝑰 𝑱𝑨𝑹𝑰𝑵𝑮𝑨𝑵𝑵𝒀𝑨, 𝑹𝑼𝑺𝑨𝑲 𝑻𝑬𝑹𝑼𝑺 𝑺𝑬𝑻𝑰𝑨𝑷 𝑴𝑨𝑰𝑵,,𝑱𝑨𝑫𝑰 𝑮 𝑷𝑶𝑲𝑼𝑺 𝑴𝑨𝑰𝑵,𝑺𝑬𝑻𝑰𝑨𝑷 𝑴𝑨𝑰𝑵 𝑷𝑨𝑺𝑻𝑰 ,𝑹𝑼𝑺𝑨𝑲,𝑷𝑬𝑹𝑩𝑨𝑰𝑲𝑰 ...,,𝐌𝐄𝐌𝐀𝐍𝐆 𝐊𝐀𝐔 𝑨𝑵𝑱𝑰𝑵𝑮,𝑴𝑨𝑻𝑰 𝑨𝑱𝑨 𝑲𝑨𝑼,𝑮𝑨𝑴𝑬 𝑨𝑵𝑱𝑰𝑵𝑮𝑮, 𝑨𝑵𝑱𝑰𝑵𝑮,,𝑻𝑶𝑳𝑶𝑳𝑳",,[],[],[],
Three Putra Damai Faluchata Zebua,1,2025-10-04 14:20:20,"yang banyak kill dan ngasih damage gak MVP, gimana sih sistemnya?","yang banyak kill dan ngasih damage gak mvp, gimana sih sistemnya?",yang banyak kill dan ngasih damage gak mvp gimana sih sistemnya,"['yang', 'banyak', 'kill', 'dan', 'ngasih', 'damage', 'gak', 'mvp', 'gimana', 'sih', 'sistemnya']","['banyak', 'kill', 'ngasih', 'damage', 'gak', 'mvp', 'gimana', 'sih', 'sistemnya']","['banyak', 'kill', 'ngasih', 'damage', 'gak', 'mvp', 'gimana', 'sih', 'sistem']",banyak kill ngasih damage gak mvp gimana sih sistem
fkrii msfaa,1,2025-10-04 14:14:34,data terhapus sendiri,data terhapus sendiri,data terhapus sendiri,"['data', 'terhapus', 'sendiri']","['data', 'terhapus', 'sendiri']","['data', 'hapus', 'sendiri']",data hapus sendiri
Ahmad Khofi,5,2025-10-04 14:12:55,game terbaik ff max teruskan kembangkan gamenya gelooo game terfavorit sepanjang masa,game terbaik ff max teruskan kembangkan gamenya gelooo game terfavorit sepanjang masa,game terbaik ff max teruskan kembangkan gamenya gelooo game terfavorit sepanjang masa,"['game', 'terbaik', 'ff', 'max', 'teruskan', 'kembangkan', 'gamenya', 'gelooo', 'game', 'terfavorit', 'sepanjang', 'masa']","['game', 'terbaik', 'ff', 'max', 'teruskan', 'kembangkan', 'gamenya', 'gelooo', 'game', 'terfavorit', 'sepanjang', 'masa']","['game', 'baik', 'ff', 'max', 'terus', 'kembang', 'gamenya', 'gelooo', 'game', 'favorit', 'panjang', 'masa']",game baik ff max terus kembang gamenya gelooo game favorit panjang masa
Wendi Wendi,5,2025-10-04 14:06:53,good,good,good,['good'],['good'],['good'],good
gs Gsy,4,2025-10-04 14:06:47,lumayan bagus tapi guwe Main kayak eror,lumayan bagus tapi guwe main kayak eror,lumayan bagus tapi guwe main kayak eror,"['lumayan', 'bagus', 'tapi', 'guwe', 'main', 'kayak', 'eror']","['lumayan', 'bagus', 'guwe', 'main', 'kayak', 'eror']","['lumayan', 'bagus', 'guwe', 'main', 'kayak', 'eror']",lumayan bagus guwe main kayak eror
Bagus Riswana Aditya,1,2025-10-04 14:04:11,namanya game nya bagus tapi musuh nya citer lebih baik aku main ml gak ada ya n citer ff burik hapus aja ff dari play story ff k****l,namanya game nya bagus tapi musuh nya citer lebih baik aku main ml gak ada ya n citer ff burik hapus aja ff dari play story ff k****l,namanya game nya bagus tapi musuh nya citer lebih baik aku main ml gak ada ya n citer ff burik hapus aja ff dari play story ff kl,"['namanya', 'game', 'nya', 'bagus', 'tapi', 'musuh', 'nya', 'citer', 'lebih', 'baik', 'aku', 'main', 'ml', 'gak', 'ada', 'ya', 'n', 'citer', 'ff', 'burik', 'hapus', 'aja', 'ff', 'dari', 'play', 'story', 'ff', 'kl']","['namanya', 'game', 'nya', 'bagus', 'musuh', 'nya', 'citer', 'lebih', 'baik', 'aku', 'main', 'ml', 'gak', 'n', 'citer', 'ff', 'burik', 'hapus', 'aja', 'ff', 'play', 'story', 'ff', 'kl']","['nama', 'game', 'nya', 'bagus', 'musuh', 'nya', 'citer', 'lebih', 'baik', 'aku', 'main', 'ml', 'gak', 'n', 'citer', 'ff', 'burik', 'hapus', 'aja', 'ff', 'play', 'story', 'ff', 'kl']",nama game nya bagus musuh nya citer lebih baik aku main ml gak n citer ff burik hapus aja ff play story ff kl
Muhammad Reksi,5,2025-10-04 14:03:55,aku mau Diamin 10000,aku mau diamin 10000,aku mau diamin,"['aku', 'mau', 'diamin']","['aku', 'mau', 'diamin']","['aku', 'mau', 'amin']",aku mau amin
Jerryansyah,5,2025-10-04 13:58:25,good job ff,good job ff,good job ff,"['good', 'job', 'ff']","['good', 'job', 'ff']","['good', 'job', 'ff']",good job ff
Dewa Seputar,1,2025-10-04 13:57:00,woii biasa ga sih klo ada aidrop kga usah langsung otomatis bayar kan gua cumn ngliat pajak doang anjj ngapa langsung ilangg dua kali gua begitu kan setan lagi tolol amat jadii game,woii biasa ga sih klo ada aidrop kga usah langsung otomatis bayar kan gua cumn ngliat pajak doang anjj ngapa langsung ilangg dua kali gua begitu kan setan lagi tolol amat jadii game,woii biasa ga sih klo ada aidrop kga usah langsung otomatis bayar kan gua cumn ngliat pajak doang anjj ngapa langsung ilangg dua kali gua begitu kan setan lagi tolol amat jadii game,"['woii', 'biasa', 'ga', 'sih', 'klo', 'ada', 'aidrop', 'kga', 'usah', 'langsung', 'otomatis', 'bayar', 'kan', 'gua', 'cumn', 'ngliat', 'pajak', 'doang', 'anjj', 'ngapa', 'langsung', 'ilangg', 'dua', 'kali', 'gua', 'begitu', 'kan', 'setan', 'lagi', 'tolol', 'amat', 'jadii', 'game']","['woii', 'biasa', 'ga', 'sih', 'klo', 'aidrop', 'kga', 'usah', 'langsung', 'otomatis', 'bayar', 'kan', 'gua', 'cumn', 'ngliat', 'pajak', 'doang', 'anjj', 'ngapa', 'langsung', 'ilangg', 'kali', 'gua', 'kan', 'setan', 'tolol', 'jadii', 'game']","['woii', 'biasa', 'ga', 'sih', 'klo', 'aidrop', 'kga', 'usah', 'langsung', 'otomatis', 'bayar', 'kan', 'gua', 'cumn', 'ngliat', 'pajak', 'doang', 'anjj', 'ngapa', 'langsung', 'ilangg', 'kali', 'gua', 'kan', 'setan', 'tolol', 'jadi', 'game']",woii biasa ga sih klo aidrop kga usah langsung otomatis bayar kan gua cumn ngliat pajak doang anjj ngapa langsung ilangg kali gua kan setan tolol jadi game
rasidy rasidy,4,2025-10-04 13:55:47,masih pemula maaf,masih pemula maaf,masih pemula maaf,"['masih', 'pemula', 'maaf']","['pemula', 'maaf']","['mula', 'maaf']",mula maaf
Sependi,5,2025-10-04 13:53:14,baguss banget,baguss banget,baguss banget,"['baguss', 'banget']","['baguss', 'banget']","['baguss', 'banget']",baguss banget
Zaki Pratama,1,2025-10-04 13:37:00,"game gajelas, jaringan bagus malah di FF nya merah,tolol apa gmn?","game gajelas, jaringan bagus malah di ff nya merah,tolol apa gmn?",game gajelas jaringan bagus malah di ff nya merahtolol apa gmn,"['game', 'gajelas', 'jaringan', 'bagus', 'malah', 'di', 'ff', 'nya', 'merahtolol', 'apa', 'gmn']","['game', 'gajelas', 'jaringan', 'bagus', 'malah', 'ff', 'nya', 'merahtolol', 'apa', 'gmn']","['game', 'gajelas', 'jaring', 'bagus', 'malah', 'ff', 'nya', 'merahtolol', 'apa', 'gmn']",game gajelas jaring bagus malah ff nya merahtolol apa gmn
Siti Jamila,5,2025-10-04 13:36:32,berkat free fire saya jadi lebih tenang,berkat free fire saya jadi lebih tenang,berkat free fire saya jadi lebih tenang,"['berkat', 'free', 'fire', 'saya', 'jadi', 'lebih', 'tenang']","['berkat', 'free', 'fire', 'jadi', 'lebih', 'tenang']","['berkat', 'free', 'fire', 'jadi', 'lebih', 'tenang']",berkat free fire jadi lebih tenang
Lahimi Himi,5,2025-10-04 13:34:22,Garena top ap pin gue bang🙏🏻🙏🏻🙏🏻🙏🏻🙏🏻🙏🏻🙏🏻,garena top ap pin gue bang🙏🏻🙏🏻🙏🏻🙏🏻🙏🏻🙏🏻🙏🏻,garena top ap pin gue bang,"['garena', 'top', 'ap', 'pin', 'gue', 'bang']","['garena', 'top', 'ap', 'pin', 'gue', 'bang']","['garena', 'top', 'ap', 'pin', 'gue', 'bang']",garena top ap pin gue bang
Mariani Marian,1,2025-10-04 13:33:39,GAME BURIK JARINGAN NYA SELALU NGELEG DAN TIDAK BAGUS SAAT BERMAIN GAME' MOON MAAP DI HARAP DI PERBAIKI,game burik jaringan nya selalu ngeleg dan tidak bagus saat bermain game' moon maap di harap di perbaiki,game burik jaringan nya selalu ngeleg dan tidak bagus saat bermain game moon maap di harap di perbaiki,"['game', 'burik', 'jaringan', 'nya', 'selalu', 'ngeleg', 'dan', 'tidak', 'bagus', 'saat', 'bermain', 'game', 'moon', 'maap', 'di', 'harap', 'di', 'perbaiki']","['game', 'burik', 'jaringan', 'nya', 'selalu', 'ngeleg', 'bagus', 'bermain', 'game', 'moon', 'maap', 'harap', 'perbaiki']","['game', 'burik', 'jaring', 'nya', 'selalu', 'ngeleg', 'bagus', 'main', 'game', 'moon', 'maap', 'harap', 'baik']",game burik jaring nya selalu ngeleg bagus main game moon maap harap baik
Kornelis dowa Pote,1,2025-10-04 13:33:29,"Game ini bagus hanya saja jaringan selalu lelet sementara di tempatku jaringan full dan gloal sering lambat dan banyak curangnya bikin pemai stress..yg buat ni game pelanggaran tlg jgn dicurangin dong Tamba jelek brengsek pukki mai, jaringan lagi2 jaringan","game ini bagus hanya saja jaringan selalu lelet sementara di tempatku jaringan full dan gloal sering lambat dan banyak curangnya bikin pemai stress..yg buat ni game pelanggaran tlg jgn dicurangin dong tamba jelek brengsek pukki mai, jaringan lagi2 jaringan",game ini bagus hanya saja jaringan selalu lelet sementara di tempatku jaringan full dan gloal sering lambat dan banyak curangnya bikin pemai stressyg buat ni game pelanggaran tlg jgn dicurangin dong tamba jelek brengsek pukki mai jaringan lagi jaringan,"['game', 'ini', 'bagus', 'hanya', 'saja', 'jaringan', 'selalu', 'lelet', 'sementara', 'di', 'tempatku', 'jaringan', 'full', 'dan', 'gloal', 'sering', 'lambat', 'dan', 'banyak', 'curangnya', 'bikin', 'pemai', 'stressyg', 'buat', 'ni', 'game', 'pelanggaran', 'tlg', 'jgn', 'dicurangin', 'dong', 'tamba', 'jelek', 'brengsek', 'pukki', 'mai', 'jaringan', 'lagi', 'jaringan']","['game', 'bagus', 'jaringan', 'selalu', 'lelet', 'tempatku', 'jaringan', 'full', 'gloal', 'sering', 'lambat', 'banyak', 'curangnya', 'bikin', 'pemai', 'stressyg', 'buat', 'ni', 'game', 'pelanggaran', 'tlg', 'jgn', 'dicurangin', 'dong', 'tamba', 'jelek', 'brengsek', 'pukki', 'mai', 'jaringan', 'jaringan']","['game', 'bagus', 'jaring', 'selalu', 'lelet', 'tempat', 'jaring', 'full', 'gloal', 'sering', 'lambat', 'banyak', 'curang', 'bikin', 'mai', 'stressyg', 'buat', 'ni', 'game', 'langgar', 'tlg', 'jgn', 'dicurangin', 'dong', 'tamba', 'jelek', 'brengsek', 'pukki', 'mai', 'jaring', 'jaring']",game bagus jaring selalu lelet tempat jaring full gloal sering lambat banyak curang bikin mai stressyg buat ni game langgar tlg jgn dicurangin dong tamba jelek brengsek pukki mai jaring jaring
Bobby Bobby,1,2025-10-04 13:32:20,Garena kikir,garena kikir,garena kikir,"['garena', 'kikir']","['garena', 'kikir']","['garena', 'kikir']",garena kikir
Zahra Zahra,5,2025-10-04 13:32:10,karena itu ia juga pernah menjabat sebagai ketua DPRD kabupaten Cirebon yang pada saat itu yang menjadi kepala yg mau mutualan sama rp renjun yuk bisa yuk bisa yuk bisa yuk bisa yuk bisa yuk bisa😋😋 yuk bisa yuk nggak bisa maksain diri dari genus ini biasanya banyak ditemui pada tahun yang tamat SD negeri yang ada yang on gak ada yang on the way you lie part of business cycle and itu udah lebih baik👍 dari genus ini juga dapat menyerap oksigen dari➡➡➡➡➡➡➡➡ air melalui proses difusi gas alam dan,karena itu ia juga pernah menjabat sebagai ketua dprd kabupaten cirebon yang pada saat itu yang menjadi kepala yg mau mutualan sama rp renjun yuk bisa yuk bisa yuk bisa yuk bisa yuk bisa yuk bisa😋😋 yuk bisa yuk nggak bisa maksain diri dari genus ini biasanya banyak ditemui pada tahun yang tamat sd negeri yang ada yang on gak ada yang on the way you lie part of business cycle and itu udah lebih baik👍 dari genus ini juga dapat menyerap oksigen dari➡➡➡➡➡➡➡➡ air melalui proses difusi gas alam dan,karena itu ia juga pernah menjabat sebagai ketua dprd kabupaten cirebon yang pada saat itu yang menjadi kepala yg mau mutualan sama rp renjun yuk bisa yuk bisa yuk bisa yuk bisa yuk bisa yuk bisa yuk bisa yuk nggak bisa maksain diri dari genus ini biasanya banyak ditemui pada tahun yang tamat sd negeri yang ada yang on gak ada yang on the way you lie part of business cycle and itu udah lebih baik dari genus ini juga dapat menyerap oksigen dari air melalui proses difusi gas alam dan,"['karena', 'itu', 'ia', 'juga', 'pernah', 'menjabat', 'sebagai', 'ketua', 'dprd', 'kabupaten', 'cirebon', 'yang', 'pada', 'saat', 'itu', 'yang', 'menjadi', 'kepala', 'yg', 'mau', 'mutualan', 'sama', 'rp', 'renjun', 'yuk', 'bisa', 'yuk', 'bisa', 'yuk', 'bisa', 'yuk', 'bisa', 'yuk', 'bisa', 'yuk', 'bisa', 'yuk', 'bisa', 'yuk', 'nggak', 'bisa', 'maksain', 'diri', 'dari', 'genus', 'ini', 'biasanya', 'banyak', 'ditemui', 'pada', 'tahun', 'yang', 'tamat', 'sd', 'negeri', 'yang', 'ada', 'yang', 'on', 'gak', 'ada', 'yang', 'on', 'the', 'way', 'you', 'lie', 'part', 'of', 'business', 'cycle', 'and', 'itu', 'udah', 'lebih', 'baik', 'dari', 'genus', 'ini', 'juga', 'dapat', 'menyerap', 'oksigen', 'dari', 'air', 'melalui', 'proses', 'difusi', 'gas', 'alam', 'dan']","['pernah', 'menjabat', 'ketua', 'dprd', 'kabupaten', 'cirebon', 'menjadi', 'kepala', 'yg', 'mau', 'mutualan', 'sama', 'rp', 'renjun', 'yuk', 'yuk', 'yuk', 'yuk', 'yuk', 'yuk', 'yuk', 'yuk', 'maksain', 'diri', 'genus', 'biasanya', 'banyak', 'ditemui', 'tahun', 'tamat', 'sd', 'negeri', 'on', 'gak', 'on', 'the', 'way', 'you', 'lie', 'part', 'of', 'business', 'cycle', 'and', 'udah', 'lebih', 'baik', 'genus', 'menyerap', 'oksigen', 'air', 'melalui', 'proses', 'difusi', 'gas', 'alam']","['pernah', 'jabat', 'ketua', 'dprd', 'kabupaten', 'cirebon', 'jadi', 'kepala', 'yg', 'mau', 'mutualan', 'sama', 'rp', 'renjun', 'yuk', 'yuk', 'yuk', 'yuk', 'yuk', 'yuk', 'yuk', 'yuk', 'maksain', 'diri', 'genus', 'biasa', 'banyak', 'temu', 'tahun', 'tamat', 'sd', 'negeri', 'on', 'gak', 'on', 'the', 'way', 'you', 'lie', 'part', 'of', 'business', 'cycle', 'and', 'udah', 'lebih', 'baik', 'genus', 'serap', 'oksigen', 'air', 'lalu', 'proses', 'difusi', 'gas', 'alam']",pernah jabat ketua dprd kabupaten cirebon jadi kepala yg mau mutualan sama rp renjun yuk yuk yuk yuk yuk yuk yuk yuk maksain diri genus biasa banyak temu tahun tamat sd negeri on gak on the way you lie part of business cycle and udah lebih baik genus serap oksigen air lalu proses difusi gas alam
Nopal Nugraha,4,2025-10-04 13:30:34,"saya download FF berapa kali tapi gak bisa bisa ya coba dong perbaiki lagi sayang akun saya, kalo udah gak bisa main lagi mending saya pensi, tolong yah perbaiki lagi udah berapa kali saya download kaga bisa bisa","saya download ff berapa kali tapi gak bisa bisa ya coba dong perbaiki lagi sayang akun saya, kalo udah gak bisa main lagi mending saya pensi, tolong yah perbaiki lagi udah berapa kali saya download kaga bisa bisa",saya download ff berapa kali tapi gak bisa bisa ya coba dong perbaiki lagi sayang akun saya kalo udah gak bisa main lagi mending saya pensi tolong yah perbaiki lagi udah berapa kali saya download kaga bisa bisa,"['saya', 'download', 'ff', 'berapa', 'kali', 'tapi', 'gak', 'bisa', 'bisa', 'ya', 'coba', 'dong', 'perbaiki', 'lagi', 'sayang', 'akun', 'saya', 'kalo', 'udah', 'gak', 'bisa', 'main', 'lagi', 'mending', 'saya', 'pensi', 'tolong', 'yah', 'perbaiki', 'lagi', 'udah', 'berapa', 'kali', 'saya', 'download', 'kaga', 'bisa', 'bisa']","['download', 'ff', 'berapa', 'kali', 'gak', 'coba', 'dong', 'perbaiki', 'sayang', 'akun', 'kalo', 'udah', 'gak', 'main', 'mending', 'pensi', 'yah', 'perbaiki', 'udah', 'berapa', 'kali', 'download', 'kaga']","['download', 'ff', 'berapa', 'kali', 'gak', 'coba', 'dong', 'baik', 'sayang', 'akun', 'kalo', 'udah', 'gak', 'main', 'mending', 'pensi', 'yah', 'baik', 'udah', 'berapa', 'kali', 'download', 'kaga']",download ff berapa kali gak coba dong baik sayang akun kalo udah gak main mending pensi yah baik udah berapa kali download kaga
John Yohanes You,5,2025-10-04 13:26:44,mntap,mntap,mntap,['mntap'],['mntap'],['mntap'],mntap
Slamet Cemani,5,2025-10-04 13:18:04,bagus,bagus,bagus,['bagus'],['bagus'],['bagus'],bagus
Rafiruqila Ruqila,5,2025-10-04 13:16:57,ayolah garena jangan ngeluarin ipen terbaru kami igin peak dulu garena,ayolah garena jangan ngeluarin ipen terbaru kami igin peak dulu garena,ayolah garena jangan ngeluarin ipen terbaru kami igin peak dulu garena,"['ayolah', 'garena', 'jangan', 'ngeluarin', 'ipen', 'terbaru', 'kami', 'igin', 'peak', 'dulu', 'garena']","['ayolah', 'garena', 'jangan', 'ngeluarin', 'ipen', 'terbaru', 'igin', 'peak', 'dulu', 'garena']","['ayo', 'garena', 'jangan', 'ngeluarin', 'ipen', 'baru', 'igin', 'peak', 'dulu', 'garena']",ayo garena jangan ngeluarin ipen baru igin peak dulu garena
Suwarni Imut,5,2025-10-04 13:12:23,game ini sangat seru.dan game ini cocok banget yang gabut jadi kalian main.game ini aja seru banget jadi.ayo.jadi kalian download game tunggu apalagi ayo buruan download game ini sekarang juga kalau kalian tidak tidak punya teman ayo sekarang,game ini sangat seru.dan game ini cocok banget yang gabut jadi kalian main.game ini aja seru banget jadi.ayo.jadi kalian download game tunggu apalagi ayo buruan download game ini sekarang juga kalau kalian tidak tidak punya teman ayo sekarang,game ini sangat serudan game ini cocok banget yang gabut jadi kalian maingame ini aja seru banget jadiayojadi kalian download game tunggu apalagi ayo buruan download game ini sekarang juga kalau kalian tidak tidak punya teman ayo sekarang,"['game', 'ini', 'sangat', 'serudan', 'game', 'ini', 'cocok', 'banget', 'yang', 'gabut', 'jadi', 'kalian', 'maingame', 'ini', 'aja', 'seru', 'banget', 'jadiayojadi', 'kalian', 'download', 'game', 'tunggu', 'apalagi', 'ayo', 'buruan', 'download', 'game', 'ini', 'sekarang', 'juga', 'kalau', 'kalian', 'tidak', 'tidak', 'punya', 'teman', 'ayo', 'sekarang']","['game', 'sangat', 'serudan', 'game', 'cocok', 'banget', 'gabut', 'jadi', 'kalian', 'maingame', 'aja', 'seru', 'banget', 'jadiayojadi', 'kalian', 'download', 'game', 'tunggu', 'ayo', 'buruan', 'download', 'game', 'sekarang', 'kalau', 'kalian', 'punya', 'teman', 'ayo', 'sekarang']","['game', 'sangat', 'serudan', 'game', 'cocok', 'banget', 'gabut', 'jadi', 'kalian', 'maingame', 'aja', 'seru', 'banget', 'jadiayojadi', 'kalian', 'download', 'game', 'tunggu', 'ayo', 'buru', 'download', 'game', 'sekarang', 'kalau', 'kalian', 'punya', 'teman', 'ayo', 'sekarang']",game sangat serudan game cocok banget gabut jadi kalian maingame aja seru banget jadiayojadi kalian download game tunggu ayo buru download game sekarang kalau kalian punya teman ayo sekarang
Akun Jblah,5,2025-10-04 13:11:14,aku kasih dm domin nama 4LPIN,aku kasih dm domin nama 4lpin,aku kasih dm domin nama lpin,"['aku', 'kasih', 'dm', 'domin', 'nama', 'lpin']","['aku', 'kasih', 'dm', 'domin', 'nama', 'lpin']","['aku', 'kasih', 'dm', 'domin', 'nama', 'lpin']",aku kasih dm domin nama lpin
erlina minitasari,5,2025-10-04 13:10:11,gacor tapi sayang nya player player nya pada pensi,gacor tapi sayang nya player player nya pada pensi,gacor tapi sayang nya player player nya pada pensi,"['gacor', 'tapi', 'sayang', 'nya', 'player', 'player', 'nya', 'pada', 'pensi']","['gacor', 'sayang', 'nya', 'player', 'player', 'nya', 'pensi']","['gacor', 'sayang', 'nya', 'player', 'player', 'nya', 'pensi']",gacor sayang nya player player nya pensi
Apin Fira,5,2025-10-04 13:06:17,game tarbaik,game tarbaik,game tarbaik,"['game', 'tarbaik']","['game', 'tarbaik']","['game', 'tarbaik']",game tarbaik
arshaka mahesa,1,2025-10-04 13:03:51,Tidak bisa main huawei,tidak bisa main huawei,tidak bisa main huawei,"['tidak', 'bisa', 'main', 'huawei']","['main', 'huawei']","['main', 'huawei']",main huawei
Yusuf Abdu aziz,5,2025-10-04 12:59:37,mantap,mantap,mantap,['mantap'],['mantap'],['mantap'],mantap
Ratna Wati,5,2025-10-04 12:57:18,mantap,mantap,mantap,['mantap'],['mantap'],['mantap'],mantap
Baydhowisusandi Dowi,1,2025-10-04 12:53:57,eh kalian jangan mau du top up di geme ini soal nya gua udah top up bulanan 2x satu pun gak ada dapat! balikkan uang gua!,eh kalian jangan mau du top up di geme ini soal nya gua udah top up bulanan 2x satu pun gak ada dapat! balikkan uang gua!,eh kalian jangan mau du top up di geme ini soal nya gua udah top up bulanan x satu pun gak ada dapat balikkan uang gua,"['eh', 'kalian', 'jangan', 'mau', 'du', 'top', 'up', 'di', 'geme', 'ini', 'soal', 'nya', 'gua', 'udah', 'top', 'up', 'bulanan', 'x', 'satu', 'pun', 'gak', 'ada', 'dapat', 'balikkan', 'uang', 'gua']","['eh', 'kalian', 'jangan', 'mau', 'du', 'top', 'up', 'geme', 'soal', 'nya', 'gua', 'udah', 'top', 'up', 'bulanan', 'x', 'satu', 'gak', 'balikkan', 'uang', 'gua']","['eh', 'kalian', 'jangan', 'mau', 'du', 'top', 'up', 'geme', 'soal', 'nya', 'gua', 'udah', 'top', 'up', 'bulan', 'x', 'satu', 'gak', 'balik', 'uang', 'gua']",eh kalian jangan mau du top up geme soal nya gua udah top up bulan x satu gak balik uang gua
Muhamad Rendi,1,2025-10-04 12:53:07,benerin sinyalnya monyet pake wifi ngeleg beli paketan tetep ngeleg sinyal jumping. jangan event mulu yang di urus tolol,benerin sinyalnya monyet pake wifi ngeleg beli paketan tetep ngeleg sinyal jumping. jangan event mulu yang di urus tolol,benerin sinyalnya monyet pake wifi ngeleg beli paketan tetep ngeleg sinyal jumping jangan event mulu yang di urus tolol,"['benerin', 'sinyalnya', 'monyet', 'pake', 'wifi', 'ngeleg', 'beli', 'paketan', 'tetep', 'ngeleg', 'sinyal', 'jumping', 'jangan', 'event', 'mulu', 'yang', 'di', 'urus', 'tolol']","['benerin', 'sinyalnya', 'monyet', 'pake', 'wifi', 'ngeleg', 'beli', 'paketan', 'tetep', 'ngeleg', 'sinyal', 'jumping', 'jangan', 'event', 'mulu', 'urus', 'tolol']","['benerin', 'sinyal', 'monyet', 'pake', 'wifi', 'ngeleg', 'beli', 'paket', 'tetep', 'ngeleg', 'sinyal', 'jumping', 'jangan', 'event', 'mulu', 'urus', 'tolol']",benerin sinyal monyet pake wifi ngeleg beli paket tetep ngeleg sinyal jumping jangan event mulu urus tolol
Mujib,5,2025-10-04 12:52:53,sangat bagus,sangat bagus,sangat bagus,"['sangat', 'bagus']","['sangat', 'bagus']","['sangat', 'bagus']",sangat bagus
Mega Selvi,5,2025-10-04 12:51:39,bagus aja,bagus aja,bagus aja,"['bagus', 'aja']","['bagus', 'aja']","['bagus', 'aja']",bagus aja
Suparno Parno,5,2025-10-04 12:47:50,min minta DM ya ini nama#caspeR_+555,min minta dm ya ini nama#casper_+555,min minta dm ya ini namacasper,"['min', 'minta', 'dm', 'ya', 'ini', 'namacasper']","['min', 'minta', 'dm', 'namacasper']","['min', 'minta', 'dm', 'namacasper']",min minta dm namacasper
Tamz Elecy,1,2025-10-04 12:47:48,gem busuk,gem busuk,gem busuk,"['gem', 'busuk']","['gem', 'busuk']","['gem', 'busuk']",gem busuk
Gian Sapta,4,2025-10-04 12:45:24,game burik,game burik,game burik,"['game', 'burik']","['game', 'burik']","['game', 'burik']",game burik
Febri Arnas,5,2025-10-04 12:43:53,game ini bagus mau pun rank ku turun truss😁😁😁,game ini bagus mau pun rank ku turun truss😁😁😁,game ini bagus mau pun rank ku turun truss,"['game', 'ini', 'bagus', 'mau', 'pun', 'rank', 'ku', 'turun', 'truss']","['game', 'bagus', 'mau', 'rank', 'ku', 'turun', 'truss']","['game', 'bagus', 'mau', 'rank', 'ku', 'turun', 'truss']",game bagus mau rank ku turun truss
Akun Pribadi,5,2025-10-04 12:41:44,asik,asik,asik,['asik'],['asik'],['asik'],asik
Putri Ayu,5,2025-10-04 12:39:56,peseng .atoa,peseng .atoa,peseng atoa,"['peseng', 'atoa']","['peseng', 'atoa']","['seng', 'atoa']",seng atoa
Muhammad Yusup,4,2025-10-04 12:29:34,mantap gg mantap,mantap gg mantap,mantap gg mantap,"['mantap', 'gg', 'mantap']","['mantap', 'gg', 'mantap']","['mantap', 'gg', 'mantap']",mantap gg mantap
Kasma Kasma,5,2025-10-04 12:27:07,mayanlah,mayanlah,mayanlah,['mayanlah'],['mayanlah'],['mayanlah'],mayanlah
Jhon Silitonga,1,2025-10-04 12:24:36,game baperan,game baperan,game baperan,"['game', 'baperan']","['game', 'baperan']","['game', 'baperan']",game baperan
Ahmad,5,2025-10-04 12:22:55,👍bagus👍,👍bagus👍,bagus,['bagus'],['bagus'],['bagus'],bagus
Irma Yanti,5,2025-10-04 12:19:09,kecerahan,kecerahan,kecerahan,['kecerahan'],['kecerahan'],['cerah'],cerah
Kihh,4,2025-10-04 12:14:57,"bikin sistem pisahin dark sistem yang kurang literasi, di setiap mode usahain ada","bikin sistem pisahin dark sistem yang kurang literasi, di setiap mode usahain ada",bikin sistem pisahin dark sistem yang kurang literasi di setiap mode usahain ada,"['bikin', 'sistem', 'pisahin', 'dark', 'sistem', 'yang', 'kurang', 'literasi', 'di', 'setiap', 'mode', 'usahain', 'ada']","['bikin', 'sistem', 'pisahin', 'dark', 'sistem', 'kurang', 'literasi', 'mode', 'usahain']","['bikin', 'sistem', 'pisahin', 'dark', 'sistem', 'kurang', 'literasi', 'mode', 'usahain']",bikin sistem pisahin dark sistem kurang literasi mode usahain
Erna Pegan,5,2025-10-04 12:07:25,game ini sangat serru,game ini sangat serru,game ini sangat serru,"['game', 'ini', 'sangat', 'serru']","['game', 'sangat', 'serru']","['game', 'sangat', 'serru']",game sangat serru
Diego MICHSIA,5,2025-10-04 12:05:28,gk hoki spin kalo aku hoki sekali aja aku kasih bintang 5,gk hoki spin kalo aku hoki sekali aja aku kasih bintang 5,gk hoki spin kalo aku hoki sekali aja aku kasih bintang,"['gk', 'hoki', 'spin', 'kalo', 'aku', 'hoki', 'sekali', 'aja', 'aku', 'kasih', 'bintang']","['gk', 'hoki', 'spin', 'kalo', 'aku', 'hoki', 'sekali', 'aja', 'aku', 'kasih', 'bintang']","['gk', 'hoki', 'spin', 'kalo', 'aku', 'hoki', 'sekali', 'aja', 'aku', 'kasih', 'bintang']",gk hoki spin kalo aku hoki sekali aja aku kasih bintang
Kris Stg,1,2025-10-04 12:03:24,"padahal jaringan bagus tapi kok,loding terus","padahal jaringan bagus tapi kok,loding terus",padahal jaringan bagus tapi kokloding terus,"['padahal', 'jaringan', 'bagus', 'tapi', 'kokloding', 'terus']","['padahal', 'jaringan', 'bagus', 'kokloding', 'terus']","['padahal', 'jaring', 'bagus', 'kokloding', 'terus']",padahal jaring bagus kokloding terus
Kembar Saleta,1,2025-10-04 12:02:35,banyak bug yang ngecit jadi semua peropelayer pada pensi,banyak bug yang ngecit jadi semua peropelayer pada pensi,banyak bug yang ngecit jadi semua peropelayer pada pensi,"['banyak', 'bug', 'yang', 'ngecit', 'jadi', 'semua', 'peropelayer', 'pada', 'pensi']","['banyak', 'bug', 'ngecit', 'jadi', 'semua', 'peropelayer', 'pensi']","['banyak', 'bug', 'ngecit', 'jadi', 'semua', 'peropelayer', 'pensi']",banyak bug ngecit jadi semua peropelayer pensi
Ulin Nuha,4,2025-10-04 11:58:11,kirim aku pesan yg lagi viral onya ap,kirim aku pesan yg lagi viral onya ap,kirim aku pesan yg lagi viral onya ap,"['kirim', 'aku', 'pesan', 'yg', 'lagi', 'viral', 'onya', 'ap']","['kirim', 'aku', 'pesan', 'yg', 'viral', 'onya', 'ap']","['kirim', 'aku', 'pesan', 'yg', 'viral', 'onya', 'ap']",kirim aku pesan yg viral onya ap
Andika Saputra,5,2025-10-04 11:55:15,ff sangat menyenangkan,ff sangat menyenangkan,ff sangat menyenangkan,"['ff', 'sangat', 'menyenangkan']","['ff', 'sangat', 'menyenangkan']","['ff', 'sangat', 'senang']",ff sangat senang
Sabri Adrian,5,2025-10-04 11:54:46,iki epep,iki epep,iki epep,"['iki', 'epep']","['iki', 'epep']","['iki', 'epep']",iki epep
Farida Aliah,1,2025-10-04 11:54:22,games ya serusih tapi pulsaku sok habis soale wat main ini tolong offline,games ya serusih tapi pulsaku sok habis soale wat main ini tolong offline,games ya serusih tapi pulsaku sok habis soale wat main ini tolong offline,"['games', 'ya', 'serusih', 'tapi', 'pulsaku', 'sok', 'habis', 'soale', 'wat', 'main', 'ini', 'tolong', 'offline']","['games', 'serusih', 'pulsaku', 'sok', 'habis', 'soale', 'wat', 'main', 'offline']","['games', 'serusih', 'pulsa', 'sok', 'habis', 'soale', 'wat', 'main', 'offline']",games serusih pulsa sok habis soale wat main offline
Naufal Marish,5,2025-10-04 11:52:10,bagus dan keren,bagus dan keren,bagus dan keren,"['bagus', 'dan', 'keren']","['bagus', 'keren']","['bagus', 'keren']",bagus keren
Robert Silitonga,5,2025-10-04 11:51:04,bagus,bagus,bagus,['bagus'],['bagus'],['bagus'],bagus
Muhammad Januar damanik Januar,1,2025-10-04 11:44:44,GAME BURIK TIDAK ADA PINTU,game burik tidak ada pintu,game burik tidak ada pintu,"['game', 'burik', 'tidak', 'ada', 'pintu']","['game', 'burik', 'pintu']","['game', 'burik', 'pintu']",game burik pintu
Hendri Pratama,1,2025-10-04 11:44:07,gimana ni garena diamon gua habis gak dapet2 SG 2,gimana ni garena diamon gua habis gak dapet2 sg 2,gimana ni garena diamon gua habis gak dapet sg,"['gimana', 'ni', 'garena', 'diamon', 'gua', 'habis', 'gak', 'dapet', 'sg']","['gimana', 'ni', 'garena', 'diamon', 'gua', 'habis', 'gak', 'dapet', 'sg']","['gimana', 'ni', 'garena', 'diamon', 'gua', 'habis', 'gak', 'dapet', 'sg']",gimana ni garena diamon gua habis gak dapet sg
Abian Bian bot,1,2025-10-04 11:43:07,Apakah anda lupa Dengan nama(Budi)yg membesarkan game ini?,apakah anda lupa dengan nama(budi)yg membesarkan game ini?,apakah anda lupa dengan namabudiyg membesarkan game ini,"['apakah', 'anda', 'lupa', 'dengan', 'namabudiyg', 'membesarkan', 'game', 'ini']","['lupa', 'namabudiyg', 'membesarkan', 'game']","['lupa', 'namabudiyg', 'besar', 'game']",lupa namabudiyg besar game
Akbar Setiyawan,5,2025-10-04 11:41:47,Bismilah semoga gamenya tambah baik,bismilah semoga gamenya tambah baik,bismilah semoga gamenya tambah baik,"['bismilah', 'semoga', 'gamenya', 'tambah', 'baik']","['bismilah', 'semoga', 'gamenya', 'tambah', 'baik']","['bismilah', 'moga', 'gamenya', 'tambah', 'baik']",bismilah moga gamenya tambah baik
bos halus,3,2025-10-04 11:34:10,kok diamond aku tup up ko gak masuk ya,kok diamond aku tup up ko gak masuk ya,kok diamond aku tup up ko gak masuk ya,"['kok', 'diamond', 'aku', 'tup', 'up', 'ko', 'gak', 'masuk', 'ya']","['kok', 'diamond', 'aku', 'tup', 'up', 'ko', 'gak', 'masuk']","['kok', 'diamond', 'aku', 'tup', 'up', 'ko', 'gak', 'masuk']",kok diamond aku tup up ko gak masuk
Umarinto Umarinto,5,2025-10-04 11:33:36,sangat menyenangkan,sangat menyenangkan,sangat menyenangkan,"['sangat', 'menyenangkan']","['sangat', 'menyenangkan']","['sangat', 'senang']",sangat senang
Ragil Ragil Herin Pratama,5,2025-10-04 11:33:20,gem ini sangat asik ✌️ sekali ya,gem ini sangat asik ✌️ sekali ya,gem ini sangat asik sekali ya,"['gem', 'ini', 'sangat', 'asik', 'sekali', 'ya']","['gem', 'sangat', 'asik', 'sekali']","['gem', 'sangat', 'asik', 'sekali']",gem sangat asik sekali
Bilqis zea,5,2025-10-04 11:32:04,balikin akun aku☹️🥺,balikin akun aku☹️🥺,balikin akun aku,"['balikin', 'akun', 'aku']","['balikin', 'akun', 'aku']","['balikin', 'akun', 'aku']",balikin akun aku
Aryasatya Ibrahim Azhar,5,2025-10-04 11:29:34,bagus,bagus,bagus,['bagus'],['bagus'],['bagus'],bagus
Banyu Biru,1,2025-10-04 11:21:17,gua gak salah malah di tuduh infestigasi garena poke ayam,gua gak salah malah di tuduh infestigasi garena poke ayam,gua gak salah malah di tuduh infestigasi garena poke ayam,"['gua', 'gak', 'salah', 'malah', 'di', 'tuduh', 'infestigasi', 'garena', 'poke', 'ayam']","['gua', 'gak', 'salah', 'malah', 'tuduh', 'infestigasi', 'garena', 'poke', 'ayam']","['gua', 'gak', 'salah', 'malah', 'tuduh', 'infestigasi', 'garena', 'poke', 'ayam']",gua gak salah malah tuduh infestigasi garena poke ayam
Triargo Joyo,5,2025-10-04 11:21:07,setia,setia,setia,['setia'],['setia'],['setia'],setia
Farid Hasan,5,2025-10-04 11:16:32,mantap,mantap,mantap,['mantap'],['mantap'],['mantap'],mantap
normie Risma,5,2025-10-04 11:15:45,ini sangat bagus,ini sangat bagus,ini sangat bagus,"['ini', 'sangat', 'bagus']","['sangat', 'bagus']","['sangat', 'bagus']",sangat bagus
Andhika Dimas prasetya,5,2025-10-04 11:11:37,bagus,bagus,bagus,['bagus'],['bagus'],['bagus'],bagus
Dewi Masithoh,5,2025-10-04 11:05:12,bagus,bagus,bagus,['bagus'],['bagus'],['bagus'],bagus
Farel Nazrul,5,2025-10-04 11:03:49,min kapan SG trompet di liris lagii,min kapan sg trompet di liris lagii,min kapan sg trompet di liris lagii,"['min', 'kapan', 'sg', 'trompet', 'di', 'liris', 'lagii']","['min', 'kapan', 'sg', 'trompet', 'liris', 'lagii']","['min', 'kapan', 'sg', 'trompet', 'liris', 'lagi']",min kapan sg trompet liris lagi
Anjas Saputra,5,2025-10-04 11:03:46,bagus ff sangat seru,bagus ff sangat seru,bagus ff sangat seru,"['bagus', 'ff', 'sangat', 'seru']","['bagus', 'ff', 'sangat', 'seru']","['bagus', 'ff', 'sangat', 'seru']",bagus ff sangat seru
Naufal Dzakira Sya'Bani,1,2025-10-04 11:02:53,WOYYYYY GARENA JARINGAN NYA BETULIN DOOONGG,woyyyyy garena jaringan nya betulin dooongg,woyyyyy garena jaringan nya betulin dooongg,"['woyyyyy', 'garena', 'jaringan', 'nya', 'betulin', 'dooongg']","['woyyyyy', 'garena', 'jaringan', 'nya', 'betulin', 'dooongg']","['woyyyyy', 'garena', 'jaring', 'nya', 'betulin', 'dooongg']",woyyyyy garena jaring nya betulin dooongg
Uwais Al qarny,4,2025-10-04 10:58:57,download lagu Tapi tolong game ini pakai paket,download lagu tapi tolong game ini pakai paket,download lagu tapi tolong game ini pakai paket,"['download', 'lagu', 'tapi', 'tolong', 'game', 'ini', 'pakai', 'paket']","['download', 'lagu', 'game', 'pakai', 'paket']","['download', 'lagu', 'game', 'pakai', 'paket']",download lagu game pakai paket
amar xzt,5,2025-10-04 10:58:51,FF nya bagus mencelupkan bagi aku,ff nya bagus mencelupkan bagi aku,ff nya bagus mencelupkan bagi aku,"['ff', 'nya', 'bagus', 'mencelupkan', 'bagi', 'aku']","['ff', 'nya', 'bagus', 'mencelupkan', 'aku']","['ff', 'nya', 'bagus', 'celup', 'aku']",ff nya bagus celup aku
RaFzZz FF,5,2025-10-04 10:56:49,menyala,menyala,menyala,['menyala'],['menyala'],['nyala'],nyala
Rafka alvaro,5,2025-10-04 10:55:56,geme ini sangat seru.bagi orang orang new silahkan download FREE FIRE ini aga hidup mu menjadi ber motivasi lagi yaa cuyyy. tapi banyak citer nya garena tolong ya di basmi para citer nya 👍👍👍👍👍👍👍👍👍👍👍👍👍👍👍👍👍👍👍👍👍👍👍👍👍👍👍👍👍👍👍👍👍👍👍👍👍👍👍👍👍👍👍👍👍👍👍👍👍👍👍👍👍👍👍👍👍👍👍👍👍👍👍👍👍👍👍👍👍👍👍👍👍👍👍,geme ini sangat seru.bagi orang orang new silahkan download free fire ini aga hidup mu menjadi ber motivasi lagi yaa cuyyy. tapi banyak citer nya garena tolong ya di basmi para citer nya 👍👍👍👍👍👍👍👍👍👍👍👍👍👍👍👍👍👍👍👍👍👍👍👍👍👍👍👍👍👍👍👍👍👍👍👍👍👍👍👍👍👍👍👍👍👍👍👍👍👍👍👍👍👍👍👍👍👍👍👍👍👍👍👍👍👍👍👍👍👍👍👍👍👍👍,geme ini sangat serubagi orang orang new silahkan download free fire ini aga hidup mu menjadi ber motivasi lagi yaa cuyyy tapi banyak citer nya garena tolong ya di basmi para citer nya,"['geme', 'ini', 'sangat', 'serubagi', 'orang', 'orang', 'new', 'silahkan', 'download', 'free', 'fire', 'ini', 'aga', 'hidup', 'mu', 'menjadi', 'ber', 'motivasi', 'lagi', 'yaa', 'cuyyy', 'tapi', 'banyak', 'citer', 'nya', 'garena', 'tolong', 'ya', 'di', 'basmi', 'para', 'citer', 'nya']","['geme', 'sangat', 'serubagi', 'orang', 'orang', 'new', 'silahkan', 'download', 'free', 'fire', 'aga', 'hidup', 'mu', 'menjadi', 'ber', 'motivasi', 'yaa', 'cuyyy', 'banyak', 'citer', 'nya', 'garena', 'basmi', 'citer', 'nya']","['geme', 'sangat', 'serubagi', 'orang', 'orang', 'new', 'silah', 'download', 'free', 'fire', 'aga', 'hidup', 'mu', 'jadi', 'ber', 'motivasi', 'yaa', 'cuyyy', 'banyak', 'citer', 'nya', 'garena', 'basmi', 'citer', 'nya']",geme sangat serubagi orang orang new silah download free fire aga hidup mu jadi ber motivasi yaa cuyyy banyak citer nya garena basmi citer nya
Yaho Namores,5,2025-10-04 10:50:21,Alhamdulillah hirobil nga,alhamdulillah hirobil nga,alhamdulillah hirobil nga,"['alhamdulillah', 'hirobil', 'nga']","['alhamdulillah', 'hirobil', 'nga']","['alhamdulillah', 'hirobil', 'nga']",alhamdulillah hirobil nga
Zul Naidi,5,2025-10-04 10:47:31,anjai,anjai,anjai,['anjai'],['anjai'],['anja'],anja
Djdjd Djdjjd,5,2025-10-04 10:47:29,Salom game ini akusuka dan aku dikasi hoki sepin akusuka,salom game ini akusuka dan aku dikasi hoki sepin akusuka,salom game ini akusuka dan aku dikasi hoki sepin akusuka,"['salom', 'game', 'ini', 'akusuka', 'dan', 'aku', 'dikasi', 'hoki', 'sepin', 'akusuka']","['salom', 'game', 'akusuka', 'aku', 'dikasi', 'hoki', 'sepin', 'akusuka']","['salom', 'game', 'akusuka', 'aku', 'kasi', 'hoki', 'pin', 'akusuka']",salom game akusuka aku kasi hoki pin akusuka
rais kanyut lepet,3,2025-10-04 10:44:18,"minimal ga ngelag, dan patah patah pemain game tersebut perkataan nya kurang bagus","minimal ga ngelag, dan patah patah pemain game tersebut perkataan nya kurang bagus",minimal ga ngelag dan patah patah pemain game tersebut perkataan nya kurang bagus,"['minimal', 'ga', 'ngelag', 'dan', 'patah', 'patah', 'pemain', 'game', 'tersebut', 'perkataan', 'nya', 'kurang', 'bagus']","['minimal', 'ga', 'ngelag', 'patah', 'patah', 'pemain', 'game', 'tersebut', 'perkataan', 'nya', 'kurang', 'bagus']","['minimal', 'ga', 'ngelag', 'patah', 'patah', 'main', 'game', 'sebut', 'kata', 'nya', 'kurang', 'bagus']",minimal ga ngelag patah patah main game sebut kata nya kurang bagus
parhan ab,1,2025-10-04 10:40:59,grafik nya bagusin dikit,grafik nya bagusin dikit,grafik nya bagusin dikit,"['grafik', 'nya', 'bagusin', 'dikit']","['grafik', 'nya', 'bagusin', 'dikit']","['grafik', 'nya', 'bagusin', 'dikit']",grafik nya bagusin dikit
H24 IX,5,2025-10-04 10:40:17,"Garena tolong perbaiki bug internet dong , karena ketika saya bermain terkadang ada bug seperti itu , untuk selebihnya yaa bagus.","garena tolong perbaiki bug internet dong , karena ketika saya bermain terkadang ada bug seperti itu , untuk selebihnya yaa bagus.",garena tolong perbaiki bug internet dong karena ketika saya bermain terkadang ada bug seperti itu untuk selebihnya yaa bagus,"['garena', 'tolong', 'perbaiki', 'bug', 'internet', 'dong', 'karena', 'ketika', 'saya', 'bermain', 'terkadang', 'ada', 'bug', 'seperti', 'itu', 'untuk', 'selebihnya', 'yaa', 'bagus']","['garena', 'perbaiki', 'bug', 'internet', 'dong', 'bermain', 'terkadang', 'bug', 'selebihnya', 'yaa', 'bagus']","['garena', 'baik', 'bug', 'internet', 'dong', 'main', 'terkadang', 'bug', 'lebih', 'yaa', 'bagus']",garena baik bug internet dong main terkadang bug lebih yaa bagus
Devan Abang,4,2025-10-04 10:35:50,defan,defan,defan,['defan'],['defan'],['defan'],defan
Sauqi Farhan Latif,5,2025-10-04 10:31:34,bagus banget,bagus banget,bagus banget,"['bagus', 'banget']","['bagus', 'banget']","['bagus', 'banget']",bagus banget
Ara Realme,5,2025-10-04 10:26:13,game nya seru,game nya seru,game nya seru,"['game', 'nya', 'seru']","['game', 'nya', 'seru']","['game', 'nya', 'seru']",game nya seru
GG Gaming,1,2025-10-04 10:24:46,Woi Garena klo server lagi lag benerin ini gw udh menang malah ke comeback gara gara server lu Pls benerin Capek kita para player udh menang malah kena ghosting gara gara server lag,woi garena klo server lagi lag benerin ini gw udh menang malah ke comeback gara gara server lu pls benerin capek kita para player udh menang malah kena ghosting gara gara server lag,woi garena klo server lagi lag benerin ini gw udh menang malah ke comeback gara gara server lu pls benerin capek kita para player udh menang malah kena ghosting gara gara server lag,"['woi', 'garena', 'klo', 'server', 'lagi', 'lag', 'benerin', 'ini', 'gw', 'udh', 'menang', 'malah', 'ke', 'comeback', 'gara', 'gara', 'server', 'lu', 'pls', 'benerin', 'capek', 'kita', 'para', 'player', 'udh', 'menang', 'malah', 'kena', 'ghosting', 'gara', 'gara', 'server', 'lag']","['woi', 'garena', 'klo', 'server', 'lag', 'benerin', 'gw', 'udh', 'menang', 'malah', 'comeback', 'gara', 'gara', 'server', 'lu', 'pls', 'benerin', 'capek', 'player', 'udh', 'menang', 'malah', 'kena', 'ghosting', 'gara', 'gara', 'server', 'lag']","['woi', 'garena', 'klo', 'server', 'lag', 'benerin', 'gw', 'udh', 'menang', 'malah', 'comeback', 'gara', 'gara', 'server', 'lu', 'pls', 'benerin', 'capek', 'player', 'udh', 'menang', 'malah', 'kena', 'ghosting', 'gara', 'gara', 'server', 'lag']",woi garena klo server lag benerin gw udh menang malah comeback gara gara server lu pls benerin capek player udh menang malah kena ghosting gara gara server lag
Govri Athaulloh,5,2025-10-04 10:24:30,bagus geme nya,bagus geme nya,bagus geme nya,"['bagus', 'geme', 'nya']","['bagus', 'geme', 'nya']","['bagus', 'geme', 'nya']",bagus geme nya
Putra Novareza,5,2025-10-04 10:23:46,karena aku suka maen ff,karena aku suka maen ff,karena aku suka maen ff,"['karena', 'aku', 'suka', 'maen', 'ff']","['aku', 'suka', 'maen', 'ff']","['aku', 'suka', 'maen', 'ff']",aku suka maen ff
Rain Arcadia,1,2025-10-04 10:19:58,tolong perbaiki bug black screen,tolong perbaiki bug black screen,tolong perbaiki bug black screen,"['tolong', 'perbaiki', 'bug', 'black', 'screen']","['perbaiki', 'bug', 'black', 'screen']","['baik', 'bug', 'black', 'screen']",baik bug black screen
talk talk,5,2025-10-04 10:16:54,bagus,bagus,bagus,['bagus'],['bagus'],['bagus'],bagus
Shello Ajjah,5,2025-10-04 10:11:34,semoga aku main nya tambah hebat permainan ini sangat seru,semoga aku main nya tambah hebat permainan ini sangat seru,semoga aku main nya tambah hebat permainan ini sangat seru,"['semoga', 'aku', 'main', 'nya', 'tambah', 'hebat', 'permainan', 'ini', 'sangat', 'seru']","['semoga', 'aku', 'main', 'nya', 'tambah', 'hebat', 'permainan', 'sangat', 'seru']","['moga', 'aku', 'main', 'nya', 'tambah', 'hebat', 'main', 'sangat', 'seru']",moga aku main nya tambah hebat main sangat seru
Jumilar Febriansyah,5,2025-10-04 10:09:32,"anjg bangef yg heck akun gw secara,tiba² uda dua kali cb ngalamjn hal yg sma😊, mungkin emng jya aku uda engga di takdirakn hidup di dunia nyata ""wassalamualaikum wr.🙏😊","anjg bangef yg heck akun gw secara,tiba² uda dua kali cb ngalamjn hal yg sma😊, mungkin emng jya aku uda engga di takdirakn hidup di dunia nyata ""wassalamualaikum wr.🙏😊",anjg bangef yg heck akun gw secaratiba uda dua kali cb ngalamjn hal yg sma mungkin emng jya aku uda engga di takdirakn hidup di dunia nyata wassalamualaikum wr,"['anjg', 'bangef', 'yg', 'heck', 'akun', 'gw', 'secaratiba', 'uda', 'dua', 'kali', 'cb', 'ngalamjn', 'hal', 'yg', 'sma', 'mungkin', 'emng', 'jya', 'aku', 'uda', 'engga', 'di', 'takdirakn', 'hidup', 'di', 'dunia', 'nyata', 'wassalamualaikum', 'wr']","['anjg', 'bangef', 'yg', 'heck', 'akun', 'gw', 'secaratiba', 'uda', 'kali', 'cb', 'ngalamjn', 'yg', 'sma', 'mungkin', 'emng', 'jya', 'aku', 'uda', 'engga', 'takdirakn', 'hidup', 'dunia', 'nyata', 'wassalamualaikum', 'wr']","['anjg', 'bangef', 'yg', 'heck', 'akun', 'gw', 'secaratiba', 'uda', 'kali', 'cb', 'ngalamjn', 'yg', 'sma', 'mungkin', 'emng', 'jya', 'aku', 'uda', 'engga', 'takdirakn', 'hidup', 'dunia', 'nyata', 'wassalamualaikum', 'wr']",anjg bangef yg heck akun gw secaratiba uda kali cb ngalamjn yg sma mungkin emng jya aku uda engga takdirakn hidup dunia nyata wassalamualaikum wr
Elmi 24,5,2025-10-04 10:05:05,"game yang sangat aku suka, aku main game ini dari tahun 2019","game yang sangat aku suka, aku main game ini dari tahun 2019",game yang sangat aku suka aku main game ini dari tahun,"['game', 'yang', 'sangat', 'aku', 'suka', 'aku', 'main', 'game', 'ini', 'dari', 'tahun']","['game', 'sangat', 'aku', 'suka', 'aku', 'main', 'game', 'tahun']","['game', 'sangat', 'aku', 'suka', 'aku', 'main', 'game', 'tahun']",game sangat aku suka aku main game tahun
Tarmin Kelapa,1,2025-10-04 10:00:32,tolong Garena kenapa layarnya black screen?,tolong garena kenapa layarnya black screen?,tolong garena kenapa layarnya black screen,"['tolong', 'garena', 'kenapa', 'layarnya', 'black', 'screen']","['garena', 'layarnya', 'black', 'screen']","['garena', 'layar', 'black', 'screen']",garena layar black screen
Ahmad Asep,5,2025-10-04 10:00:16,terima kasih Garena,terima kasih garena,terima kasih garena,"['terima', 'kasih', 'garena']","['terima', 'kasih', 'garena']","['terima', 'kasih', 'garena']",terima kasih garena
Raka Maulana El hakim,2,2025-10-04 09:51:37,"semenjak updet keahlian bermain ff saya menurun terus,mungkin ini bukan masanya","semenjak updet keahlian bermain ff saya menurun terus,mungkin ini bukan masanya",semenjak updet keahlian bermain ff saya menurun terusmungkin ini bukan masanya,"['semenjak', 'updet', 'keahlian', 'bermain', 'ff', 'saya', 'menurun', 'terusmungkin', 'ini', 'bukan', 'masanya']","['semenjak', 'updet', 'keahlian', 'bermain', 'ff', 'menurun', 'terusmungkin', 'bukan', 'masanya']","['semenjak', 'updet', 'ahli', 'main', 'ff', 'turun', 'terusmungkin', 'bukan', 'masa']",semenjak updet ahli main ff turun terusmungkin bukan masa
J Jl,5,2025-10-04 09:46:50,kasi keluar sekin SG 2,kasi keluar sekin sg 2,kasi keluar sekin sg,"['kasi', 'keluar', 'sekin', 'sg']","['kasi', 'keluar', 'sekin', 'sg']","['kasi', 'keluar', 'sekin', 'sg']",kasi keluar sekin sg
Warteg Malam,5,2025-10-04 09:46:50,asik banget Wak aku aj sampe ketagihan 👑game 1,asik banget wak aku aj sampe ketagihan 👑game 1,asik banget wak aku aj sampe ketagihan game,"['asik', 'banget', 'wak', 'aku', 'aj', 'sampe', 'ketagihan', 'game']","['asik', 'banget', 'wak', 'aku', 'aj', 'sampe', 'ketagihan', 'game']","['asik', 'banget', 'wak', 'aku', 'aj', 'sampe', 'tagih', 'game']",asik banget wak aku aj sampe tagih game
Rasid Ilyas Acid,1,2025-10-04 09:46:38,jangan Ben bang Budi,jangan ben bang budi,jangan ben bang budi,"['jangan', 'ben', 'bang', 'budi']","['jangan', 'ben', 'bang', 'budi']","['jangan', 'ben', 'bang', 'budi']",jangan ben bang budi
Ikhwal Bachtiar,4,2025-10-04 09:44:23,"apalahhh, tolong pihak Garena, kenapa ya akun gw kena sistem bl, padahal gw jarang main br/cs kok masih kena sistem bl, tolong dibenerin lagi yaa, soalnya yang kena sistem bl bukan aku doang tapi semuanya yang kena, tolong dibenerin ya Garena sistem bl nya, kasian itu player player ff gabisa ngepus br/cs, terima kasihh🙏🙏","apalahhh, tolong pihak garena, kenapa ya akun gw kena sistem bl, padahal gw jarang main br/cs kok masih kena sistem bl, tolong dibenerin lagi yaa, soalnya yang kena sistem bl bukan aku doang tapi semuanya yang kena, tolong dibenerin ya garena sistem bl nya, kasian itu player player ff gabisa ngepus br/cs, terima kasihh🙏🙏",apalahhh tolong pihak garena kenapa ya akun gw kena sistem bl padahal gw jarang main brcs kok masih kena sistem bl tolong dibenerin lagi yaa soalnya yang kena sistem bl bukan aku doang tapi semuanya yang kena tolong dibenerin ya garena sistem bl nya kasian itu player player ff gabisa ngepus brcs terima kasihh,"['apalahhh', 'tolong', 'pihak', 'garena', 'kenapa', 'ya', 'akun', 'gw', 'kena', 'sistem', 'bl', 'padahal', 'gw', 'jarang', 'main', 'brcs', 'kok', 'masih', 'kena', 'sistem', 'bl', 'tolong', 'dibenerin', 'lagi', 'yaa', 'soalnya', 'yang', 'kena', 'sistem', 'bl', 'bukan', 'aku', 'doang', 'tapi', 'semuanya', 'yang', 'kena', 'tolong', 'dibenerin', 'ya', 'garena', 'sistem', 'bl', 'nya', 'kasian', 'itu', 'player', 'player', 'ff', 'gabisa', 'ngepus', 'brcs', 'terima', 'kasihh']","['apalahhh', 'pihak', 'garena', 'akun', 'gw', 'kena', 'sistem', 'bl', 'padahal', 'gw', 'jarang', 'main', 'brcs', 'kok', 'kena', 'sistem', 'bl', 'dibenerin', 'yaa', 'soalnya', 'kena', 'sistem', 'bl', 'bukan', 'aku', 'doang', 'semuanya', 'kena', 'dibenerin', 'garena', 'sistem', 'bl', 'nya', 'kasian', 'player', 'player', 'ff', 'gabisa', 'ngepus', 'brcs', 'terima', 'kasihh']","['apalahhh', 'pihak', 'garena', 'akun', 'gw', 'kena', 'sistem', 'bl', 'padahal', 'gw', 'jarang', 'main', 'brcs', 'kok', 'kena', 'sistem', 'bl', 'dibenerin', 'yaa', 'soal', 'kena', 'sistem', 'bl', 'bukan', 'aku', 'doang', 'semua', 'kena', 'dibenerin', 'garena', 'sistem', 'bl', 'nya', 'kasi', 'player', 'player', 'ff', 'gabisa', 'ngepus', 'brcs', 'terima', 'kasihh']",apalahhh pihak garena akun gw kena sistem bl padahal gw jarang main brcs kok kena sistem bl dibenerin yaa soal kena sistem bl bukan aku doang semua kena dibenerin garena sistem bl nya kasi player player ff gabisa ngepus brcs terima kasihh
Sahrul Kizzy,1,2025-10-04 09:43:48,kecewa sangat akun gak aneh aneh gak ngechit bisa bisa nya di bl udah buat laporan masih aja akun nya gak bisa di mainin apa apa,kecewa sangat akun gak aneh aneh gak ngechit bisa bisa nya di bl udah buat laporan masih aja akun nya gak bisa di mainin apa apa,kecewa sangat akun gak aneh aneh gak ngechit bisa bisa nya di bl udah buat laporan masih aja akun nya gak bisa di mainin apa apa,"['kecewa', 'sangat', 'akun', 'gak', 'aneh', 'aneh', 'gak', 'ngechit', 'bisa', 'bisa', 'nya', 'di', 'bl', 'udah', 'buat', 'laporan', 'masih', 'aja', 'akun', 'nya', 'gak', 'bisa', 'di', 'mainin', 'apa', 'apa']","['kecewa', 'sangat', 'akun', 'gak', 'aneh', 'aneh', 'gak', 'ngechit', 'nya', 'bl', 'udah', 'buat', 'laporan', 'aja', 'akun', 'nya', 'gak', 'mainin', 'apa', 'apa']","['kecewa', 'sangat', 'akun', 'gak', 'aneh', 'aneh', 'gak', 'ngechit', 'nya', 'bl', 'udah', 'buat', 'lapor', 'aja', 'akun', 'nya', 'gak', 'mainin', 'apa', 'apa']",kecewa sangat akun gak aneh aneh gak ngechit nya bl udah buat lapor aja akun nya gak mainin apa apa
Jaya Bersama,5,2025-10-04 09:39:20,sangat bagus,sangat bagus,sangat bagus,"['sangat', 'bagus']","['sangat', 'bagus']","['sangat', 'bagus']",sangat bagus
Melvin MRifai,5,2025-10-04 09:32:11,saya sangat terhibur,saya sangat terhibur,saya sangat terhibur,"['saya', 'sangat', 'terhibur']","['sangat', 'terhibur']","['sangat', 'hibur']",sangat hibur
Isa Ajja,2,2025-10-04 09:26:46,we need old peak,we need old peak,we need old peak,"['we', 'need', 'old', 'peak']","['we', 'need', 'old', 'peak']","['we', 'need', 'old', 'peak']",we need old peak
aku fathir,2,2025-10-04 09:22:43,bikin cape dan naik turun rank,bikin cape dan naik turun rank,bikin cape dan naik turun rank,"['bikin', 'cape', 'dan', 'naik', 'turun', 'rank']","['bikin', 'cape', 'naik', 'turun', 'rank']","['bikin', 'cape', 'naik', 'turun', 'rank']",bikin cape naik turun rank
Dea andini Aulia,1,2025-10-04 09:22:01,masah sih naro goloal musuh bosa tembus dah gitu tunggu 6detik baru ketaruh,masah sih naro goloal musuh bosa tembus dah gitu tunggu 6detik baru ketaruh,masah sih naro goloal musuh bosa tembus dah gitu tunggu detik baru ketaruh,"['masah', 'sih', 'naro', 'goloal', 'musuh', 'bosa', 'tembus', 'dah', 'gitu', 'tunggu', 'detik', 'baru', 'ketaruh']","['masah', 'sih', 'naro', 'goloal', 'musuh', 'bosa', 'tembus', 'dah', 'gitu', 'tunggu', 'detik', 'baru', 'ketaruh']","['masah', 'sih', 'naro', 'goloal', 'musuh', 'bosa', 'tembus', 'dah', 'gitu', 'tunggu', 'detik', 'baru', 'taruh']",masah sih naro goloal musuh bosa tembus dah gitu tunggu detik baru taruh
Mak Jesika,1,2025-10-04 09:06:42,peak nyaaa selalu di ganti 💔,peak nyaaa selalu di ganti 💔,peak nyaaa selalu di ganti,"['peak', 'nyaaa', 'selalu', 'di', 'ganti']","['peak', 'nyaaa', 'selalu', 'ganti']","['peak', 'nyaaa', 'selalu', 'ganti']",peak nyaaa selalu ganti
Silvi 12,5,2025-10-04 09:04:47,gemm naya baguss,gemm naya baguss,gemm naya baguss,"['gemm', 'naya', 'baguss']","['gemm', 'naya', 'baguss']","['gemm', 'naya', 'baguss']",gemm naya baguss
Xxyzlow,5,2025-10-04 08:54:42,game nya bagus sama grapik nya kurangin soal nya HP ku kentang,game nya bagus sama grapik nya kurangin soal nya hp ku kentang,game nya bagus sama grapik nya kurangin soal nya hp ku kentang,"['game', 'nya', 'bagus', 'sama', 'grapik', 'nya', 'kurangin', 'soal', 'nya', 'hp', 'ku', 'kentang']","['game', 'nya', 'bagus', 'sama', 'grapik', 'nya', 'kurangin', 'soal', 'nya', 'hp', 'ku', 'kentang']","['game', 'nya', 'bagus', 'sama', 'grapik', 'nya', 'rangin', 'soal', 'nya', 'hp', 'ku', 'kentang']",game nya bagus sama grapik nya rangin soal nya hp ku kentang
Aku Orang,5,2025-10-04 08:51:28,game yang bagus dan menyenangkan menurut saya,game yang bagus dan menyenangkan menurut saya,game yang bagus dan menyenangkan menurut saya,"['game', 'yang', 'bagus', 'dan', 'menyenangkan', 'menurut', 'saya']","['game', 'bagus', 'menyenangkan']","['game', 'bagus', 'senang']",game bagus senang
husnulch Qmh,4,2025-10-04 08:50:22,ff harus mendapat diamond gratis,ff harus mendapat diamond gratis,ff harus mendapat diamond gratis,"['ff', 'harus', 'mendapat', 'diamond', 'gratis']","['ff', 'mendapat', 'diamond', 'gratis']","['ff', 'dapat', 'diamond', 'gratis']",ff dapat diamond gratis
Saudur Siregar,5,2025-10-04 08:50:10,PERMAINAN YG SANGAT BAIK,permainan yg sangat baik,permainan yg sangat baik,"['permainan', 'yg', 'sangat', 'baik']","['permainan', 'yg', 'sangat', 'baik']","['main', 'yg', 'sangat', 'baik']",main yg sangat baik
dio lafonzo04,1,2025-10-04 08:49:34,game kikir males mainya,game kikir males mainya,game kikir males mainya,"['game', 'kikir', 'males', 'mainya']","['game', 'kikir', 'males', 'mainya']","['game', 'kikir', 'males', 'mai']",game kikir males mai
Harunsyah Putra,5,2025-10-04 08:46:59,game ini enak terus bisa ngilangi suntuk dan putus cintah,game ini enak terus bisa ngilangi suntuk dan putus cintah,game ini enak terus bisa ngilangi suntuk dan putus cintah,"['game', 'ini', 'enak', 'terus', 'bisa', 'ngilangi', 'suntuk', 'dan', 'putus', 'cintah']","['game', 'enak', 'terus', 'ngilangi', 'suntuk', 'putus', 'cintah']","['game', 'enak', 'terus', 'ngilangi', 'suntuk', 'putus', 'cintah']",game enak terus ngilangi suntuk putus cintah
Asep Nurul,5,2025-10-04 08:45:56,seru,seru,seru,['seru'],['seru'],['seru'],seru
Aldivo Khiar Wahyudi,5,2025-10-04 08:42:53,gg enak bgt,gg enak bgt,gg enak bgt,"['gg', 'enak', 'bgt']","['gg', 'enak', 'bgt']","['gg', 'enak', 'bgt']",gg enak bgt
Fatih Ar Razin,1,2025-10-04 08:41:32,game jelek ini,game jelek ini,game jelek ini,"['game', 'jelek', 'ini']","['game', 'jelek']","['game', 'jelek']",game jelek
Dimas Verdiansyah,5,2025-10-04 08:37:52,sangat bagus,sangat bagus,sangat bagus,"['sangat', 'bagus']","['sangat', 'bagus']","['sangat', 'bagus']",sangat bagus
M. Sarofudin,5,2025-10-04 08:34:50,kasiakuakun Sultan dong bang Garena FF👍mantap,kasiakuakun sultan dong bang garena ff👍mantap,kasiakuakun sultan dong bang garena ffmantap,"['kasiakuakun', 'sultan', 'dong', 'bang', 'garena', 'ffmantap']","['kasiakuakun', 'sultan', 'dong', 'bang', 'garena', 'ffmantap']","['kasiakuakun', 'sultan', 'dong', 'bang', 'garena', 'ffmantap']",kasiakuakun sultan dong bang garena ffmantap
Muhamad Ramadhani,1,2025-10-04 08:32:24,game ga bagus karna baperan,game ga bagus karna baperan,game ga bagus karna baperan,"['game', 'ga', 'bagus', 'karna', 'baperan']","['game', 'ga', 'bagus', 'karna', 'baperan']","['game', 'ga', 'bagus', 'karna', 'baperan']",game ga bagus karna baperan
Teh Ema,5,2025-10-04 08:32:17,ngapain malah peak yang di ubah,ngapain malah peak yang di ubah,ngapain malah peak yang di ubah,"['ngapain', 'malah', 'peak', 'yang', 'di', 'ubah']","['ngapain', 'malah', 'peak', 'ubah']","['ngapain', 'malah', 'peak', 'ubah']",ngapain malah peak ubah
Ilham Rafif Adhafa,5,2025-10-04 08:31:17,bagus garena,bagus garena,bagus garena,"['bagus', 'garena']","['bagus', 'garena']","['bagus', 'garena']",bagus garena
Rafa Maulana,1,2025-10-04 08:30:47,"game 8 bit, g ada pintu😹","game 8 bit, g ada pintu😹",game bit g ada pintu,"['game', 'bit', 'g', 'ada', 'pintu']","['game', 'bit', 'g', 'pintu']","['game', 'bit', 'g', 'pintu']",game bit g pintu
Riska Menqsalawasna,5,2025-10-04 08:30:01,"gamenya,bagus.dan,gerapik,bagus,juga ,tapi,ada,catatan,dari,saya,jaringan,buruk,dan,erorr,tolong,di,perbaiki,lagi,gerena,itu,saja,dari,saya,terima,kasih,saya,beri,lima,bintang,5","gamenya,bagus.dan,gerapik,bagus,juga ,tapi,ada,catatan,dari,saya,jaringan,buruk,dan,erorr,tolong,di,perbaiki,lagi,gerena,itu,saja,dari,saya,terima,kasih,saya,beri,lima,bintang,5",gamenyabagusdangerapikbagusjuga tapiadacatatandarisayajaringanburukdanerorrtolongdiperbaikilagigerenaitusajadarisayaterimakasihsayaberilimabintang,"['gamenyabagusdangerapikbagusjuga', 'tapiadacatatandarisayajaringanburukdanerorrtolongdiperbaikilagigerenaitusajadarisayaterimakasihsayaberilimabintang']","['gamenyabagusdangerapikbagusjuga', 'tapiadacatatandarisayajaringanburukdanerorrtolongdiperbaikilagigerenaitusajadarisayaterimakasihsayaberilimabintang']","['gamenyabagusdangerapikbagusjuga', 'tapiadacatatandarisayajaringanburukdanerorrtolongdiperbaikilagigerenaitusajadarisayaterimakasihsayaberilimabintang']",gamenyabagusdangerapikbagusjuga tapiadacatatandarisayajaringanburukdanerorrtolongdiperbaikilagigerenaitusajadarisayaterimakasihsayaberilimabintang
FERDY NAND,1,2025-10-04 08:26:24,"game nya banyak bug jaringan padahal udah buat laporan,tapi tetep susah, banyak bug tembus tanah, banyak cheat juga tolong di ban,,spinan nya ampas harus spin sampai habis","game nya banyak bug jaringan padahal udah buat laporan,tapi tetep susah, banyak bug tembus tanah, banyak cheat juga tolong di ban,,spinan nya ampas harus spin sampai habis",game nya banyak bug jaringan padahal udah buat laporantapi tetep susah banyak bug tembus tanah banyak cheat juga tolong di banspinan nya ampas harus spin sampai habis,"['game', 'nya', 'banyak', 'bug', 'jaringan', 'padahal', 'udah', 'buat', 'laporantapi', 'tetep', 'susah', 'banyak', 'bug', 'tembus', 'tanah', 'banyak', 'cheat', 'juga', 'tolong', 'di', 'banspinan', 'nya', 'ampas', 'harus', 'spin', 'sampai', 'habis']","['game', 'nya', 'banyak', 'bug', 'jaringan', 'padahal', 'udah', 'buat', 'laporantapi', 'tetep', 'susah', 'banyak', 'bug', 'tembus', 'tanah', 'banyak', 'cheat', 'banspinan', 'nya', 'ampas', 'spin', 'habis']","['game', 'nya', 'banyak', 'bug', 'jaring', 'padahal', 'udah', 'buat', 'laporantapi', 'tetep', 'susah', 'banyak', 'bug', 'tembus', 'tanah', 'banyak', 'cheat', 'banspinan', 'nya', 'ampas', 'spin', 'habis']",game nya banyak bug jaring padahal udah buat laporantapi tetep susah banyak bug tembus tanah banyak cheat banspinan nya ampas spin habis
Ainul Ainul,1,2025-10-04 08:22:51,gamenya sangat seru,gamenya sangat seru,gamenya sangat seru,"['gamenya', 'sangat', 'seru']","['gamenya', 'sangat', 'seru']","['gamenya', 'sangat', 'seru']",gamenya sangat seru
SANAPIA SANAPIA,2,2025-10-04 08:20:01,"gem ya seru si,cuman jaringan gak setabil waktu bermain,apa lagi pas ketemu Ama musuhnya makin jelek jaringannya atau pata pata","gem ya seru si,cuman jaringan gak setabil waktu bermain,apa lagi pas ketemu ama musuhnya makin jelek jaringannya atau pata pata",gem ya seru sicuman jaringan gak setabil waktu bermainapa lagi pas ketemu ama musuhnya makin jelek jaringannya atau pata pata,"['gem', 'ya', 'seru', 'sicuman', 'jaringan', 'gak', 'setabil', 'waktu', 'bermainapa', 'lagi', 'pas', 'ketemu', 'ama', 'musuhnya', 'makin', 'jelek', 'jaringannya', 'atau', 'pata', 'pata']","['gem', 'seru', 'sicuman', 'jaringan', 'gak', 'setabil', 'waktu', 'bermainapa', 'pas', 'ketemu', 'ama', 'musuhnya', 'makin', 'jelek', 'jaringannya', 'pata', 'pata']","['gem', 'seru', 'sicuman', 'jaring', 'gak', 'setabil', 'waktu', 'bermainapa', 'pas', 'ketemu', 'ama', 'musuh', 'makin', 'jelek', 'jaring', 'pata', 'pata']",gem seru sicuman jaring gak setabil waktu bermainapa pas ketemu ama musuh makin jelek jaring pata pata
Riki Rikipjr,1,2025-10-04 08:14:45,aplikasinya jelek burik taikkk anjinggg,aplikasinya jelek burik taikkk anjinggg,aplikasinya jelek burik taikkk anjinggg,"['aplikasinya', 'jelek', 'burik', 'taikkk', 'anjinggg']","['aplikasinya', 'jelek', 'burik', 'taikkk', 'anjinggg']","['aplikasi', 'jelek', 'burik', 'taikkk', 'anjinggg']",aplikasi jelek burik taikkk anjinggg
Apry,1,2025-10-04 08:13:33,Akun aku keban terus padahal baru login😔😭,akun aku keban terus padahal baru login😔😭,akun aku keban terus padahal baru login,"['akun', 'aku', 'keban', 'terus', 'padahal', 'baru', 'login']","['akun', 'aku', 'keban', 'terus', 'padahal', 'baru', 'login']","['akun', 'aku', 'ban', 'terus', 'padahal', 'baru', 'login']",akun aku ban terus padahal baru login
Steven Gultom,5,2025-10-04 08:12:29,karena game ini sangat seru danenyenangkan,karena game ini sangat seru danenyenangkan,karena game ini sangat seru danenyenangkan,"['karena', 'game', 'ini', 'sangat', 'seru', 'danenyenangkan']","['game', 'sangat', 'seru', 'danenyenangkan']","['game', 'sangat', 'seru', 'danenyenangkan']",game sangat seru danenyenangkan
Arif Rahman,5,2025-10-04 08:08:09,ok,ok,ok,['ok'],[],[],
Ranto Purba,5,2025-10-04 08:07:43,ff harus lebih baik,ff harus lebih baik,ff harus lebih baik,"['ff', 'harus', 'lebih', 'baik']","['ff', 'lebih', 'baik']","['ff', 'lebih', 'baik']",ff lebih baik
Rahmat Rumbia,1,2025-10-04 08:05:55,game ga guna,game ga guna,game ga guna,"['game', 'ga', 'guna']","['game', 'ga']","['game', 'ga']",game ga
Fauzi Gucci,5,2025-10-04 08:03:32,bagus lah pokoknya,bagus lah pokoknya,bagus lah pokoknya,"['bagus', 'lah', 'pokoknya']","['bagus', 'lah', 'pokoknya']","['bagus', 'lah', 'pokok']",bagus lah pokok
Fadhil Mirzaki,1,2025-10-04 07:57:53,ff game kagak guna masak akun nya bang Budi panutan gua di blokir,ff game kagak guna masak akun nya bang budi panutan gua di blokir,ff game kagak guna masak akun nya bang budi panutan gua di blokir,"['ff', 'game', 'kagak', 'guna', 'masak', 'akun', 'nya', 'bang', 'budi', 'panutan', 'gua', 'di', 'blokir']","['ff', 'game', 'kagak', 'masak', 'akun', 'nya', 'bang', 'budi', 'panutan', 'gua', 'blokir']","['ff', 'game', 'kagak', 'masak', 'akun', 'nya', 'bang', 'budi', 'panutan', 'gua', 'blokir']",ff game kagak masak akun nya bang budi panutan gua blokir
Nuri Zainuri,1,2025-10-04 07:56:59,kenapa setiap habis main lalu keluar dari game terus pas login data game kehapus semua dan harus download ulang,kenapa setiap habis main lalu keluar dari game terus pas login data game kehapus semua dan harus download ulang,kenapa setiap habis main lalu keluar dari game terus pas login data game kehapus semua dan harus download ulang,"['kenapa', 'setiap', 'habis', 'main', 'lalu', 'keluar', 'dari', 'game', 'terus', 'pas', 'login', 'data', 'game', 'kehapus', 'semua', 'dan', 'harus', 'download', 'ulang']","['habis', 'main', 'lalu', 'keluar', 'game', 'terus', 'pas', 'login', 'data', 'game', 'kehapus', 'semua', 'download', 'ulang']","['habis', 'main', 'lalu', 'keluar', 'game', 'terus', 'pas', 'login', 'data', 'game', 'hapus', 'semua', 'download', 'ulang']",habis main lalu keluar game terus pas login data game hapus semua download ulang
Indra Gaming,4,2025-10-04 07:49:11,Min Sekali Kali Collab Ama Semua Perguruan Pencak Silat Min🗿,min sekali kali collab ama semua perguruan pencak silat min🗿,min sekali kali collab ama semua perguruan pencak silat min,"['min', 'sekali', 'kali', 'collab', 'ama', 'semua', 'perguruan', 'pencak', 'silat', 'min']","['min', 'sekali', 'kali', 'collab', 'ama', 'semua', 'perguruan', 'pencak', 'silat', 'min']","['min', 'sekali', 'kali', 'collab', 'ama', 'semua', 'guru', 'pencak', 'silat', 'min']",min sekali kali collab ama semua guru pencak silat min
Lidia siska,1,2025-10-04 07:48:20,we need old peak,we need old peak,we need old peak,"['we', 'need', 'old', 'peak']","['we', 'need', 'old', 'peak']","['we', 'need', 'old', 'peak']",we need old peak
Sahru Ronadhon,5,2025-10-04 07:48:04,gem nya bagus tapi aku di kasih kalah mulu tolong ya kasih menag trus,gem nya bagus tapi aku di kasih kalah mulu tolong ya kasih menag trus,gem nya bagus tapi aku di kasih kalah mulu tolong ya kasih menag trus,"['gem', 'nya', 'bagus', 'tapi', 'aku', 'di', 'kasih', 'kalah', 'mulu', 'tolong', 'ya', 'kasih', 'menag', 'trus']","['gem', 'nya', 'bagus', 'aku', 'kasih', 'kalah', 'mulu', 'kasih', 'menag', 'trus']","['gem', 'nya', 'bagus', 'aku', 'kasih', 'kalah', 'mulu', 'kasih', 'menag', 'trus']",gem nya bagus aku kasih kalah mulu kasih menag trus
Mardiantodion Dion,5,2025-10-04 07:47:44,ff ok,ff ok,ff ok,"['ff', 'ok']",['ff'],['ff'],ff
Ayu Kah,1,2025-10-04 07:46:18,tidak bisa login,tidak bisa login,tidak bisa login,"['tidak', 'bisa', 'login']",['login'],['login'],login
Niza,5,2025-10-04 07:45:17,sangat seru,sangat seru,sangat seru,"['sangat', 'seru']","['sangat', 'seru']","['sangat', 'seru']",sangat seru
Eni Hidayati,5,2025-10-04 07:45:09,bagus tapi tolong kembalikan peak yang dulu,bagus tapi tolong kembalikan peak yang dulu,bagus tapi tolong kembalikan peak yang dulu,"['bagus', 'tapi', 'tolong', 'kembalikan', 'peak', 'yang', 'dulu']","['bagus', 'kembalikan', 'peak', 'dulu']","['bagus', 'kembali', 'peak', 'dulu']",bagus kembali peak dulu
Abdulloh Syauqi,5,2025-10-04 07:36:48,I love freefire,i love freefire,i love freefire,"['i', 'love', 'freefire']","['i', 'love', 'freefire']","['i', 'love', 'freefire']",i love freefire
Sujini 778,1,2025-10-04 07:35:40,Garena tolong kembalikan akun ku Garena plis 😭😭😭😭,garena tolong kembalikan akun ku garena plis 😭😭😭😭,garena tolong kembalikan akun ku garena plis,"['garena', 'tolong', 'kembalikan', 'akun', 'ku', 'garena', 'plis']","['garena', 'kembalikan', 'akun', 'ku', 'garena', 'plis']","['garena', 'kembali', 'akun', 'ku', 'garena', 'plis']",garena kembali akun ku garena plis
Mal,1,2025-10-04 07:27:58,geme burik mending War thunder mobile atau wotb yg GK kaku,geme burik mending war thunder mobile atau wotb yg gk kaku,geme burik mending war thunder mobile atau wotb yg gk kaku,"['geme', 'burik', 'mending', 'war', 'thunder', 'mobile', 'atau', 'wotb', 'yg', 'gk', 'kaku']","['geme', 'burik', 'mending', 'war', 'thunder', 'mobile', 'wotb', 'yg', 'gk', 'kaku']","['geme', 'burik', 'mending', 'war', 'thunder', 'mobile', 'wotb', 'yg', 'gk', 'kaku']",geme burik mending war thunder mobile wotb yg gk kaku
Filz Mode of,1,2025-10-04 07:26:58,karna bg Budi GK di boleh kan main rank game nya super burikkk,karna bg budi gk di boleh kan main rank game nya super burikkk,karna bg budi gk di boleh kan main rank game nya super burikkk,"['karna', 'bg', 'budi', 'gk', 'di', 'boleh', 'kan', 'main', 'rank', 'game', 'nya', 'super', 'burikkk']","['karna', 'bg', 'budi', 'gk', 'kan', 'main', 'rank', 'game', 'nya', 'super', 'burikkk']","['karna', 'bg', 'budi', 'gk', 'kan', 'main', 'rank', 'game', 'nya', 'super', 'burikkk']",karna bg budi gk kan main rank game nya super burikkk
nona ambon,5,2025-10-04 07:25:22,ini game sangat seru ini game banyak koleb nya aku suka,ini game sangat seru ini game banyak koleb nya aku suka,ini game sangat seru ini game banyak koleb nya aku suka,"['ini', 'game', 'sangat', 'seru', 'ini', 'game', 'banyak', 'koleb', 'nya', 'aku', 'suka']","['game', 'sangat', 'seru', 'game', 'banyak', 'koleb', 'nya', 'aku', 'suka']","['game', 'sangat', 'seru', 'game', 'banyak', 'koleb', 'nya', 'aku', 'suka']",game sangat seru game banyak koleb nya aku suka
Rina Dewita,5,2025-10-04 07:16:22,karena asik,karena asik,karena asik,"['karena', 'asik']",['asik'],['asik'],asik
Dosmaripa85 com Ripa,5,2025-10-04 07:11:34,mantap sob,mantap sob,mantap sob,"['mantap', 'sob']","['mantap', 'sob']","['mantap', 'sob']",mantap sob
drima Farfad,5,2025-10-04 07:06:59,coba aja pas masuk dapat diamon 100 pasti aku senang dan semua orang,coba aja pas masuk dapat diamon 100 pasti aku senang dan semua orang,coba aja pas masuk dapat diamon pasti aku senang dan semua orang,"['coba', 'aja', 'pas', 'masuk', 'dapat', 'diamon', 'pasti', 'aku', 'senang', 'dan', 'semua', 'orang']","['coba', 'aja', 'pas', 'masuk', 'diamon', 'aku', 'senang', 'semua', 'orang']","['coba', 'aja', 'pas', 'masuk', 'diamon', 'aku', 'senang', 'semua', 'orang']",coba aja pas masuk diamon aku senang semua orang
Muhammad arif Irfansyah,1,2025-10-04 06:54:19,Game nya banyak bug mulai glowal delay walaupun jaringan stabil dan demeg bug ke musuh,game nya banyak bug mulai glowal delay walaupun jaringan stabil dan demeg bug ke musuh,game nya banyak bug mulai glowal delay walaupun jaringan stabil dan demeg bug ke musuh,"['game', 'nya', 'banyak', 'bug', 'mulai', 'glowal', 'delay', 'walaupun', 'jaringan', 'stabil', 'dan', 'demeg', 'bug', 'ke', 'musuh']","['game', 'nya', 'banyak', 'bug', 'mulai', 'glowal', 'delay', 'walaupun', 'jaringan', 'stabil', 'demeg', 'bug', 'musuh']","['game', 'nya', 'banyak', 'bug', 'mulai', 'glowal', 'delay', 'walaupun', 'jaring', 'stabil', 'deg', 'bug', 'musuh']",game nya banyak bug mulai glowal delay walaupun jaring stabil deg bug musuh
GILANGG,1,2025-10-04 06:54:17,masa pas aku main bsok nya update pack bahasa lalu data data geme nya suruh donlod ulang tolong perbaiki bug ini,masa pas aku main bsok nya update pack bahasa lalu data data geme nya suruh donlod ulang tolong perbaiki bug ini,masa pas aku main bsok nya update pack bahasa lalu data data geme nya suruh donlod ulang tolong perbaiki bug ini,"['masa', 'pas', 'aku', 'main', 'bsok', 'nya', 'update', 'pack', 'bahasa', 'lalu', 'data', 'data', 'geme', 'nya', 'suruh', 'donlod', 'ulang', 'tolong', 'perbaiki', 'bug', 'ini']","['masa', 'pas', 'aku', 'main', 'bsok', 'nya', 'update', 'pack', 'bahasa', 'lalu', 'data', 'data', 'geme', 'nya', 'suruh', 'donlod', 'ulang', 'perbaiki', 'bug']","['masa', 'pas', 'aku', 'main', 'bsok', 'nya', 'update', 'pack', 'bahasa', 'lalu', 'data', 'data', 'geme', 'nya', 'suruh', 'donlod', 'ulang', 'baik', 'bug']",masa pas aku main bsok nya update pack bahasa lalu data data geme nya suruh donlod ulang baik bug
Azurah Khanza Khanza,3,2025-10-04 06:54:06,garena gw bosen main epep,garena gw bosen main epep,garena gw bosen main epep,"['garena', 'gw', 'bosen', 'main', 'epep']","['garena', 'gw', 'bosen', 'main', 'epep']","['garena', 'gw', 'bosen', 'main', 'epep']",garena gw bosen main epep
Adel,4,2025-10-04 06:47:21,bagus banget tapi agak ngelek,bagus banget tapi agak ngelek,bagus banget tapi agak ngelek,"['bagus', 'banget', 'tapi', 'agak', 'ngelek']","['bagus', 'banget', 'ngelek']","['bagus', 'banget', 'ngelek']",bagus banget ngelek
Deden Kurniawan,5,2025-10-04 06:44:00,"suka banget lovvvv you Garena aku seneng bisa ketemu Garena seru, lucu nemenin kalo lagi galau, seneng, berduka dan lain lain","suka banget lovvvv you garena aku seneng bisa ketemu garena seru, lucu nemenin kalo lagi galau, seneng, berduka dan lain lain",suka banget lovvvv you garena aku seneng bisa ketemu garena seru lucu nemenin kalo lagi galau seneng berduka dan lain lain,"['suka', 'banget', 'lovvvv', 'you', 'garena', 'aku', 'seneng', 'bisa', 'ketemu', 'garena', 'seru', 'lucu', 'nemenin', 'kalo', 'lagi', 'galau', 'seneng', 'berduka', 'dan', 'lain', 'lain']","['suka', 'banget', 'lovvvv', 'you', 'garena', 'aku', 'seneng', 'ketemu', 'garena', 'seru', 'lucu', 'nemenin', 'kalo', 'galau', 'seneng', 'berduka']","['suka', 'banget', 'lovvvv', 'you', 'garena', 'aku', 'neng', 'ketemu', 'garena', 'seru', 'lucu', 'nemenin', 'kalo', 'galau', 'neng', 'duka']",suka banget lovvvv you garena aku neng ketemu garena seru lucu nemenin kalo galau neng duka
Andira Pebrianti,5,2025-10-04 06:43:07,bagus banget,bagus banget,bagus banget,"['bagus', 'banget']","['bagus', 'banget']","['bagus', 'banget']",bagus banget
Alfino Geofani,1,2025-10-04 06:41:42,game banyak Bug y jaringan,game banyak bug y jaringan,game banyak bug y jaringan,"['game', 'banyak', 'bug', 'y', 'jaringan']","['game', 'banyak', 'bug', 'y', 'jaringan']","['game', 'banyak', 'bug', 'y', 'jaring']",game banyak bug y jaring
Adna Ali pirdaus,5,2025-10-04 06:39:55,Gem play nya bagus. Tapi sedikit ada kesalahan kalo main jaringan nya ngelek kalo di lobi jaringan nya lancar..,gem play nya bagus. tapi sedikit ada kesalahan kalo main jaringan nya ngelek kalo di lobi jaringan nya lancar..,gem play nya bagus tapi sedikit ada kesalahan kalo main jaringan nya ngelek kalo di lobi jaringan nya lancar,"['gem', 'play', 'nya', 'bagus', 'tapi', 'sedikit', 'ada', 'kesalahan', 'kalo', 'main', 'jaringan', 'nya', 'ngelek', 'kalo', 'di', 'lobi', 'jaringan', 'nya', 'lancar']","['gem', 'play', 'nya', 'bagus', 'sedikit', 'kesalahan', 'kalo', 'main', 'jaringan', 'nya', 'ngelek', 'kalo', 'lobi', 'jaringan', 'nya', 'lancar']","['gem', 'play', 'nya', 'bagus', 'sedikit', 'salah', 'kalo', 'main', 'jaring', 'nya', 'ngelek', 'kalo', 'lobi', 'jaring', 'nya', 'lancar']",gem play nya bagus sedikit salah kalo main jaring nya ngelek kalo lobi jaring nya lancar
LORD ITACI,5,2025-10-04 06:39:22,ffff jaya,ffff jaya,ffff jaya,"['ffff', 'jaya']","['ffff', 'jaya']","['ffff', 'jaya']",ffff jaya
Martin Martitin,2,2025-10-04 06:38:26,haduh pihak Garena tolong perbaikin ini game biar rame kaya dulu lagi contoh kerusakan yang saya alami mencet tombol seperti menembak masang glowall.terkadang dan keseringan kaya lag atau ga bisa tertembak atau terpasang malah cuma kaya megang glowall aja tapi ga masang dan lagi terkadang walau sudah bisa di balik dinding tapi masih saja bisa mati tertembak aneh,haduh pihak garena tolong perbaikin ini game biar rame kaya dulu lagi contoh kerusakan yang saya alami mencet tombol seperti menembak masang glowall.terkadang dan keseringan kaya lag atau ga bisa tertembak atau terpasang malah cuma kaya megang glowall aja tapi ga masang dan lagi terkadang walau sudah bisa di balik dinding tapi masih saja bisa mati tertembak aneh,haduh pihak garena tolong perbaikin ini game biar rame kaya dulu lagi contoh kerusakan yang saya alami mencet tombol seperti menembak masang glowallterkadang dan keseringan kaya lag atau ga bisa tertembak atau terpasang malah cuma kaya megang glowall aja tapi ga masang dan lagi terkadang walau sudah bisa di balik dinding tapi masih saja bisa mati tertembak aneh,"['haduh', 'pihak', 'garena', 'tolong', 'perbaikin', 'ini', 'game', 'biar', 'rame', 'kaya', 'dulu', 'lagi', 'contoh', 'kerusakan', 'yang', 'saya', 'alami', 'mencet', 'tombol', 'seperti', 'menembak', 'masang', 'glowallterkadang', 'dan', 'keseringan', 'kaya', 'lag', 'atau', 'ga', 'bisa', 'tertembak', 'atau', 'terpasang', 'malah', 'cuma', 'kaya', 'megang', 'glowall', 'aja', 'tapi', 'ga', 'masang', 'dan', 'lagi', 'terkadang', 'walau', 'sudah', 'bisa', 'di', 'balik', 'dinding', 'tapi', 'masih', 'saja', 'bisa', 'mati', 'tertembak', 'aneh']","['haduh', 'pihak', 'garena', 'perbaikin', 'game', 'biar', 'rame', 'kaya', 'dulu', 'contoh', 'kerusakan', 'alami', 'mencet', 'tombol', 'menembak', 'masang', 'glowallterkadang', 'keseringan', 'kaya', 'lag', 'ga', 'tertembak', 'terpasang', 'malah', 'cuma', 'kaya', 'megang', 'glowall', 'aja', 'ga', 'masang', 'terkadang', 'balik', 'dinding', 'mati', 'tertembak', 'aneh']","['haduh', 'pihak', 'garena', 'perbaikin', 'game', 'biar', 'rame', 'kaya', 'dulu', 'contoh', 'rusa', 'alami', 'mencet', 'tombol', 'tembak', 'masang', 'glowallterkadang', 'sering', 'kaya', 'lag', 'ga', 'tembak', 'pasang', 'malah', 'cuma', 'kaya', 'megang', 'glowall', 'aja', 'ga', 'masang', 'terkadang', 'balik', 'dinding', 'mati', 'tembak', 'aneh']",haduh pihak garena perbaikin game biar rame kaya dulu contoh rusa alami mencet tombol tembak masang glowallterkadang sering kaya lag ga tembak pasang malah cuma kaya megang glowall aja ga masang terkadang balik dinding mati tembak aneh
Fakeh Udin,1,2025-10-04 06:37:50,"ini gimana garena ff gw ko, kalo engga login 1/2 hari harus donlod vauld senjata dll ini gimana ni garena tolong lah garena ff gw di perbaiki kalo engga gw mau pindah gem aja","ini gimana garena ff gw ko, kalo engga login 1/2 hari harus donlod vauld senjata dll ini gimana ni garena tolong lah garena ff gw di perbaiki kalo engga gw mau pindah gem aja",ini gimana garena ff gw ko kalo engga login hari harus donlod vauld senjata dll ini gimana ni garena tolong lah garena ff gw di perbaiki kalo engga gw mau pindah gem aja,"['ini', 'gimana', 'garena', 'ff', 'gw', 'ko', 'kalo', 'engga', 'login', 'hari', 'harus', 'donlod', 'vauld', 'senjata', 'dll', 'ini', 'gimana', 'ni', 'garena', 'tolong', 'lah', 'garena', 'ff', 'gw', 'di', 'perbaiki', 'kalo', 'engga', 'gw', 'mau', 'pindah', 'gem', 'aja']","['gimana', 'garena', 'ff', 'gw', 'ko', 'kalo', 'engga', 'login', 'hari', 'donlod', 'vauld', 'senjata', 'gimana', 'ni', 'garena', 'lah', 'garena', 'ff', 'gw', 'perbaiki', 'kalo', 'engga', 'gw', 'mau', 'pindah', 'gem', 'aja']","['gimana', 'garena', 'ff', 'gw', 'ko', 'kalo', 'engga', 'login', 'hari', 'donlod', 'vauld', 'senjata', 'gimana', 'ni', 'garena', 'lah', 'garena', 'ff', 'gw', 'baik', 'kalo', 'engga', 'gw', 'mau', 'pindah', 'gem', 'aja']",gimana garena ff gw ko kalo engga login hari donlod vauld senjata gimana ni garena lah garena ff gw baik kalo engga gw mau pindah gem aja
Dian Nafi,2,2025-10-04 06:37:28,males main epep karna gak bisa login gak bisa main di mec di br di cs,males main epep karna gak bisa login gak bisa main di mec di br di cs,males main epep karna gak bisa login gak bisa main di mec di br di cs,"['males', 'main', 'epep', 'karna', 'gak', 'bisa', 'login', 'gak', 'bisa', 'main', 'di', 'mec', 'di', 'br', 'di', 'cs']","['males', 'main', 'epep', 'karna', 'gak', 'login', 'gak', 'main', 'mec', 'br', 'cs']","['males', 'main', 'epep', 'karna', 'gak', 'login', 'gak', 'main', 'mec', 'br', 'cs']",males main epep karna gak login gak main mec br cs
Dadang234,5,2025-10-04 06:32:37,jarena main free fire seru,jarena main free fire seru,jarena main free fire seru,"['jarena', 'main', 'free', 'fire', 'seru']","['jarena', 'main', 'free', 'fire', 'seru']","['jarena', 'main', 'free', 'fire', 'seru']",jarena main free fire seru
Lanang sped,1,2025-10-04 06:30:57,"minimal balikin akun bg budi lah, garena oot😹🥀","minimal balikin akun bg budi lah, garena oot😹🥀",minimal balikin akun bg budi lah garena oot,"['minimal', 'balikin', 'akun', 'bg', 'budi', 'lah', 'garena', 'oot']","['minimal', 'balikin', 'akun', 'bg', 'budi', 'lah', 'garena', 'oot']","['minimal', 'balikin', 'akun', 'bg', 'budi', 'lah', 'garena', 'oot']",minimal balikin akun bg budi lah garena oot
Susset_ Indah82,5,2025-10-04 06:25:52,bagus,bagus,bagus,['bagus'],['bagus'],['bagus'],bagus
Fienchent Toding,1,2025-10-04 06:25:08,game busuk nembak musuh 2 hit gk mti giluran musuh 2 hit mti game busukkk,game busuk nembak musuh 2 hit gk mti giluran musuh 2 hit mti game busukkk,game busuk nembak musuh hit gk mti giluran musuh hit mti game busukkk,"['game', 'busuk', 'nembak', 'musuh', 'hit', 'gk', 'mti', 'giluran', 'musuh', 'hit', 'mti', 'game', 'busukkk']","['game', 'busuk', 'nembak', 'musuh', 'hit', 'gk', 'mti', 'giluran', 'musuh', 'hit', 'mti', 'game', 'busukkk']","['game', 'busuk', 'nembak', 'musuh', 'hit', 'gk', 'mti', 'giluran', 'musuh', 'hit', 'mti', 'game', 'busukkk']",game busuk nembak musuh hit gk mti giluran musuh hit mti game busukkk
Sangalan Way,5,2025-10-04 06:23:53,Gamenya sangat bagus banyak event yang keren.Kalian harus main juga pokoknya bagus banget aku kasih bintang 5,gamenya sangat bagus banyak event yang keren.kalian harus main juga pokoknya bagus banget aku kasih bintang 5,gamenya sangat bagus banyak event yang kerenkalian harus main juga pokoknya bagus banget aku kasih bintang,"['gamenya', 'sangat', 'bagus', 'banyak', 'event', 'yang', 'kerenkalian', 'harus', 'main', 'juga', 'pokoknya', 'bagus', 'banget', 'aku', 'kasih', 'bintang']","['gamenya', 'sangat', 'bagus', 'banyak', 'event', 'kerenkalian', 'main', 'pokoknya', 'bagus', 'banget', 'aku', 'kasih', 'bintang']","['gamenya', 'sangat', 'bagus', 'banyak', 'event', 'kerenkalian', 'main', 'pokok', 'bagus', 'banget', 'aku', 'kasih', 'bintang']",gamenya sangat bagus banyak event kerenkalian main pokok bagus banget aku kasih bintang
Suparmo Parmo,5,2025-10-04 06:23:51,seru,seru,seru,['seru'],['seru'],['seru'],seru
Effendi (Dreg'd),1,2025-10-04 06:22:40,"yth garena, diperketat lgi sistem nya, nasib bnyk yg gunakan aplikasi tambahan, nmun sistem garena nya gk bisa bekerja, tolong di perbaiki sistem nya, game paling buruk klo sistemnya gk bekerja","yth garena, diperketat lgi sistem nya, nasib bnyk yg gunakan aplikasi tambahan, nmun sistem garena nya gk bisa bekerja, tolong di perbaiki sistem nya, game paling buruk klo sistemnya gk bekerja",yth garena diperketat lgi sistem nya nasib bnyk yg gunakan aplikasi tambahan nmun sistem garena nya gk bisa bekerja tolong di perbaiki sistem nya game paling buruk klo sistemnya gk bekerja,"['yth', 'garena', 'diperketat', 'lgi', 'sistem', 'nya', 'nasib', 'bnyk', 'yg', 'gunakan', 'aplikasi', 'tambahan', 'nmun', 'sistem', 'garena', 'nya', 'gk', 'bisa', 'bekerja', 'tolong', 'di', 'perbaiki', 'sistem', 'nya', 'game', 'paling', 'buruk', 'klo', 'sistemnya', 'gk', 'bekerja']","['yth', 'garena', 'diperketat', 'lgi', 'sistem', 'nya', 'nasib', 'bnyk', 'yg', 'gunakan', 'aplikasi', 'tambahan', 'nmun', 'sistem', 'garena', 'nya', 'gk', 'bekerja', 'perbaiki', 'sistem', 'nya', 'game', 'paling', 'buruk', 'klo', 'sistemnya', 'gk', 'bekerja']","['yth', 'garena', 'ketat', 'lgi', 'sistem', 'nya', 'nasib', 'bnyk', 'yg', 'guna', 'aplikasi', 'tambah', 'nmun', 'sistem', 'garena', 'nya', 'gk', 'kerja', 'baik', 'sistem', 'nya', 'game', 'paling', 'buruk', 'klo', 'sistem', 'gk', 'kerja']",yth garena ketat lgi sistem nya nasib bnyk yg guna aplikasi tambah nmun sistem garena nya gk kerja baik sistem nya game paling buruk klo sistem gk kerja
Muhammad Alfin,1,2025-10-04 06:20:41,"balikin akun gw,balikin Budi01gaming,balikin topi jerami ungu🔥🔥🔥🔥🔥🔥🔥🔥🔥🔥🔥🔥🔥🔥","balikin akun gw,balikin budi01gaming,balikin topi jerami ungu🔥🔥🔥🔥🔥🔥🔥🔥🔥🔥🔥🔥🔥🔥",balikin akun gwbalikin budigamingbalikin topi jerami ungu,"['balikin', 'akun', 'gwbalikin', 'budigamingbalikin', 'topi', 'jerami', 'ungu']","['balikin', 'akun', 'gwbalikin', 'budigamingbalikin', 'topi', 'jerami', 'ungu']","['balikin', 'akun', 'gwbalikin', 'budigamingbalikin', 'topi', 'jerami', 'ungu']",balikin akun gwbalikin budigamingbalikin topi jerami ungu
Yga Yah,1,2025-10-04 06:17:18,Gak bisa bikin game bilang,gak bisa bikin game bilang,gak bisa bikin game bilang,"['gak', 'bisa', 'bikin', 'game', 'bilang']","['gak', 'bikin', 'game', 'bilang']","['gak', 'bikin', 'game', 'bilang']",gak bikin game bilang
Raga Men,1,2025-10-04 06:17:14,tidak seru,tidak seru,tidak seru,"['tidak', 'seru']",['seru'],['seru'],seru
Desta Aditya,1,2025-10-04 06:10:53,game kikir,game kikir,game kikir,"['game', 'kikir']","['game', 'kikir']","['game', 'kikir']",game kikir
Aiagkn 1246,5,2025-10-04 06:10:16,iya aku suka free fire tapi yg GK gua suka kalo Nye pin kagak dikasi hoki cokc,iya aku suka free fire tapi yg gk gua suka kalo nye pin kagak dikasi hoki cokc,iya aku suka free fire tapi yg gk gua suka kalo nye pin kagak dikasi hoki cokc,"['iya', 'aku', 'suka', 'free', 'fire', 'tapi', 'yg', 'gk', 'gua', 'suka', 'kalo', 'nye', 'pin', 'kagak', 'dikasi', 'hoki', 'cokc']","['iya', 'aku', 'suka', 'free', 'fire', 'yg', 'gk', 'gua', 'suka', 'kalo', 'nye', 'pin', 'kagak', 'dikasi', 'hoki', 'cokc']","['iya', 'aku', 'suka', 'free', 'fire', 'yg', 'gk', 'gua', 'suka', 'kalo', 'nye', 'pin', 'kagak', 'kasi', 'hoki', 'cokc']",iya aku suka free fire yg gk gua suka kalo nye pin kagak kasi hoki cokc
Wisky shark,1,2025-10-04 06:10:02,GAME SAMPAH skil karakter pada gak jelas bug banyak citer marakkk,game sampah skil karakter pada gak jelas bug banyak citer marakkk,game sampah skil karakter pada gak jelas bug banyak citer marakkk,"['game', 'sampah', 'skil', 'karakter', 'pada', 'gak', 'jelas', 'bug', 'banyak', 'citer', 'marakkk']","['game', 'sampah', 'skil', 'karakter', 'gak', 'jelas', 'bug', 'banyak', 'citer', 'marakkk']","['game', 'sampah', 'skil', 'karakter', 'gak', 'jelas', 'bug', 'banyak', 'citer', 'marakkk']",game sampah skil karakter gak jelas bug banyak citer marakkk
Rehan afandi,5,2025-10-04 06:05:32,bagus,bagus,bagus,['bagus'],['bagus'],['bagus'],bagus
Lutvi Alicia,1,2025-10-04 06:05:26,gem ini burik burik jangan donlod masa sinyalku bagus masa sinyal di ff ngeleg gem gj ge burik,gem ini burik burik jangan donlod masa sinyalku bagus masa sinyal di ff ngeleg gem gj ge burik,gem ini burik burik jangan donlod masa sinyalku bagus masa sinyal di ff ngeleg gem gj ge burik,"['gem', 'ini', 'burik', 'burik', 'jangan', 'donlod', 'masa', 'sinyalku', 'bagus', 'masa', 'sinyal', 'di', 'ff', 'ngeleg', 'gem', 'gj', 'ge', 'burik']","['gem', 'burik', 'burik', 'jangan', 'donlod', 'masa', 'sinyalku', 'bagus', 'masa', 'sinyal', 'ff', 'ngeleg', 'gem', 'gj', 'ge', 'burik']","['gem', 'burik', 'burik', 'jangan', 'donlod', 'masa', 'sinyal', 'bagus', 'masa', 'sinyal', 'ff', 'ngeleg', 'gem', 'gj', 'ge', 'burik']",gem burik burik jangan donlod masa sinyal bagus masa sinyal ff ngeleg gem gj ge burik
Muhammad Afriadi,1,2025-10-04 06:05:26,Garena kok akun aku hilang Garena,garena kok akun aku hilang garena,garena kok akun aku hilang garena,"['garena', 'kok', 'akun', 'aku', 'hilang', 'garena']","['garena', 'kok', 'akun', 'aku', 'hilang', 'garena']","['garena', 'kok', 'akun', 'aku', 'hilang', 'garena']",garena kok akun aku hilang garena
Mutiara Melvika Br Hutapea,4,2025-10-04 06:02:49,bagus,bagus,bagus,['bagus'],['bagus'],['bagus'],bagus
Muna munjia,1,2025-10-04 05:55:28,game toll anj bug damage mulu gak respect game haram bikin nguras duit ke ban lagi tll,game toll anj bug damage mulu gak respect game haram bikin nguras duit ke ban lagi tll,game toll anj bug damage mulu gak respect game haram bikin nguras duit ke ban lagi tll,"['game', 'toll', 'anj', 'bug', 'damage', 'mulu', 'gak', 'respect', 'game', 'haram', 'bikin', 'nguras', 'duit', 'ke', 'ban', 'lagi', 'tll']","['game', 'toll', 'anj', 'bug', 'damage', 'mulu', 'gak', 'respect', 'game', 'haram', 'bikin', 'nguras', 'duit', 'ban', 'tll']","['game', 'toll', 'anj', 'bug', 'damage', 'mulu', 'gak', 'respect', 'game', 'haram', 'bikin', 'nguras', 'duit', 'ban', 'tll']",game toll anj bug damage mulu gak respect game haram bikin nguras duit ban tll
Zalfa alzakhia,5,2025-10-04 05:54:32,bismillah hoki,bismillah hoki,bismillah hoki,"['bismillah', 'hoki']","['bismillah', 'hoki']","['bismillah', 'hoki']",bismillah hoki
Rafif Ahnaf,5,2025-10-04 05:53:17,bagus game nya,bagus game nya,bagus game nya,"['bagus', 'game', 'nya']","['bagus', 'game', 'nya']","['bagus', 'game', 'nya']",bagus game nya
Reza Reza,3,2025-10-04 05:51:34,setiap main dapat dark sistem dari master bisa langsung turun ke diamond,setiap main dapat dark sistem dari master bisa langsung turun ke diamond,setiap main dapat dark sistem dari master bisa langsung turun ke diamond,"['setiap', 'main', 'dapat', 'dark', 'sistem', 'dari', 'master', 'bisa', 'langsung', 'turun', 'ke', 'diamond']","['main', 'dark', 'sistem', 'master', 'langsung', 'turun', 'diamond']","['main', 'dark', 'sistem', 'master', 'langsung', 'turun', 'diamond']",main dark sistem master langsung turun diamond
Fauzi Ahmad,2,2025-10-04 05:51:03,game burik¯ツ,game burik¯ツ,game burik,"['game', 'burik']","['game', 'burik']","['game', 'burik']",game burik
Nanahermansyah Herman,3,2025-10-04 05:48:57,balikin akun ff ku min yang keban aku murni kok mungkin salah paham aja mohon min udah 5 hari atau 6 hari deh lupa mohon balikin min akun satu satu nya itu ya gua akui ini game bagus dri sekian game fps lain nya,balikin akun ff ku min yang keban aku murni kok mungkin salah paham aja mohon min udah 5 hari atau 6 hari deh lupa mohon balikin min akun satu satu nya itu ya gua akui ini game bagus dri sekian game fps lain nya,balikin akun ff ku min yang keban aku murni kok mungkin salah paham aja mohon min udah hari atau hari deh lupa mohon balikin min akun satu satu nya itu ya gua akui ini game bagus dri sekian game fps lain nya,"['balikin', 'akun', 'ff', 'ku', 'min', 'yang', 'keban', 'aku', 'murni', 'kok', 'mungkin', 'salah', 'paham', 'aja', 'mohon', 'min', 'udah', 'hari', 'atau', 'hari', 'deh', 'lupa', 'mohon', 'balikin', 'min', 'akun', 'satu', 'satu', 'nya', 'itu', 'ya', 'gua', 'akui', 'ini', 'game', 'bagus', 'dri', 'sekian', 'game', 'fps', 'lain', 'nya']","['balikin', 'akun', 'ff', 'ku', 'min', 'keban', 'aku', 'murni', 'kok', 'mungkin', 'salah', 'paham', 'aja', 'mohon', 'min', 'udah', 'hari', 'hari', 'deh', 'lupa', 'mohon', 'balikin', 'min', 'akun', 'satu', 'satu', 'nya', 'gua', 'akui', 'game', 'bagus', 'dri', 'sekian', 'game', 'fps', 'nya']","['balikin', 'akun', 'ff', 'ku', 'min', 'ban', 'aku', 'murni', 'kok', 'mungkin', 'salah', 'paham', 'aja', 'mohon', 'min', 'udah', 'hari', 'hari', 'deh', 'lupa', 'mohon', 'balikin', 'min', 'akun', 'satu', 'satu', 'nya', 'gua', 'aku', 'game', 'bagus', 'dri', 'sekian', 'game', 'fps', 'nya']",balikin akun ff ku min ban aku murni kok mungkin salah paham aja mohon min udah hari hari deh lupa mohon balikin min akun satu satu nya gua aku game bagus dri sekian game fps nya
Dap,1,2025-10-04 05:47:29,"game hama anying, game kikir busetdah jngn main game ini ya soalnya dah blacklist panutan kita","game hama anying, game kikir busetdah jngn main game ini ya soalnya dah blacklist panutan kita",game hama anying game kikir busetdah jngn main game ini ya soalnya dah blacklist panutan kita,"['game', 'hama', 'anying', 'game', 'kikir', 'busetdah', 'jngn', 'main', 'game', 'ini', 'ya', 'soalnya', 'dah', 'blacklist', 'panutan', 'kita']","['game', 'hama', 'anying', 'game', 'kikir', 'busetdah', 'jngn', 'main', 'game', 'soalnya', 'dah', 'blacklist', 'panutan']","['game', 'hama', 'anying', 'game', 'kikir', 'busetdah', 'jngn', 'main', 'game', 'soal', 'dah', 'blacklist', 'panutan']",game hama anying game kikir busetdah jngn main game soal dah blacklist panutan
Nesa aisara Najma humaira,5,2025-10-04 05:46:48,Bagus gamenya,bagus gamenya,bagus gamenya,"['bagus', 'gamenya']","['bagus', 'gamenya']","['bagus', 'gamenya']",bagus gamenya
M Syahputra,3,2025-10-04 05:45:32,Garena kek mana ini gara gara aku main game mu akhirnya hp ku bisa diriset kek mana ini mohon perbaiki lah,garena kek mana ini gara gara aku main game mu akhirnya hp ku bisa diriset kek mana ini mohon perbaiki lah,garena kek mana ini gara gara aku main game mu akhirnya hp ku bisa diriset kek mana ini mohon perbaiki lah,"['garena', 'kek', 'mana', 'ini', 'gara', 'gara', 'aku', 'main', 'game', 'mu', 'akhirnya', 'hp', 'ku', 'bisa', 'diriset', 'kek', 'mana', 'ini', 'mohon', 'perbaiki', 'lah']","['garena', 'kek', 'mana', 'gara', 'gara', 'aku', 'main', 'game', 'mu', 'akhirnya', 'hp', 'ku', 'diriset', 'kek', 'mana', 'mohon', 'perbaiki', 'lah']","['garena', 'kek', 'mana', 'gara', 'gara', 'aku', 'main', 'game', 'mu', 'akhir', 'hp', 'ku', 'riset', 'kek', 'mana', 'mohon', 'baik', 'lah']",garena kek mana gara gara aku main game mu akhir hp ku riset kek mana mohon baik lah
Muhamad Farhat saputra,1,2025-10-04 05:40:26,"game burik, gabisa login anj","game burik, gabisa login anj",game burik gabisa login anj,"['game', 'burik', 'gabisa', 'login', 'anj']","['game', 'burik', 'gabisa', 'login', 'anj']","['game', 'burik', 'gabisa', 'login', 'anj']",game burik gabisa login anj
Nabila Dwi,5,2025-10-04 05:39:36,👍,👍,,[],[],[],
Triyance Mosa,5,2025-10-04 05:37:30,seru sekali,seru sekali,seru sekali,"['seru', 'sekali']","['seru', 'sekali']","['seru', 'sekali']",seru sekali
Sukijan Sarwi,5,2025-10-04 05:37:11,ff memang terbaik,ff memang terbaik,ff memang terbaik,"['ff', 'memang', 'terbaik']","['ff', 'memang', 'terbaik']","['ff', 'memang', 'baik']",ff memang baik
Desy Dhyanda,5,2025-10-04 05:34:59,bagus banget,bagus banget,bagus banget,"['bagus', 'banget']","['bagus', 'banget']","['bagus', 'banget']",bagus banget
Mohammad Alive,1,2025-10-04 05:28:12,game burik,game burik,game burik,"['game', 'burik']","['game', 'burik']","['game', 'burik']",game burik
Nur hijrah Hijrah,1,2025-10-04 05:28:08,jelek ga seru,jelek ga seru,jelek ga seru,"['jelek', 'ga', 'seru']","['jelek', 'ga', 'seru']","['jelek', 'ga', 'seru']",jelek ga seru
Muhamad Davi,5,2025-10-04 05:20:45,bagus dan seru,bagus dan seru,bagus dan seru,"['bagus', 'dan', 'seru']","['bagus', 'seru']","['bagus', 'seru']",bagus seru
Ander Riski purnama,5,2025-10-04 05:16:00,bagus sekali,bagus sekali,bagus sekali,"['bagus', 'sekali']","['bagus', 'sekali']","['bagus', 'sekali']",bagus sekali
Sesil Sesilia dwi pratiwi,5,2025-10-04 05:16:00,OMG,omg,omg,['omg'],['omg'],['omg'],omg
Andika Owet,5,2025-10-04 05:15:24,cukup bagus game ini tapi banyak bug,cukup bagus game ini tapi banyak bug,cukup bagus game ini tapi banyak bug,"['cukup', 'bagus', 'game', 'ini', 'tapi', 'banyak', 'bug']","['cukup', 'bagus', 'game', 'banyak', 'bug']","['cukup', 'bagus', 'game', 'banyak', 'bug']",cukup bagus game banyak bug
Bongkeng Hengky,5,2025-10-04 05:09:51,sangat bagus,sangat bagus,sangat bagus,"['sangat', 'bagus']","['sangat', 'bagus']","['sangat', 'bagus']",sangat bagus
Safira,5,2025-10-04 05:08:55,sangat bagus,sangat bagus,sangat bagus,"['sangat', 'bagus']","['sangat', 'bagus']","['sangat', 'bagus']",sangat bagus
ヤンデクPatur,1,2025-10-04 05:00:54,Kenapa saat aku download tidak terinstal padahal ruang penyimpanan gak penuh?,kenapa saat aku download tidak terinstal padahal ruang penyimpanan gak penuh?,kenapa saat aku download tidak terinstal padahal ruang penyimpanan gak penuh,"['kenapa', 'saat', 'aku', 'download', 'tidak', 'terinstal', 'padahal', 'ruang', 'penyimpanan', 'gak', 'penuh']","['aku', 'download', 'terinstal', 'padahal', 'ruang', 'penyimpanan', 'gak', 'penuh']","['aku', 'download', 'terinstal', 'padahal', 'ruang', 'simpan', 'gak', 'penuh']",aku download terinstal padahal ruang simpan gak penuh
Yunita Yanikopong,5,2025-10-04 05:00:28,bagus👍 tapi sayang akun aku di ambil orang terus😌,bagus👍 tapi sayang akun aku di ambil orang terus😌,bagus tapi sayang akun aku di ambil orang terus,"['bagus', 'tapi', 'sayang', 'akun', 'aku', 'di', 'ambil', 'orang', 'terus']","['bagus', 'sayang', 'akun', 'aku', 'ambil', 'orang', 'terus']","['bagus', 'sayang', 'akun', 'aku', 'ambil', 'orang', 'terus']",bagus sayang akun aku ambil orang terus
Cgyy,5,2025-10-04 04:58:26,😩🧠💫,😩🧠💫,,[],[],[],
Daffa Dwi putra,1,2025-10-04 04:57:39,mata sakit,mata sakit,mata sakit,"['mata', 'sakit']","['mata', 'sakit']","['mata', 'sakit']",mata sakit
Raihan Baihaqi Dima,1,2025-10-04 04:52:50,banyak chit terr nya,banyak chit terr nya,banyak chit terr nya,"['banyak', 'chit', 'terr', 'nya']","['banyak', 'chit', 'terr', 'nya']","['banyak', 'chit', 'terr', 'nya']",banyak chit terr nya
Abdul Hamid,5,2025-10-04 04:49:13,untung untung dapat dm,untung untung dapat dm,untung untung dapat dm,"['untung', 'untung', 'dapat', 'dm']","['untung', 'untung', 'dm']","['untung', 'untung', 'dm']",untung untung dm
Tobari Boy,5,2025-10-04 04:40:28,bagus banget,bagus banget,bagus banget,"['bagus', 'banget']","['bagus', 'banget']","['bagus', 'banget']",bagus banget
Rizky Dwi Ramadhan,4,2025-10-04 04:40:14,game nya bagus tapi kenapa item old keluar lagi padahal itu item lama cape cape dapetin malah jadi pasaran,game nya bagus tapi kenapa item old keluar lagi padahal itu item lama cape cape dapetin malah jadi pasaran,game nya bagus tapi kenapa item old keluar lagi padahal itu item lama cape cape dapetin malah jadi pasaran,"['game', 'nya', 'bagus', 'tapi', 'kenapa', 'item', 'old', 'keluar', 'lagi', 'padahal', 'itu', 'item', 'lama', 'cape', 'cape', 'dapetin', 'malah', 'jadi', 'pasaran']","['game', 'nya', 'bagus', 'item', 'old', 'keluar', 'padahal', 'item', 'lama', 'cape', 'cape', 'dapetin', 'malah', 'jadi', 'pasaran']","['game', 'nya', 'bagus', 'item', 'old', 'keluar', 'padahal', 'item', 'lama', 'cape', 'cape', 'dapetin', 'malah', 'jadi', 'pasar']",game nya bagus item old keluar padahal item lama cape cape dapetin malah jadi pasar
Repando Simanjuntak,1,2025-10-04 04:38:25,selama ini 7 Thn main ep ep baru seson ini saya merasa kaya anjig oleh pihak Garena udah diamond habis pangkat ep ep GK naik naik gara gara Chet,selama ini 7 thn main ep ep baru seson ini saya merasa kaya anjig oleh pihak garena udah diamond habis pangkat ep ep gk naik naik gara gara chet,selama ini thn main ep ep baru seson ini saya merasa kaya anjig oleh pihak garena udah diamond habis pangkat ep ep gk naik naik gara gara chet,"['selama', 'ini', 'thn', 'main', 'ep', 'ep', 'baru', 'seson', 'ini', 'saya', 'merasa', 'kaya', 'anjig', 'oleh', 'pihak', 'garena', 'udah', 'diamond', 'habis', 'pangkat', 'ep', 'ep', 'gk', 'naik', 'naik', 'gara', 'gara', 'chet']","['selama', 'thn', 'main', 'ep', 'ep', 'baru', 'seson', 'merasa', 'kaya', 'anjig', 'pihak', 'garena', 'udah', 'diamond', 'habis', 'pangkat', 'ep', 'ep', 'gk', 'naik', 'naik', 'gara', 'gara', 'chet']","['lama', 'thn', 'main', 'ep', 'ep', 'baru', 'seson', 'rasa', 'kaya', 'anjig', 'pihak', 'garena', 'udah', 'diamond', 'habis', 'pangkat', 'ep', 'ep', 'gk', 'naik', 'naik', 'gara', 'gara', 'chet']",lama thn main ep ep baru seson rasa kaya anjig pihak garena udah diamond habis pangkat ep ep gk naik naik gara gara chet
Agusmax Kimak,5,2025-10-04 04:37:21,kurang bagi bagi dm nya,kurang bagi bagi dm nya,kurang bagi bagi dm nya,"['kurang', 'bagi', 'bagi', 'dm', 'nya']","['kurang', 'dm', 'nya']","['kurang', 'dm', 'nya']",kurang dm nya
M.khairi Akbar,5,2025-10-04 04:34:39,Naruto,naruto,naruto,['naruto'],['naruto'],['naruto'],naruto
Nardian pratama,1,2025-10-04 04:32:35,kalah kalah terus bosen,kalah kalah terus bosen,kalah kalah terus bosen,"['kalah', 'kalah', 'terus', 'bosen']","['kalah', 'kalah', 'terus', 'bosen']","['kalah', 'kalah', 'terus', 'bosen']",kalah kalah terus bosen
Raffa Arya,1,2025-10-04 04:31:52,GAME BURIK 🤬 sinyal selalu ngelag kasih bintang 1 aja ini game,game burik 🤬 sinyal selalu ngelag kasih bintang 1 aja ini game,game burik sinyal selalu ngelag kasih bintang aja ini game,"['game', 'burik', 'sinyal', 'selalu', 'ngelag', 'kasih', 'bintang', 'aja', 'ini', 'game']","['game', 'burik', 'sinyal', 'selalu', 'ngelag', 'kasih', 'bintang', 'aja', 'game']","['game', 'burik', 'sinyal', 'selalu', 'ngelag', 'kasih', 'bintang', 'aja', 'game']",game burik sinyal selalu ngelag kasih bintang aja game
Rama Auditya,2,2025-10-04 04:31:10,"ini Garena gak betul ini, masak aku pas main rank aku kill satu terus pas aku kalah malah turun rank nya ,dari dulu aku merasa ingin demo sama Aldi tv,peak old juga gak dikeluarin,","ini garena gak betul ini, masak aku pas main rank aku kill satu terus pas aku kalah malah turun rank nya ,dari dulu aku merasa ingin demo sama aldi tv,peak old juga gak dikeluarin,",ini garena gak betul ini masak aku pas main rank aku kill satu terus pas aku kalah malah turun rank nya dari dulu aku merasa ingin demo sama aldi tvpeak old juga gak dikeluarin,"['ini', 'garena', 'gak', 'betul', 'ini', 'masak', 'aku', 'pas', 'main', 'rank', 'aku', 'kill', 'satu', 'terus', 'pas', 'aku', 'kalah', 'malah', 'turun', 'rank', 'nya', 'dari', 'dulu', 'aku', 'merasa', 'ingin', 'demo', 'sama', 'aldi', 'tvpeak', 'old', 'juga', 'gak', 'dikeluarin']","['garena', 'gak', 'betul', 'masak', 'aku', 'pas', 'main', 'rank', 'aku', 'kill', 'satu', 'terus', 'pas', 'aku', 'kalah', 'malah', 'turun', 'rank', 'nya', 'dulu', 'aku', 'merasa', 'demo', 'sama', 'aldi', 'tvpeak', 'old', 'gak', 'dikeluarin']","['garena', 'gak', 'betul', 'masak', 'aku', 'pas', 'main', 'rank', 'aku', 'kill', 'satu', 'terus', 'pas', 'aku', 'kalah', 'malah', 'turun', 'rank', 'nya', 'dulu', 'aku', 'rasa', 'demo', 'sama', 'aldi', 'tvpeak', 'old', 'gak', 'dikeluarin']",garena gak betul masak aku pas main rank aku kill satu terus pas aku kalah malah turun rank nya dulu aku rasa demo sama aldi tvpeak old gak dikeluarin
Nur Azra,5,2025-10-04 04:30:31,sangat cocok untuk saya,sangat cocok untuk saya,sangat cocok untuk saya,"['sangat', 'cocok', 'untuk', 'saya']","['sangat', 'cocok']","['sangat', 'cocok']",sangat cocok
Sheva Pratamaputri,5,2025-10-04 04:22:39,sangat bagus,sangat bagus,sangat bagus,"['sangat', 'bagus']","['sangat', 'bagus']","['sangat', 'bagus']",sangat bagus
RADIT KONI,5,2025-10-04 04:17:19,Bagus tapi budi,bagus tapi budi,bagus tapi budi,"['bagus', 'tapi', 'budi']","['bagus', 'budi']","['bagus', 'budi']",bagus budi
Abdul Samad,5,2025-10-04 04:15:50,burik,burik,burik,['burik'],['burik'],['burik'],burik
Selvia Daramean,3,2025-10-04 04:13:55,koneksi bagus tapi ngeleh mulu,koneksi bagus tapi ngeleh mulu,koneksi bagus tapi ngeleh mulu,"['koneksi', 'bagus', 'tapi', 'ngeleh', 'mulu']","['koneksi', 'bagus', 'ngeleh', 'mulu']","['koneksi', 'bagus', 'ngeleh', 'mulu']",koneksi bagus ngeleh mulu
Cinta Putri,2,2025-10-04 04:12:43,kalo di aku suka ngeleggg,kalo di aku suka ngeleggg,kalo di aku suka ngeleggg,"['kalo', 'di', 'aku', 'suka', 'ngeleggg']","['kalo', 'aku', 'suka', 'ngeleggg']","['kalo', 'aku', 'suka', 'ngeleggg']",kalo aku suka ngeleggg
HADRI Hadri,5,2025-10-04 04:12:18,EPEP DIhati,epep dihati,epep dihati,"['epep', 'dihati']","['epep', 'dihati']","['epep', 'hati']",epep hati
Wawan Kurniawan,5,2025-10-04 04:07:36,game nya bagus,game nya bagus,game nya bagus,"['game', 'nya', 'bagus']","['game', 'nya', 'bagus']","['game', 'nya', 'bagus']",game nya bagus
Mamah Riska,5,2025-10-04 04:04:23,mantap,mantap,mantap,['mantap'],['mantap'],['mantap'],mantap
Rohatus Suhadah,5,2025-10-04 04:04:05,kerja bgus Kelly,kerja bgus kelly,kerja bgus kelly,"['kerja', 'bgus', 'kelly']","['kerja', 'bgus', 'kelly']","['kerja', 'bgus', 'kelly']",kerja bgus kelly
Heroes?,1,2025-10-04 04:03:30,Adminnya Sangat Buruk Saya Tidak Merekomendasikan Game ini Karena Banyak Player Pemain Free Fire Di Banned Dengan Alasan Tidak Jelas Hanya Karena Seorang player itu menerima Endorse Dari Game Lain Garena Hanya Ingin Game Nya Adalah Satu Satu nya Game terbaik Padahal Banyak konten Kreator Game Yang Ingin Bermain Game Untuk Di Posting Agar mendapatkan Penghasilan Tambahan tapi Saya Tidak Respect Kepada Admin Garena Free Fire Indonesia Karena Membanned Player Nya Dengan Tidak Jelas Mungkin Cemburu.,adminnya sangat buruk saya tidak merekomendasikan game ini karena banyak player pemain free fire di banned dengan alasan tidak jelas hanya karena seorang player itu menerima endorse dari game lain garena hanya ingin game nya adalah satu satu nya game terbaik padahal banyak konten kreator game yang ingin bermain game untuk di posting agar mendapatkan penghasilan tambahan tapi saya tidak respect kepada admin garena free fire indonesia karena membanned player nya dengan tidak jelas mungkin cemburu.,adminnya sangat buruk saya tidak merekomendasikan game ini karena banyak player pemain free fire di banned dengan alasan tidak jelas hanya karena seorang player itu menerima endorse dari game lain garena hanya ingin game nya adalah satu satu nya game terbaik padahal banyak konten kreator game yang ingin bermain game untuk di posting agar mendapatkan penghasilan tambahan tapi saya tidak respect kepada admin garena free fire indonesia karena membanned player nya dengan tidak jelas mungkin cemburu,"['adminnya', 'sangat', 'buruk', 'saya', 'tidak', 'merekomendasikan', 'game', 'ini', 'karena', 'banyak', 'player', 'pemain', 'free', 'fire', 'di', 'banned', 'dengan', 'alasan', 'tidak', 'jelas', 'hanya', 'karena', 'seorang', 'player', 'itu', 'menerima', 'endorse', 'dari', 'game', 'lain', 'garena', 'hanya', 'ingin', 'game', 'nya', 'adalah', 'satu', 'satu', 'nya', 'game', 'terbaik', 'padahal', 'banyak', 'konten', 'kreator', 'game', 'yang', 'ingin', 'bermain', 'game', 'untuk', 'di', 'posting', 'agar', 'mendapatkan', 'penghasilan', 'tambahan', 'tapi', 'saya', 'tidak', 'respect', 'kepada', 'admin', 'garena', 'free', 'fire', 'indonesia', 'karena', 'membanned', 'player', 'nya', 'dengan', 'tidak', 'jelas', 'mungkin', 'cemburu']","['adminnya', 'sangat', 'buruk', 'merekomendasikan', 'game', 'banyak', 'player', 'pemain', 'free', 'fire', 'banned', 'alasan', 'jelas', 'seorang', 'player', 'menerima', 'endorse', 'game', 'garena', 'game', 'nya', 'satu', 'satu', 'nya', 'game', 'terbaik', 'padahal', 'banyak', 'konten', 'kreator', 'game', 'bermain', 'game', 'posting', 'mendapatkan', 'penghasilan', 'tambahan', 'respect', 'admin', 'garena', 'free', 'fire', 'indonesia', 'membanned', 'player', 'nya', 'jelas', 'mungkin', 'cemburu']","['adminnya', 'sangat', 'buruk', 'rekomendasi', 'game', 'banyak', 'player', 'main', 'free', 'fire', 'banned', 'alas', 'jelas', 'orang', 'player', 'terima', 'endorse', 'game', 'garena', 'game', 'nya', 'satu', 'satu', 'nya', 'game', 'baik', 'padahal', 'banyak', 'konten', 'kreator', 'game', 'main', 'game', 'posting', 'dapat', 'hasil', 'tambah', 'respect', 'admin', 'garena', 'free', 'fire', 'indonesia', 'membanned', 'player', 'nya', 'jelas', 'mungkin', 'cemburu']",adminnya sangat buruk rekomendasi game banyak player main free fire banned alas jelas orang player terima endorse game garena game nya satu satu nya game baik padahal banyak konten kreator game main game posting dapat hasil tambah respect admin garena free fire indonesia membanned player nya jelas mungkin cemburu
Farel Aqil,1,2025-10-04 04:00:00,pliss garena jangan buat ff jadi jelek,pliss garena jangan buat ff jadi jelek,pliss garena jangan buat ff jadi jelek,"['pliss', 'garena', 'jangan', 'buat', 'ff', 'jadi', 'jelek']","['pliss', 'garena', 'jangan', 'buat', 'ff', 'jadi', 'jelek']","['pliss', 'garena', 'jangan', 'buat', 'ff', 'jadi', 'jelek']",pliss garena jangan buat ff jadi jelek
Calvin Pratama,5,2025-10-04 03:57:11,bagus,bagus,bagus,['bagus'],['bagus'],['bagus'],bagus
Faqeeh Zaghluwl,5,2025-10-04 03:52:50,game seru tapi rada aneh karna ada banyak cit atau panel yang tidak di banned,game seru tapi rada aneh karna ada banyak cit atau panel yang tidak di banned,game seru tapi rada aneh karna ada banyak cit atau panel yang tidak di banned,"['game', 'seru', 'tapi', 'rada', 'aneh', 'karna', 'ada', 'banyak', 'cit', 'atau', 'panel', 'yang', 'tidak', 'di', 'banned']","['game', 'seru', 'rada', 'aneh', 'karna', 'banyak', 'cit', 'panel', 'banned']","['game', 'seru', 'rada', 'aneh', 'karna', 'banyak', 'cit', 'panel', 'banned']",game seru rada aneh karna banyak cit panel banned
PHX Riskintil,1,2025-10-04 03:52:24,Makin lama makin jelek,makin lama makin jelek,makin lama makin jelek,"['makin', 'lama', 'makin', 'jelek']","['makin', 'lama', 'makin', 'jelek']","['makin', 'lama', 'makin', 'jelek']",makin lama makin jelek
Suci Inriyati,5,2025-10-04 03:51:39,Game nya bagus garena besok kalau sudah selesai trouble night kasih event one piece ya Garena🙂,game nya bagus garena besok kalau sudah selesai trouble night kasih event one piece ya garena🙂,game nya bagus garena besok kalau sudah selesai trouble night kasih event one piece ya garena,"['game', 'nya', 'bagus', 'garena', 'besok', 'kalau', 'sudah', 'selesai', 'trouble', 'night', 'kasih', 'event', 'one', 'piece', 'ya', 'garena']","['game', 'nya', 'bagus', 'garena', 'besok', 'kalau', 'selesai', 'trouble', 'night', 'kasih', 'event', 'one', 'piece', 'garena']","['game', 'nya', 'bagus', 'garena', 'besok', 'kalau', 'selesai', 'trouble', 'night', 'kasih', 'event', 'one', 'piece', 'garena']",game nya bagus garena besok kalau selesai trouble night kasih event one piece garena
rafa az,5,2025-10-04 03:51:19,game ini sangat menarik,game ini sangat menarik,game ini sangat menarik,"['game', 'ini', 'sangat', 'menarik']","['game', 'sangat', 'menarik']","['game', 'sangat', 'tarik']",game sangat tarik
Tahun Baru,1,2025-10-04 03:49:28,burik,burik,burik,['burik'],['burik'],['burik'],burik
Arif Koernia,5,2025-10-04 03:47:53,ff bagus,ff bagus,ff bagus,"['ff', 'bagus']","['ff', 'bagus']","['ff', 'bagus']",ff bagus
PipSz Agisna,1,2025-10-04 03:47:41,balikin akun bang budi anj garena kikir kalo gada bang budi epep gak bakalan se rame ini yaa dan kalo gada bang budi epep gabakaln seru ya,balikin akun bang budi anj garena kikir kalo gada bang budi epep gak bakalan se rame ini yaa dan kalo gada bang budi epep gabakaln seru ya,balikin akun bang budi anj garena kikir kalo gada bang budi epep gak bakalan se rame ini yaa dan kalo gada bang budi epep gabakaln seru ya,"['balikin', 'akun', 'bang', 'budi', 'anj', 'garena', 'kikir', 'kalo', 'gada', 'bang', 'budi', 'epep', 'gak', 'bakalan', 'se', 'rame', 'ini', 'yaa', 'dan', 'kalo', 'gada', 'bang', 'budi', 'epep', 'gabakaln', 'seru', 'ya']","['balikin', 'akun', 'bang', 'budi', 'anj', 'garena', 'kikir', 'kalo', 'gada', 'bang', 'budi', 'epep', 'gak', 'bakalan', 'se', 'rame', 'yaa', 'kalo', 'gada', 'bang', 'budi', 'epep', 'gabakaln', 'seru']","['balikin', 'akun', 'bang', 'budi', 'anj', 'garena', 'kikir', 'kalo', 'gada', 'bang', 'budi', 'epep', 'gak', 'bakal', 'se', 'rame', 'yaa', 'kalo', 'gada', 'bang', 'budi', 'epep', 'gabakaln', 'seru']",balikin akun bang budi anj garena kikir kalo gada bang budi epep gak bakal se rame yaa kalo gada bang budi epep gabakaln seru
Gede Putra,1,2025-10-04 03:47:06,game aneh gk bisa si gerakin,game aneh gk bisa si gerakin,game aneh gk bisa si gerakin,"['game', 'aneh', 'gk', 'bisa', 'si', 'gerakin']","['game', 'aneh', 'gk', 'si', 'gerakin']","['game', 'aneh', 'gk', 'si', 'gerakin']",game aneh gk si gerakin
akunml,1,2025-10-04 03:44:08,tolong di perbaiki bg budi gk bisa main rank garena nanti kita seemua kasih bintang 1 mau,tolong di perbaiki bg budi gk bisa main rank garena nanti kita seemua kasih bintang 1 mau,tolong di perbaiki bg budi gk bisa main rank garena nanti kita seemua kasih bintang mau,"['tolong', 'di', 'perbaiki', 'bg', 'budi', 'gk', 'bisa', 'main', 'rank', 'garena', 'nanti', 'kita', 'seemua', 'kasih', 'bintang', 'mau']","['perbaiki', 'bg', 'budi', 'gk', 'main', 'rank', 'garena', 'seemua', 'kasih', 'bintang', 'mau']","['baik', 'bg', 'budi', 'gk', 'main', 'rank', 'garena', 'seemua', 'kasih', 'bintang', 'mau']",baik bg budi gk main rank garena seemua kasih bintang mau
randi nasution,5,2025-10-04 03:42:15,mantap,mantap,mantap,['mantap'],['mantap'],['mantap'],mantap
Rocky Jazzon,5,2025-10-04 03:41:57,game ini bagus dan grapik juga oke tapi kurang pintu saja dan banyak bug yang meresahkan,game ini bagus dan grapik juga oke tapi kurang pintu saja dan banyak bug yang meresahkan,game ini bagus dan grapik juga oke tapi kurang pintu saja dan banyak bug yang meresahkan,"['game', 'ini', 'bagus', 'dan', 'grapik', 'juga', 'oke', 'tapi', 'kurang', 'pintu', 'saja', 'dan', 'banyak', 'bug', 'yang', 'meresahkan']","['game', 'bagus', 'grapik', 'oke', 'kurang', 'pintu', 'banyak', 'bug', 'meresahkan']","['game', 'bagus', 'grapik', 'oke', 'kurang', 'pintu', 'banyak', 'bug', 'resah']",game bagus grapik oke kurang pintu banyak bug resah
Sukowono Rorr,3,2025-10-04 03:41:55,epep shibal,epep shibal,epep shibal,"['epep', 'shibal']","['epep', 'shibal']","['epep', 'shibal']",epep shibal
Rafi Amrullah,5,2025-10-04 03:41:05,sangat seru,sangat seru,sangat seru,"['sangat', 'seru']","['sangat', 'seru']","['sangat', 'seru']",sangat seru
Vivo Sampit,5,2025-10-04 03:31:46,keren,keren,keren,['keren'],['keren'],['keren'],keren
Guntur.sitanggang Sitanggang,5,2025-10-04 03:30:09,seru bangettt HARUS BGT DOWNLOAD SIHH KATAKU,seru bangettt harus bgt download sihh kataku,seru bangettt harus bgt download sihh kataku,"['seru', 'bangettt', 'harus', 'bgt', 'download', 'sihh', 'kataku']","['seru', 'bangettt', 'bgt', 'download', 'sihh', 'kataku']","['seru', 'bangettt', 'bgt', 'download', 'sihh', 'kata']",seru bangettt bgt download sihh kata
Mohamad Lutfi,5,2025-10-04 03:25:06,wapik rekk (baguss rekk),wapik rekk (baguss rekk),wapik rekk baguss rekk,"['wapik', 'rekk', 'baguss', 'rekk']","['wapik', 'rekk', 'baguss', 'rekk']","['wapik', 'rekk', 'baguss', 'rekk']",wapik rekk baguss rekk
DG RAUNTZENT,5,2025-10-04 03:22:53,bagus tapi balikin akun saya yg ilang,bagus tapi balikin akun saya yg ilang,bagus tapi balikin akun saya yg ilang,"['bagus', 'tapi', 'balikin', 'akun', 'saya', 'yg', 'ilang']","['bagus', 'balikin', 'akun', 'yg', 'ilang']","['bagus', 'balikin', 'akun', 'yg', 'ilang']",bagus balikin akun yg ilang
ammar hisyam,1,2025-10-04 03:22:16,bagus tapi lumayan ngelek dan bikin kesel,bagus tapi lumayan ngelek dan bikin kesel,bagus tapi lumayan ngelek dan bikin kesel,"['bagus', 'tapi', 'lumayan', 'ngelek', 'dan', 'bikin', 'kesel']","['bagus', 'lumayan', 'ngelek', 'bikin', 'kesel']","['bagus', 'lumayan', 'ngelek', 'bikin', 'kesel']",bagus lumayan ngelek bikin kesel
Abizar Algibran,5,2025-10-04 03:18:11,game nya bagus tambah kan event,game nya bagus tambah kan event,game nya bagus tambah kan event,"['game', 'nya', 'bagus', 'tambah', 'kan', 'event']","['game', 'nya', 'bagus', 'tambah', 'kan', 'event']","['game', 'nya', 'bagus', 'tambah', 'kan', 'event']",game nya bagus tambah kan event
Satria Gusti Nugraha,5,2025-10-04 03:18:07,bgus bget . btw bole kali dm,bgus bget . btw bole kali dm,bgus bget btw bole kali dm,"['bgus', 'bget', 'btw', 'bole', 'kali', 'dm']","['bgus', 'bget', 'btw', 'bole', 'kali', 'dm']","['bgus', 'bget', 'btw', 'bole', 'kali', 'dm']",bgus bget btw bole kali dm
Jawa Jawa,5,2025-10-04 03:12:47,Game free fire ini sangat bagus walaupun grafiknya nggak bagus banget agak buri aku masih setia main game free Fire,game free fire ini sangat bagus walaupun grafiknya nggak bagus banget agak buri aku masih setia main game free fire,game free fire ini sangat bagus walaupun grafiknya nggak bagus banget agak buri aku masih setia main game free fire,"['game', 'free', 'fire', 'ini', 'sangat', 'bagus', 'walaupun', 'grafiknya', 'nggak', 'bagus', 'banget', 'agak', 'buri', 'aku', 'masih', 'setia', 'main', 'game', 'free', 'fire']","['game', 'free', 'fire', 'sangat', 'bagus', 'walaupun', 'grafiknya', 'bagus', 'banget', 'buri', 'aku', 'setia', 'main', 'game', 'free', 'fire']","['game', 'free', 'fire', 'sangat', 'bagus', 'walaupun', 'grafik', 'bagus', 'banget', 'bur', 'aku', 'setia', 'main', 'game', 'free', 'fire']",game free fire sangat bagus walaupun grafik bagus banget bur aku setia main game free fire
Rifal Ibrahim,5,2025-10-04 03:10:57,kasilah hoki dikit,kasilah hoki dikit,kasilah hoki dikit,"['kasilah', 'hoki', 'dikit']","['kasilah', 'hoki', 'dikit']","['kasi', 'hoki', 'dikit']",kasi hoki dikit
Galang Ramadhan,1,2025-10-04 03:07:54,game nya makin gk seru gk kayak dulu,game nya makin gk seru gk kayak dulu,game nya makin gk seru gk kayak dulu,"['game', 'nya', 'makin', 'gk', 'seru', 'gk', 'kayak', 'dulu']","['game', 'nya', 'makin', 'gk', 'seru', 'gk', 'kayak', 'dulu']","['game', 'nya', 'makin', 'gk', 'seru', 'gk', 'kayak', 'dulu']",game nya makin gk seru gk kayak dulu
Raka Rian,5,2025-10-04 03:04:13,tolong ya Garena Dm 9ratus lebih loh spin satu bandel aja ngak dapet sumpah dah plis Garena kasi aku hoki sedikit aja aku suka main free fire ini game nya bagus aku kasi 5 bintang keren 😎,tolong ya garena dm 9ratus lebih loh spin satu bandel aja ngak dapet sumpah dah plis garena kasi aku hoki sedikit aja aku suka main free fire ini game nya bagus aku kasi 5 bintang keren 😎,tolong ya garena dm ratus lebih loh spin satu bandel aja ngak dapet sumpah dah plis garena kasi aku hoki sedikit aja aku suka main free fire ini game nya bagus aku kasi bintang keren,"['tolong', 'ya', 'garena', 'dm', 'ratus', 'lebih', 'loh', 'spin', 'satu', 'bandel', 'aja', 'ngak', 'dapet', 'sumpah', 'dah', 'plis', 'garena', 'kasi', 'aku', 'hoki', 'sedikit', 'aja', 'aku', 'suka', 'main', 'free', 'fire', 'ini', 'game', 'nya', 'bagus', 'aku', 'kasi', 'bintang', 'keren']","['garena', 'dm', 'ratus', 'lebih', 'loh', 'spin', 'satu', 'bandel', 'aja', 'ngak', 'dapet', 'sumpah', 'dah', 'plis', 'garena', 'kasi', 'aku', 'hoki', 'sedikit', 'aja', 'aku', 'suka', 'main', 'free', 'fire', 'game', 'nya', 'bagus', 'aku', 'kasi', 'bintang', 'keren']","['garena', 'dm', 'ratus', 'lebih', 'loh', 'spin', 'satu', 'bandel', 'aja', 'ngak', 'dapet', 'sumpah', 'dah', 'plis', 'garena', 'kasi', 'aku', 'hoki', 'sedikit', 'aja', 'aku', 'suka', 'main', 'free', 'fire', 'game', 'nya', 'bagus', 'aku', 'kasi', 'bintang', 'keren']",garena dm ratus lebih loh spin satu bandel aja ngak dapet sumpah dah plis garena kasi aku hoki sedikit aja aku suka main free fire game nya bagus aku kasi bintang keren
EP EP Burik,1,2025-10-04 03:01:24,well well well,well well well,well well well,"['well', 'well', 'well']","['well', 'well', 'well']","['well', 'well', 'well']",well well well
Ali Yaman,5,2025-10-04 03:00:27,ini sangat menyenangkan karena bisa main bersama teman-teman atau pun sodara,ini sangat menyenangkan karena bisa main bersama teman-teman atau pun sodara,ini sangat menyenangkan karena bisa main bersama temanteman atau pun sodara,"['ini', 'sangat', 'menyenangkan', 'karena', 'bisa', 'main', 'bersama', 'temanteman', 'atau', 'pun', 'sodara']","['sangat', 'menyenangkan', 'main', 'bersama', 'temanteman', 'sodara']","['sangat', 'senang', 'main', 'sama', 'temanteman', 'sodara']",sangat senang main sama temanteman sodara
BANG A RIZAL,3,2025-10-04 02:53:30,"semogaa ff di perbaiki kek ff sebelumnya,, sinyal yng pertama' sering kluar sendiri juga,, tolong kerja sama nya kalo mau banyak pengikut lagi ga kek sekarang banyakk yng pensi","semogaa ff di perbaiki kek ff sebelumnya,, sinyal yng pertama' sering kluar sendiri juga,, tolong kerja sama nya kalo mau banyak pengikut lagi ga kek sekarang banyakk yng pensi",semogaa ff di perbaiki kek ff sebelumnya sinyal yng pertama sering kluar sendiri juga tolong kerja sama nya kalo mau banyak pengikut lagi ga kek sekarang banyakk yng pensi,"['semogaa', 'ff', 'di', 'perbaiki', 'kek', 'ff', 'sebelumnya', 'sinyal', 'yng', 'pertama', 'sering', 'kluar', 'sendiri', 'juga', 'tolong', 'kerja', 'sama', 'nya', 'kalo', 'mau', 'banyak', 'pengikut', 'lagi', 'ga', 'kek', 'sekarang', 'banyakk', 'yng', 'pensi']","['semogaa', 'ff', 'perbaiki', 'kek', 'ff', 'sebelumnya', 'sinyal', 'yng', 'pertama', 'sering', 'kluar', 'sendiri', 'kerja', 'sama', 'nya', 'kalo', 'mau', 'banyak', 'pengikut', 'ga', 'kek', 'sekarang', 'banyakk', 'yng', 'pensi']","['semogaa', 'ff', 'baik', 'kek', 'ff', 'belum', 'sinyal', 'yng', 'pertama', 'sering', 'kluar', 'sendiri', 'kerja', 'sama', 'nya', 'kalo', 'mau', 'banyak', 'ikut', 'ga', 'kek', 'sekarang', 'banyakk', 'yng', 'pensi']",semogaa ff baik kek ff belum sinyal yng pertama sering kluar sendiri kerja sama nya kalo mau banyak ikut ga kek sekarang banyakk yng pensi
Amir Silaen,5,2025-10-04 02:50:30,game paling keren sedunia,game paling keren sedunia,game paling keren sedunia,"['game', 'paling', 'keren', 'sedunia']","['game', 'paling', 'keren', 'sedunia']","['game', 'paling', 'keren', 'dunia']",game paling keren dunia
BaBaH Nova,1,2025-10-04 02:50:26,kecewa gua sama ini game,kecewa gua sama ini game,kecewa gua sama ini game,"['kecewa', 'gua', 'sama', 'ini', 'game']","['kecewa', 'gua', 'sama', 'game']","['kecewa', 'gua', 'sama', 'game']",kecewa gua sama game
Rama Dhan,1,2025-10-04 02:46:50,GAME TIDAK SERU TANPA PANUTAN,game tidak seru tanpa panutan,game tidak seru tanpa panutan,"['game', 'tidak', 'seru', 'tanpa', 'panutan']","['game', 'seru', 'panutan']","['game', 'seru', 'panutan']",game seru panutan
Eni,5,2025-10-04 02:45:04,suka bangett sama game nyaa🥰😜,suka bangett sama game nyaa🥰😜,suka bangett sama game nyaa,"['suka', 'bangett', 'sama', 'game', 'nyaa']","['suka', 'bangett', 'sama', 'game', 'nyaa']","['suka', 'bangett', 'sama', 'game', 'nyaa']",suka bangett sama game nyaa
Galang Bagus Pratama,1,2025-10-04 02:41:52,"padahal lagi seru serunya malah akun gua kena hack orang dan sekarang bang Budi01 gaming pensi dari ff tambah gak semangat lagi gua, gua juga bakal pensi dari ff gara gara akun gua kena hack sama bang Budi01 gaming pensi gua bakal ikut pensi ,jika bang Budi01 gaming pensi gua bakal ikut pensi karena bang Budi01 gaming panutan gua dari awal main dan gua kecewa sama Garena","padahal lagi seru serunya malah akun gua kena hack orang dan sekarang bang budi01 gaming pensi dari ff tambah gak semangat lagi gua, gua juga bakal pensi dari ff gara gara akun gua kena hack sama bang budi01 gaming pensi gua bakal ikut pensi ,jika bang budi01 gaming pensi gua bakal ikut pensi karena bang budi01 gaming panutan gua dari awal main dan gua kecewa sama garena",padahal lagi seru serunya malah akun gua kena hack orang dan sekarang bang budi gaming pensi dari ff tambah gak semangat lagi gua gua juga bakal pensi dari ff gara gara akun gua kena hack sama bang budi gaming pensi gua bakal ikut pensi jika bang budi gaming pensi gua bakal ikut pensi karena bang budi gaming panutan gua dari awal main dan gua kecewa sama garena,"['padahal', 'lagi', 'seru', 'serunya', 'malah', 'akun', 'gua', 'kena', 'hack', 'orang', 'dan', 'sekarang', 'bang', 'budi', 'gaming', 'pensi', 'dari', 'ff', 'tambah', 'gak', 'semangat', 'lagi', 'gua', 'gua', 'juga', 'bakal', 'pensi', 'dari', 'ff', 'gara', 'gara', 'akun', 'gua', 'kena', 'hack', 'sama', 'bang', 'budi', 'gaming', 'pensi', 'gua', 'bakal', 'ikut', 'pensi', 'jika', 'bang', 'budi', 'gaming', 'pensi', 'gua', 'bakal', 'ikut', 'pensi', 'karena', 'bang', 'budi', 'gaming', 'panutan', 'gua', 'dari', 'awal', 'main', 'dan', 'gua', 'kecewa', 'sama', 'garena']","['padahal', 'seru', 'serunya', 'malah', 'akun', 'gua', 'kena', 'hack', 'orang', 'sekarang', 'bang', 'budi', 'gaming', 'pensi', 'ff', 'tambah', 'gak', 'semangat', 'gua', 'gua', 'bakal', 'pensi', 'ff', 'gara', 'gara', 'akun', 'gua', 'kena', 'hack', 'sama', 'bang', 'budi', 'gaming', 'pensi', 'gua', 'bakal', 'ikut', 'pensi', 'bang', 'budi', 'gaming', 'pensi', 'gua', 'bakal', 'ikut', 'pensi', 'bang', 'budi', 'gaming', 'panutan', 'gua', 'awal', 'main', 'gua', 'kecewa', 'sama', 'garena']","['padahal', 'seru', 'seru', 'malah', 'akun', 'gua', 'kena', 'hack', 'orang', 'sekarang', 'bang', 'budi', 'gaming', 'pensi', 'ff', 'tambah', 'gak', 'semangat', 'gua', 'gua', 'bakal', 'pensi', 'ff', 'gara', 'gara', 'akun', 'gua', 'kena', 'hack', 'sama', 'bang', 'budi', 'gaming', 'pensi', 'gua', 'bakal', 'ikut', 'pensi', 'bang', 'budi', 'gaming', 'pensi', 'gua', 'bakal', 'ikut', 'pensi', 'bang', 'budi', 'gaming', 'panutan', 'gua', 'awal', 'main', 'gua', 'kecewa', 'sama', 'garena']",padahal seru seru malah akun gua kena hack orang sekarang bang budi gaming pensi ff tambah gak semangat gua gua bakal pensi ff gara gara akun gua kena hack sama bang budi gaming pensi gua bakal ikut pensi bang budi gaming pensi gua bakal ikut pensi bang budi gaming panutan gua awal main gua kecewa sama garena
Bulan Bintang23,5,2025-10-04 02:38:35,lagi maen jangan ganggu,lagi maen jangan ganggu,lagi maen jangan ganggu,"['lagi', 'maen', 'jangan', 'ganggu']","['maen', 'jangan', 'ganggu']","['maen', 'jangan', 'ganggu']",maen jangan ganggu
Not Nit,4,2025-10-04 02:37:08,matmahith nya terlalu lama,matmahith nya terlalu lama,matmahith nya terlalu lama,"['matmahith', 'nya', 'terlalu', 'lama']","['matmahith', 'nya', 'terlalu', 'lama']","['matmahith', 'nya', 'terlalu', 'lama']",matmahith nya terlalu lama
Marmin Marmin,5,2025-10-04 02:35:10,bagus banget,bagus banget,bagus banget,"['bagus', 'banget']","['bagus', 'banget']","['bagus', 'banget']",bagus banget
Ismail marzuki Marzuki,5,2025-10-04 02:31:57,Muhammad Hzchddh. Fggafiz Hafiz,muhammad hzchddh. fggafiz hafiz,muhammad hzchddh fggafiz hafiz,"['muhammad', 'hzchddh', 'fggafiz', 'hafiz']","['muhammad', 'hzchddh', 'fggafiz', 'hafiz']","['muhammad', 'hzchddh', 'fggafiz', 'hafiz']",muhammad hzchddh fggafiz hafiz
Sanda Syaputra,5,2025-10-04 02:24:13,Kasih spesial aidrop 3k,kasih spesial aidrop 3k,kasih spesial aidrop k,"['kasih', 'spesial', 'aidrop', 'k']","['kasih', 'spesial', 'aidrop', 'k']","['kasih', 'spesial', 'aidrop', 'k']",kasih spesial aidrop k
Mariana Ana,5,2025-10-04 02:23:21,Ff terbaik,ff terbaik,ff terbaik,"['ff', 'terbaik']","['ff', 'terbaik']","['ff', 'baik']",ff baik
Fitri Yuniarti,5,2025-10-04 02:23:05,bagus,bagus,bagus,['bagus'],['bagus'],['bagus'],bagus
Supriatna Nana,5,2025-10-04 02:11:01,game nya bagus tapi tolong hilang kan bug bug,game nya bagus tapi tolong hilang kan bug bug,game nya bagus tapi tolong hilang kan bug bug,"['game', 'nya', 'bagus', 'tapi', 'tolong', 'hilang', 'kan', 'bug', 'bug']","['game', 'nya', 'bagus', 'hilang', 'kan', 'bug', 'bug']","['game', 'nya', 'bagus', 'hilang', 'kan', 'bug', 'bug']",game nya bagus hilang kan bug bug
Meizi Josep,2,2025-10-04 02:09:48,kenapa akun ku diban padahal aman aman saja dan semoga cepet dead game dan garena suka ban ban akun kita semoga free fire dihapus,kenapa akun ku diban padahal aman aman saja dan semoga cepet dead game dan garena suka ban ban akun kita semoga free fire dihapus,kenapa akun ku diban padahal aman aman saja dan semoga cepet dead game dan garena suka ban ban akun kita semoga free fire dihapus,"['kenapa', 'akun', 'ku', 'diban', 'padahal', 'aman', 'aman', 'saja', 'dan', 'semoga', 'cepet', 'dead', 'game', 'dan', 'garena', 'suka', 'ban', 'ban', 'akun', 'kita', 'semoga', 'free', 'fire', 'dihapus']","['akun', 'ku', 'diban', 'padahal', 'aman', 'aman', 'semoga', 'cepet', 'dead', 'game', 'garena', 'suka', 'ban', 'ban', 'akun', 'semoga', 'free', 'fire', 'dihapus']","['akun', 'ku', 'ban', 'padahal', 'aman', 'aman', 'moga', 'cepet', 'dead', 'game', 'garena', 'suka', 'ban', 'ban', 'akun', 'moga', 'free', 'fire', 'hapus']",akun ku ban padahal aman aman moga cepet dead game garena suka ban ban akun moga free fire hapus
Nur Fadilah,5,2025-10-04 02:09:03,keren,keren,keren,['keren'],['keren'],['keren'],keren
Chris & Charles,5,2025-10-04 02:05:03,asik gamenya,asik gamenya,asik gamenya,"['asik', 'gamenya']","['asik', 'gamenya']","['asik', 'gamenya']",asik gamenya
Fati Sabilillah,2,2025-10-04 01:57:58,buat pihak Garena game nya sudah bagus tapi klo ngasih tim yang setara lah saya main cs tim saya isi nya pada sengaja kalah dan tim suka memancing emosi. lama kelamaan saya jadi males main ini game. tolong lah di perbaiki sistem nya demi kenyamanan pemain,buat pihak garena game nya sudah bagus tapi klo ngasih tim yang setara lah saya main cs tim saya isi nya pada sengaja kalah dan tim suka memancing emosi. lama kelamaan saya jadi males main ini game. tolong lah di perbaiki sistem nya demi kenyamanan pemain,buat pihak garena game nya sudah bagus tapi klo ngasih tim yang setara lah saya main cs tim saya isi nya pada sengaja kalah dan tim suka memancing emosi lama kelamaan saya jadi males main ini game tolong lah di perbaiki sistem nya demi kenyamanan pemain,"['buat', 'pihak', 'garena', 'game', 'nya', 'sudah', 'bagus', 'tapi', 'klo', 'ngasih', 'tim', 'yang', 'setara', 'lah', 'saya', 'main', 'cs', 'tim', 'saya', 'isi', 'nya', 'pada', 'sengaja', 'kalah', 'dan', 'tim', 'suka', 'memancing', 'emosi', 'lama', 'kelamaan', 'saya', 'jadi', 'males', 'main', 'ini', 'game', 'tolong', 'lah', 'di', 'perbaiki', 'sistem', 'nya', 'demi', 'kenyamanan', 'pemain']","['buat', 'pihak', 'garena', 'game', 'nya', 'bagus', 'klo', 'ngasih', 'tim', 'setara', 'lah', 'main', 'cs', 'tim', 'isi', 'nya', 'sengaja', 'kalah', 'tim', 'suka', 'memancing', 'emosi', 'lama', 'kelamaan', 'jadi', 'males', 'main', 'game', 'lah', 'perbaiki', 'sistem', 'nya', 'kenyamanan', 'pemain']","['buat', 'pihak', 'garena', 'game', 'nya', 'bagus', 'klo', 'ngasih', 'tim', 'tara', 'lah', 'main', 'cs', 'tim', 'isi', 'nya', 'sengaja', 'kalah', 'tim', 'suka', 'pancing', 'emosi', 'lama', 'lama', 'jadi', 'males', 'main', 'game', 'lah', 'baik', 'sistem', 'nya', 'nyaman', 'main']",buat pihak garena game nya bagus klo ngasih tim tara lah main cs tim isi nya sengaja kalah tim suka pancing emosi lama lama jadi males main game lah baik sistem nya nyaman main
mulyasari eni,5,2025-10-04 01:56:50,game sangat menarik dan seru tapi masih ada ngeleg ny,game sangat menarik dan seru tapi masih ada ngeleg ny,game sangat menarik dan seru tapi masih ada ngeleg ny,"['game', 'sangat', 'menarik', 'dan', 'seru', 'tapi', 'masih', 'ada', 'ngeleg', 'ny']","['game', 'sangat', 'menarik', 'seru', 'ngeleg', 'ny']","['game', 'sangat', 'tarik', 'seru', 'ngeleg', 'ny']",game sangat tarik seru ngeleg ny
Happe Opppo,5,2025-10-04 01:50:15,"sangat bagus tapi sayah tidak ada salah apapun atau citer sayah tidak pake sayah secara tiba"" kena BL tolong perbaik","sangat bagus tapi sayah tidak ada salah apapun atau citer sayah tidak pake sayah secara tiba"" kena bl tolong perbaik",sangat bagus tapi sayah tidak ada salah apapun atau citer sayah tidak pake sayah secara tiba kena bl tolong perbaik,"['sangat', 'bagus', 'tapi', 'sayah', 'tidak', 'ada', 'salah', 'apapun', 'atau', 'citer', 'sayah', 'tidak', 'pake', 'sayah', 'secara', 'tiba', 'kena', 'bl', 'tolong', 'perbaik']","['sangat', 'bagus', 'sayah', 'salah', 'apapun', 'citer', 'sayah', 'pake', 'sayah', 'tiba', 'kena', 'bl', 'perbaik']","['sangat', 'bagus', 'sayah', 'salah', 'apa', 'citer', 'sayah', 'pake', 'sayah', 'tiba', 'kena', 'bl', 'baik']",sangat bagus sayah salah apa citer sayah pake sayah tiba kena bl baik
Yan11 aja,5,2025-10-04 01:46:27,"mantap bangettt , minta dm dong min","mantap bangettt , minta dm dong min",mantap bangettt minta dm dong min,"['mantap', 'bangettt', 'minta', 'dm', 'dong', 'min']","['mantap', 'bangettt', 'minta', 'dm', 'dong', 'min']","['mantap', 'bangettt', 'minta', 'dm', 'dong', 'min']",mantap bangettt minta dm dong min
Pengguna Google,4,2025-10-04 01:44:42,yang ini lumayan bagus tapi game ini menurutku cukup bagus tapi kenapa saya sudah top up diamond dan sudah mempunyai banyak skin terus tiba-tiba diamond saya hilang dan duit-duit saya semuanya ilang ganti rugi nggak lu free fire,yang ini lumayan bagus tapi game ini menurutku cukup bagus tapi kenapa saya sudah top up diamond dan sudah mempunyai banyak skin terus tiba-tiba diamond saya hilang dan duit-duit saya semuanya ilang ganti rugi nggak lu free fire,yang ini lumayan bagus tapi game ini menurutku cukup bagus tapi kenapa saya sudah top up diamond dan sudah mempunyai banyak skin terus tibatiba diamond saya hilang dan duitduit saya semuanya ilang ganti rugi nggak lu free fire,"['yang', 'ini', 'lumayan', 'bagus', 'tapi', 'game', 'ini', 'menurutku', 'cukup', 'bagus', 'tapi', 'kenapa', 'saya', 'sudah', 'top', 'up', 'diamond', 'dan', 'sudah', 'mempunyai', 'banyak', 'skin', 'terus', 'tibatiba', 'diamond', 'saya', 'hilang', 'dan', 'duitduit', 'saya', 'semuanya', 'ilang', 'ganti', 'rugi', 'nggak', 'lu', 'free', 'fire']","['lumayan', 'bagus', 'game', 'menurutku', 'cukup', 'bagus', 'top', 'up', 'diamond', 'mempunyai', 'banyak', 'skin', 'terus', 'tibatiba', 'diamond', 'hilang', 'duitduit', 'semuanya', 'ilang', 'ganti', 'rugi', 'lu', 'free', 'fire']","['lumayan', 'bagus', 'game', 'turut', 'cukup', 'bagus', 'top', 'up', 'diamond', 'punya', 'banyak', 'skin', 'terus', 'tibatiba', 'diamond', 'hilang', 'duitduit', 'semua', 'ilang', 'ganti', 'rugi', 'lu', 'free', 'fire']",lumayan bagus game turut cukup bagus top up diamond punya banyak skin terus tibatiba diamond hilang duitduit semua ilang ganti rugi lu free fire
Gusti Dwi andika,5,2025-10-04 01:43:21,seneng dari lahir,seneng dari lahir,seneng dari lahir,"['seneng', 'dari', 'lahir']","['seneng', 'lahir']","['neng', 'lahir']",neng lahir
NatanFF NatanFF,1,2025-10-04 01:41:25,"burik, adminya baperan, orang nyari rezeki di game lain gaboleh 😂","burik, adminya baperan, orang nyari rezeki di game lain gaboleh 😂",burik adminya baperan orang nyari rezeki di game lain gaboleh,"['burik', 'adminya', 'baperan', 'orang', 'nyari', 'rezeki', 'di', 'game', 'lain', 'gaboleh']","['burik', 'adminya', 'baperan', 'orang', 'nyari', 'rezeki', 'game', 'gaboleh']","['burik', 'adminya', 'baperan', 'orang', 'nyari', 'rezeki', 'game', 'gaboleh']",burik adminya baperan orang nyari rezeki game gaboleh
suka main ff ff,1,2025-10-04 01:39:24,gak tau diri,gak tau diri,gak tau diri,"['gak', 'tau', 'diri']","['gak', 'tau', 'diri']","['gak', 'tau', 'diri']",gak tau diri
Ilham,5,2025-10-04 01:37:42,bisa jadi hiburane,bisa jadi hiburane,bisa jadi hiburane,"['bisa', 'jadi', 'hiburane']","['jadi', 'hiburane']","['jadi', 'hiburane']",jadi hiburane
Safan Safan,5,2025-10-04 01:34:41,gem nya sangat bagus,gem nya sangat bagus,gem nya sangat bagus,"['gem', 'nya', 'sangat', 'bagus']","['gem', 'nya', 'sangat', 'bagus']","['gem', 'nya', 'sangat', 'bagus']",gem nya sangat bagus
Kristiandi,5,2025-10-04 01:17:30,game ini sangat membuat saya senang 😊 Terima kasih,game ini sangat membuat saya senang 😊 terima kasih,game ini sangat membuat saya senang terima kasih,"['game', 'ini', 'sangat', 'membuat', 'saya', 'senang', 'terima', 'kasih']","['game', 'sangat', 'membuat', 'senang', 'terima', 'kasih']","['game', 'sangat', 'buat', 'senang', 'terima', 'kasih']",game sangat buat senang terima kasih
Faizal,5,2025-10-04 01:10:58,sangat bagus,sangat bagus,sangat bagus,"['sangat', 'bagus']","['sangat', 'bagus']","['sangat', 'bagus']",sangat bagus
Giankenzie Benedict,5,2025-10-04 01:08:08,bagi DM garena,bagi dm garena,bagi dm garena,"['bagi', 'dm', 'garena']","['dm', 'garena']","['dm', 'garena']",dm garena
ARDIANSYAH PUTRA,5,2025-10-04 01:06:41,kagagshshss,kagagshshss,kagagshshss,['kagagshshss'],['kagagshshss'],['kagagshshss'],kagagshshss
Mahernusapra Mahern,5,2025-10-04 00:59:16,ff baik,ff baik,ff baik,"['ff', 'baik']","['ff', 'baik']","['ff', 'baik']",ff baik
Erni Susanti,1,2025-10-04 00:57:08,Akun Gw Ga Ngecit Ke suspend Permanen,akun gw ga ngecit ke suspend permanen,akun gw ga ngecit ke suspend permanen,"['akun', 'gw', 'ga', 'ngecit', 'ke', 'suspend', 'permanen']","['akun', 'gw', 'ga', 'ngecit', 'suspend', 'permanen']","['akun', 'gw', 'ga', 'ngecit', 'suspend', 'permanen']",akun gw ga ngecit suspend permanen
RISKI pratama,1,2025-10-04 00:38:32,"burik 8bit , admin nya banci , ngambekan","burik 8bit , admin nya banci , ngambekan",burik bit admin nya banci ngambekan,"['burik', 'bit', 'admin', 'nya', 'banci', 'ngambekan']","['burik', 'bit', 'admin', 'nya', 'banci', 'ngambekan']","['burik', 'bit', 'admin', 'nya', 'banci', 'ngambekan']",burik bit admin nya banci ngambekan
Denan Aryawangsa,1,2025-10-04 00:33:09,AWM tolong di benerin ngebuk apa gimana sih 5 kali lo nembak gak mati mati kalok update lagi tolong,awm tolong di benerin ngebuk apa gimana sih 5 kali lo nembak gak mati mati kalok update lagi tolong,awm tolong di benerin ngebuk apa gimana sih kali lo nembak gak mati mati kalok update lagi tolong,"['awm', 'tolong', 'di', 'benerin', 'ngebuk', 'apa', 'gimana', 'sih', 'kali', 'lo', 'nembak', 'gak', 'mati', 'mati', 'kalok', 'update', 'lagi', 'tolong']","['awm', 'benerin', 'ngebuk', 'apa', 'gimana', 'sih', 'kali', 'lo', 'nembak', 'gak', 'mati', 'mati', 'kalok', 'update']","['awm', 'benerin', 'ngebuk', 'apa', 'gimana', 'sih', 'kali', 'lo', 'nembak', 'gak', 'mati', 'mati', 'kalok', 'update']",awm benerin ngebuk apa gimana sih kali lo nembak gak mati mati kalok update
Dlx Ham,5,2025-10-04 00:32:26,saya berterima kasi,saya berterima kasi,saya berterima kasi,"['saya', 'berterima', 'kasi']","['berterima', 'kasi']","['terima', 'kasi']",terima kasi
Dito Bnje,5,2025-10-04 00:32:25,😍☝️,😍☝️,,[],[],[],
Alisa,1,2025-10-04 00:31:07,padahal saya tidak melakukan hal apa pun di ff tapi kenapa bisa di blacklist sama Garena tolong untuk lain kali di benerin dong,padahal saya tidak melakukan hal apa pun di ff tapi kenapa bisa di blacklist sama garena tolong untuk lain kali di benerin dong,padahal saya tidak melakukan hal apa pun di ff tapi kenapa bisa di blacklist sama garena tolong untuk lain kali di benerin dong,"['padahal', 'saya', 'tidak', 'melakukan', 'hal', 'apa', 'pun', 'di', 'ff', 'tapi', 'kenapa', 'bisa', 'di', 'blacklist', 'sama', 'garena', 'tolong', 'untuk', 'lain', 'kali', 'di', 'benerin', 'dong']","['padahal', 'melakukan', 'apa', 'ff', 'blacklist', 'sama', 'garena', 'kali', 'benerin', 'dong']","['padahal', 'laku', 'apa', 'ff', 'blacklist', 'sama', 'garena', 'kali', 'benerin', 'dong']",padahal laku apa ff blacklist sama garena kali benerin dong
Bhiba,4,2025-10-04 00:30:01,game ini sangat seru,game ini sangat seru,game ini sangat seru,"['game', 'ini', 'sangat', 'seru']","['game', 'sangat', 'seru']","['game', 'sangat', 'seru']",game sangat seru
Muhammad Baqir,5,2025-10-04 00:29:43,seru,seru,seru,['seru'],['seru'],['seru'],seru
Azka alvindra,3,2025-10-04 00:29:27,game nya seru bagus tapi bikin emosi padahal sinyal lancar dan tiba-tiba sinyal lag,game nya seru bagus tapi bikin emosi padahal sinyal lancar dan tiba-tiba sinyal lag,game nya seru bagus tapi bikin emosi padahal sinyal lancar dan tibatiba sinyal lag,"['game', 'nya', 'seru', 'bagus', 'tapi', 'bikin', 'emosi', 'padahal', 'sinyal', 'lancar', 'dan', 'tibatiba', 'sinyal', 'lag']","['game', 'nya', 'seru', 'bagus', 'bikin', 'emosi', 'padahal', 'sinyal', 'lancar', 'tibatiba', 'sinyal', 'lag']","['game', 'nya', 'seru', 'bagus', 'bikin', 'emosi', 'padahal', 'sinyal', 'lancar', 'tibatiba', 'sinyal', 'lag']",game nya seru bagus bikin emosi padahal sinyal lancar tibatiba sinyal lag
Kristina Wini,5,2025-10-04 00:20:09,prime ff 2019💀💀,prime ff 2019💀💀,prime ff,"['prime', 'ff']","['prime', 'ff']","['prime', 'ff']",prime ff
beQueen beQueen,5,2025-10-04 00:08:43,saya sangat suka bermain,saya sangat suka bermain,saya sangat suka bermain,"['saya', 'sangat', 'suka', 'bermain']","['sangat', 'suka', 'bermain']","['sangat', 'suka', 'main']",sangat suka main
Cahh Ganteng,1,2025-10-04 00:04:21,Gem jelek kagak ada GyroScope nya👎,gem jelek kagak ada gyroscope nya👎,gem jelek kagak ada gyroscope nya,"['gem', 'jelek', 'kagak', 'ada', 'gyroscope', 'nya']","['gem', 'jelek', 'kagak', 'gyroscope', 'nya']","['gem', 'jelek', 'kagak', 'gyroscope', 'nya']",gem jelek kagak gyroscope nya
Bryan Bryan,5,2025-10-04 00:03:02,Udh bgus Tapi Balikinnn Akunnya Bg budi sekaranggg!!!!,udh bgus tapi balikinnn akunnya bg budi sekaranggg!!!!,udh bgus tapi balikinnn akunnya bg budi sekaranggg,"['udh', 'bgus', 'tapi', 'balikinnn', 'akunnya', 'bg', 'budi', 'sekaranggg']","['udh', 'bgus', 'balikinnn', 'akunnya', 'bg', 'budi', 'sekaranggg']","['udh', 'bgus', 'balikinnn', 'akun', 'bg', 'budi', 'sekaranggg']",udh bgus balikinnn akun bg budi sekaranggg
TTUIO YYUIO,5,2025-10-04 00:02:07,GAME nya sangat cocok untuk ketika kita bosan game ini beneran ga bosan aku beri bintang 5,game nya sangat cocok untuk ketika kita bosan game ini beneran ga bosan aku beri bintang 5,game nya sangat cocok untuk ketika kita bosan game ini beneran ga bosan aku beri bintang,"['game', 'nya', 'sangat', 'cocok', 'untuk', 'ketika', 'kita', 'bosan', 'game', 'ini', 'beneran', 'ga', 'bosan', 'aku', 'beri', 'bintang']","['game', 'nya', 'sangat', 'cocok', 'bosan', 'game', 'beneran', 'ga', 'bosan', 'aku', 'beri', 'bintang']","['game', 'nya', 'sangat', 'cocok', 'bosan', 'game', 'beneran', 'ga', 'bosan', 'aku', 'beri', 'bintang']",game nya sangat cocok bosan game beneran ga bosan aku beri bintang
Keyvin Nduru,5,2025-10-04 00:00:16,FF sangat seru.,ff sangat seru.,ff sangat seru,"['ff', 'sangat', 'seru']","['ff', 'sangat', 'seru']","['ff', 'sangat', 'seru']",ff sangat seru
Afanur wisnu Raytama,5,2025-10-03 23:58:57,gem ini sangat seru aku sangat suka apa lagi sama Iven Nya sangat bagus aku sangat suka 😁😁,gem ini sangat seru aku sangat suka apa lagi sama iven nya sangat bagus aku sangat suka 😁😁,gem ini sangat seru aku sangat suka apa lagi sama iven nya sangat bagus aku sangat suka,"['gem', 'ini', 'sangat', 'seru', 'aku', 'sangat', 'suka', 'apa', 'lagi', 'sama', 'iven', 'nya', 'sangat', 'bagus', 'aku', 'sangat', 'suka']","['gem', 'sangat', 'seru', 'aku', 'sangat', 'suka', 'apa', 'sama', 'iven', 'nya', 'sangat', 'bagus', 'aku', 'sangat', 'suka']","['gem', 'sangat', 'seru', 'aku', 'sangat', 'suka', 'apa', 'sama', 'iven', 'nya', 'sangat', 'bagus', 'aku', 'sangat', 'suka']",gem sangat seru aku sangat suka apa sama iven nya sangat bagus aku sangat suka
Muhammad Ra'uf,4,2025-10-03 23:48:39,aku kasih bintang 4 karena padahal aku gak ngelek sudah pecah kepalanya . yg itu jadi aku kasi bintang 4,aku kasih bintang 4 karena padahal aku gak ngelek sudah pecah kepalanya . yg itu jadi aku kasi bintang 4,aku kasih bintang karena padahal aku gak ngelek sudah pecah kepalanya yg itu jadi aku kasi bintang,"['aku', 'kasih', 'bintang', 'karena', 'padahal', 'aku', 'gak', 'ngelek', 'sudah', 'pecah', 'kepalanya', 'yg', 'itu', 'jadi', 'aku', 'kasi', 'bintang']","['aku', 'kasih', 'bintang', 'padahal', 'aku', 'gak', 'ngelek', 'pecah', 'kepalanya', 'yg', 'jadi', 'aku', 'kasi', 'bintang']","['aku', 'kasih', 'bintang', 'padahal', 'aku', 'gak', 'ngelek', 'pecah', 'kepala', 'yg', 'jadi', 'aku', 'kasi', 'bintang']",aku kasih bintang padahal aku gak ngelek pecah kepala yg jadi aku kasi bintang
Aqeela Wolayan,5,2025-10-03 23:47:27,sangat seruh,sangat seruh,sangat seruh,"['sangat', 'seruh']","['sangat', 'seruh']","['sangat', 'seruh']",sangat seruh
Hasta Khoirul Huda,2,2025-10-03 23:46:31,"tolong pihak Garena yang terhormat saat saya mau ngunbind akun kok gk bisa padahal email nya udah bener malah email salah, tolong perbaiki game nya aku bingung cara ngatasinnya","tolong pihak garena yang terhormat saat saya mau ngunbind akun kok gk bisa padahal email nya udah bener malah email salah, tolong perbaiki game nya aku bingung cara ngatasinnya",tolong pihak garena yang terhormat saat saya mau ngunbind akun kok gk bisa padahal email nya udah bener malah email salah tolong perbaiki game nya aku bingung cara ngatasinnya,"['tolong', 'pihak', 'garena', 'yang', 'terhormat', 'saat', 'saya', 'mau', 'ngunbind', 'akun', 'kok', 'gk', 'bisa', 'padahal', 'email', 'nya', 'udah', 'bener', 'malah', 'email', 'salah', 'tolong', 'perbaiki', 'game', 'nya', 'aku', 'bingung', 'cara', 'ngatasinnya']","['pihak', 'garena', 'terhormat', 'mau', 'ngunbind', 'akun', 'kok', 'gk', 'padahal', 'email', 'nya', 'udah', 'bener', 'malah', 'email', 'salah', 'perbaiki', 'game', 'nya', 'aku', 'bingung', 'cara', 'ngatasinnya']","['pihak', 'garena', 'hormat', 'mau', 'ngunbind', 'akun', 'kok', 'gk', 'padahal', 'email', 'nya', 'udah', 'bener', 'malah', 'email', 'salah', 'baik', 'game', 'nya', 'aku', 'bingung', 'cara', 'ngatasinnya']",pihak garena hormat mau ngunbind akun kok gk padahal email nya udah bener malah email salah baik game nya aku bingung cara ngatasinnya
Rifqi Raditia,5,2025-10-03 23:43:15,bagi bagi sg dua juta dong please,bagi bagi sg dua juta dong please,bagi bagi sg dua juta dong please,"['bagi', 'bagi', 'sg', 'dua', 'juta', 'dong', 'please']","['sg', 'juta', 'dong', 'please']","['sg', 'juta', 'dong', 'please']",sg juta dong please
Op kembar Simamora,5,2025-10-03 23:39:26,seru,seru,seru,['seru'],['seru'],['seru'],seru
Zaky,1,2025-10-03 23:37:39,game burik,game burik,game burik,"['game', 'burik']","['game', 'burik']","['game', 'burik']",game burik
KENAL Dimas,1,2025-10-03 23:36:00,celek,celek,celek,['celek'],['celek'],['celek'],celek
Darwin Winz,5,2025-10-03 23:34:18,bagus dan seru juga,bagus dan seru juga,bagus dan seru juga,"['bagus', 'dan', 'seru', 'juga']","['bagus', 'seru']","['bagus', 'seru']",bagus seru
siti ainah,1,2025-10-03 23:33:19,"Game nya emang bagus, seru tapi gw kasih bintang satu karena bg Budi kena BL","game nya emang bagus, seru tapi gw kasih bintang satu karena bg budi kena bl",game nya emang bagus seru tapi gw kasih bintang satu karena bg budi kena bl,"['game', 'nya', 'emang', 'bagus', 'seru', 'tapi', 'gw', 'kasih', 'bintang', 'satu', 'karena', 'bg', 'budi', 'kena', 'bl']","['game', 'nya', 'emang', 'bagus', 'seru', 'gw', 'kasih', 'bintang', 'satu', 'bg', 'budi', 'kena', 'bl']","['game', 'nya', 'emang', 'bagus', 'seru', 'gw', 'kasih', 'bintang', 'satu', 'bg', 'budi', 'kena', 'bl']",game nya emang bagus seru gw kasih bintang satu bg budi kena bl
Epan Ferdinand,5,2025-10-03 23:26:19,ff sangat penting untuk manusia,ff sangat penting untuk manusia,ff sangat penting untuk manusia,"['ff', 'sangat', 'penting', 'untuk', 'manusia']","['ff', 'sangat', 'penting', 'manusia']","['ff', 'sangat', 'penting', 'manusia']",ff sangat penting manusia
Rayyan Ray,5,2025-10-03 23:23:02,Karena saya suka FREE FIRE dan bisa juga pepeng,karena saya suka free fire dan bisa juga pepeng,karena saya suka free fire dan bisa juga pepeng,"['karena', 'saya', 'suka', 'free', 'fire', 'dan', 'bisa', 'juga', 'pepeng']","['suka', 'free', 'fire', 'pepeng']","['suka', 'free', 'fire', 'pepeng']",suka free fire pepeng
Maulana Yusup,1,2025-10-03 23:08:18,aku kecewa sama ff yang sekarang makin kesini makin berat ff nyaa😔dann performaa akuu hilangg semuaa kenapaa sih garenaa haruss beratt benerinn lagii tolongg akuu mohonn,aku kecewa sama ff yang sekarang makin kesini makin berat ff nyaa😔dann performaa akuu hilangg semuaa kenapaa sih garenaa haruss beratt benerinn lagii tolongg akuu mohonn,aku kecewa sama ff yang sekarang makin kesini makin berat ff nyaadann performaa akuu hilangg semuaa kenapaa sih garenaa haruss beratt benerinn lagii tolongg akuu mohonn,"['aku', 'kecewa', 'sama', 'ff', 'yang', 'sekarang', 'makin', 'kesini', 'makin', 'berat', 'ff', 'nyaadann', 'performaa', 'akuu', 'hilangg', 'semuaa', 'kenapaa', 'sih', 'garenaa', 'haruss', 'beratt', 'benerinn', 'lagii', 'tolongg', 'akuu', 'mohonn']","['aku', 'kecewa', 'sama', 'ff', 'sekarang', 'makin', 'kesini', 'makin', 'berat', 'ff', 'nyaadann', 'performaa', 'akuu', 'hilangg', 'semuaa', 'kenapaa', 'sih', 'garenaa', 'haruss', 'beratt', 'benerinn', 'lagii', 'tolongg', 'akuu', 'mohonn']","['aku', 'kecewa', 'sama', 'ff', 'sekarang', 'makin', 'kesini', 'makin', 'berat', 'ff', 'nyaadann', 'performaa', 'akuu', 'hilangg', 'semuaa', 'kenapaa', 'sih', 'garenaa', 'haruss', 'beratt', 'benerinn', 'lagi', 'tolongg', 'akuu', 'mohonn']",aku kecewa sama ff sekarang makin kesini makin berat ff nyaadann performaa akuu hilangg semuaa kenapaa sih garenaa haruss beratt benerinn lagi tolongg akuu mohonn
Alvaro Putra pratama,1,2025-10-03 23:03:29,GK bisa didownload,gk bisa didownload,gk bisa didownload,"['gk', 'bisa', 'didownload']","['gk', 'didownload']","['gk', 'didownload']",gk didownload
Cipur Gitur,5,2025-10-03 22:58:27,game ini sangat seru di main kan dan pantas untuk dapat 5 bintang,game ini sangat seru di main kan dan pantas untuk dapat 5 bintang,game ini sangat seru di main kan dan pantas untuk dapat bintang,"['game', 'ini', 'sangat', 'seru', 'di', 'main', 'kan', 'dan', 'pantas', 'untuk', 'dapat', 'bintang']","['game', 'sangat', 'seru', 'main', 'kan', 'pantas', 'bintang']","['game', 'sangat', 'seru', 'main', 'kan', 'pantas', 'bintang']",game sangat seru main kan pantas bintang
Riris Riris,5,2025-10-03 22:57:23,ya jarang sih main tapi setelah main malah ke tagihan,ya jarang sih main tapi setelah main malah ke tagihan,ya jarang sih main tapi setelah main malah ke tagihan,"['ya', 'jarang', 'sih', 'main', 'tapi', 'setelah', 'main', 'malah', 'ke', 'tagihan']","['jarang', 'sih', 'main', 'main', 'malah', 'tagihan']","['jarang', 'sih', 'main', 'main', 'malah', 'tagih']",jarang sih main main malah tagih
Botak Boxx,1,2025-10-03 22:37:01,we need old peak,we need old peak,we need old peak,"['we', 'need', 'old', 'peak']","['we', 'need', 'old', 'peak']","['we', 'need', 'old', 'peak']",we need old peak
beex52,1,2025-10-03 22:23:15,game tolol,game tolol,game tolol,"['game', 'tolol']","['game', 'tolol']","['game', 'tolol']",game tolol
rowr nyoon,1,2025-10-03 22:19:48,"game rusak cape cape main rank hadiah kick off udah di claim ga masuk armory, udah lapor ke garena indo tetep ga di gubris udah kikir rusak pula kecewa berat","game rusak cape cape main rank hadiah kick off udah di claim ga masuk armory, udah lapor ke garena indo tetep ga di gubris udah kikir rusak pula kecewa berat",game rusak cape cape main rank hadiah kick off udah di claim ga masuk armory udah lapor ke garena indo tetep ga di gubris udah kikir rusak pula kecewa berat,"['game', 'rusak', 'cape', 'cape', 'main', 'rank', 'hadiah', 'kick', 'off', 'udah', 'di', 'claim', 'ga', 'masuk', 'armory', 'udah', 'lapor', 'ke', 'garena', 'indo', 'tetep', 'ga', 'di', 'gubris', 'udah', 'kikir', 'rusak', 'pula', 'kecewa', 'berat']","['game', 'rusak', 'cape', 'cape', 'main', 'rank', 'hadiah', 'kick', 'off', 'udah', 'claim', 'ga', 'masuk', 'armory', 'udah', 'lapor', 'garena', 'indo', 'tetep', 'ga', 'gubris', 'udah', 'kikir', 'rusak', 'kecewa', 'berat']","['game', 'rusak', 'cape', 'cape', 'main', 'rank', 'hadiah', 'kick', 'off', 'udah', 'claim', 'ga', 'masuk', 'armory', 'udah', 'lapor', 'garena', 'indo', 'tetep', 'ga', 'gubris', 'udah', 'kikir', 'rusak', 'kecewa', 'berat']",game rusak cape cape main rank hadiah kick off udah claim ga masuk armory udah lapor garena indo tetep ga gubris udah kikir rusak kecewa berat
eldyrga kapitang,5,2025-10-03 21:46:41,seru sekali,seru sekali,seru sekali,"['seru', 'sekali']","['seru', 'sekali']","['seru', 'sekali']",seru sekali
Leonardo giofani soyo,1,2025-10-03 21:37:47,mending hapus aja ganenya,mending hapus aja ganenya,mending hapus aja ganenya,"['mending', 'hapus', 'aja', 'ganenya']","['mending', 'hapus', 'aja', 'ganenya']","['mending', 'hapus', 'aja', 'ganenya']",mending hapus aja ganenya
Harun Residul,5,2025-10-03 21:26:04,saya jago,saya jago,saya jago,"['saya', 'jago']",['jago'],['jago'],jago
Aska Aljabar,1,2025-10-03 21:06:16,"panuta gw pensi gara"" lu orang juga butuh uang tolol","panuta gw pensi gara"" lu orang juga butuh uang tolol",panuta gw pensi gara lu orang juga butuh uang tolol,"['panuta', 'gw', 'pensi', 'gara', 'lu', 'orang', 'juga', 'butuh', 'uang', 'tolol']","['panuta', 'gw', 'pensi', 'gara', 'lu', 'orang', 'butuh', 'uang', 'tolol']","['panuta', 'gw', 'pensi', 'gara', 'lu', 'orang', 'butuh', 'uang', 'tolol']",panuta gw pensi gara lu orang butuh uang tolol
Rayan Ganteng,5,2025-10-03 20:21:26,kasih diamond,kasih diamond,kasih diamond,"['kasih', 'diamond']","['kasih', 'diamond']","['kasih', 'diamond']",kasih diamond
Yubellina Putui,5,2025-10-03 18:30:48,terbaikk,terbaikk,terbaikk,['terbaikk'],['terbaikk'],['terbaikk'],terbaikk
Jernih Buulolo,5,2025-10-03 18:15:51,saya sangat puas,saya sangat puas,saya sangat puas,"['saya', 'sangat', 'puas']","['sangat', 'puas']","['sangat', 'puas']",sangat puas
Emi Emi,5,2025-10-03 18:14:56,ok,ok,ok,['ok'],[],[],
Ujang saghara,5,2025-10-03 18:10:19,seru cuy wajib download,seru cuy wajib download,seru cuy wajib download,"['seru', 'cuy', 'wajib', 'download']","['seru', 'cuy', 'wajib', 'download']","['seru', 'cuy', 'wajib', 'download']",seru cuy wajib download
Madi Mhd,5,2025-10-03 17:54:11,saya cinta free firee,saya cinta free firee,saya cinta free firee,"['saya', 'cinta', 'free', 'firee']","['cinta', 'free', 'firee']","['cinta', 'free', 'firee']",cinta free firee
Marlia lia,5,2025-10-03 17:39:16,game nya seru banget,game nya seru banget,game nya seru banget,"['game', 'nya', 'seru', 'banget']","['game', 'nya', 'seru', 'banget']","['game', 'nya', 'seru', 'banget']",game nya seru banget
Tomi Kurniawan,1,2025-10-03 17:30:49,balikin akun gw udh banyak gw top up balikin akunn gwww,balikin akun gw udh banyak gw top up balikin akunn gwww,balikin akun gw udh banyak gw top up balikin akunn gwww,"['balikin', 'akun', 'gw', 'udh', 'banyak', 'gw', 'top', 'up', 'balikin', 'akunn', 'gwww']","['balikin', 'akun', 'gw', 'udh', 'banyak', 'gw', 'top', 'up', 'balikin', 'akunn', 'gwww']","['balikin', 'akun', 'gw', 'udh', 'banyak', 'gw', 'top', 'up', 'balikin', 'akunn', 'gwww']",balikin akun gw udh banyak gw top up balikin akunn gwww
Rizky Mubarak,5,2025-10-03 17:23:55,tanpa basa basi keren dan madep lahh ff max,tanpa basa basi keren dan madep lahh ff max,tanpa basa basi keren dan madep lahh ff max,"['tanpa', 'basa', 'basi', 'keren', 'dan', 'madep', 'lahh', 'ff', 'max']","['basa', 'basi', 'keren', 'madep', 'lahh', 'ff', 'max']","['basa', 'basi', 'keren', 'madep', 'lahh', 'ff', 'max']",basa basi keren madep lahh ff max
hikdal upsia,5,2025-10-03 17:15:49,saya senang bermain game ini,saya senang bermain game ini,saya senang bermain game ini,"['saya', 'senang', 'bermain', 'game', 'ini']","['senang', 'bermain', 'game']","['senang', 'main', 'game']",senang main game
Angga Angga,2,2025-10-03 17:00:04,"tolong Garena kalau jaringan leg kredit score jangan di kurangi,kalo perlu tambahanin fitur pendeteksi jaringan leg sama afk di sengaja","tolong garena kalau jaringan leg kredit score jangan di kurangi,kalo perlu tambahanin fitur pendeteksi jaringan leg sama afk di sengaja",tolong garena kalau jaringan leg kredit score jangan di kurangikalo perlu tambahanin fitur pendeteksi jaringan leg sama afk di sengaja,"['tolong', 'garena', 'kalau', 'jaringan', 'leg', 'kredit', 'score', 'jangan', 'di', 'kurangikalo', 'perlu', 'tambahanin', 'fitur', 'pendeteksi', 'jaringan', 'leg', 'sama', 'afk', 'di', 'sengaja']","['garena', 'kalau', 'jaringan', 'leg', 'kredit', 'score', 'jangan', 'kurangikalo', 'perlu', 'tambahanin', 'fitur', 'pendeteksi', 'jaringan', 'leg', 'sama', 'afk', 'sengaja']","['garena', 'kalau', 'jaring', 'leg', 'kredit', 'score', 'jangan', 'kurangikalo', 'perlu', 'tambahanin', 'fitur', 'deteksi', 'jaring', 'leg', 'sama', 'afk', 'sengaja']",garena kalau jaring leg kredit score jangan kurangikalo perlu tambahanin fitur deteksi jaring leg sama afk sengaja
Niko Demus,5,2025-10-03 16:45:55,jangan BL akun gw,jangan bl akun gw,jangan bl akun gw,"['jangan', 'bl', 'akun', 'gw']","['jangan', 'bl', 'akun', 'gw']","['jangan', 'bl', 'akun', 'gw']",jangan bl akun gw
Nur Padilah,5,2025-10-03 16:42:58,Seru,seru,seru,['seru'],['seru'],['seru'],seru
dendi efendi,5,2025-10-03 16:37:46,semua akan indah pada waktunya,semua akan indah pada waktunya,semua akan indah pada waktunya,"['semua', 'akan', 'indah', 'pada', 'waktunya']","['semua', 'indah', 'waktunya']","['semua', 'indah', 'waktu']",semua indah waktu
Muhammad Nizam,1,2025-10-03 16:18:16,gw kena blacklist padahal gw ga make file/rege/mabar ama citer juga ga pernah. emng garena tolol knp ga sekalian di bend,gw kena blacklist padahal gw ga make file/rege/mabar ama citer juga ga pernah. emng garena tolol knp ga sekalian di bend,gw kena blacklist padahal gw ga make fileregemabar ama citer juga ga pernah emng garena tolol knp ga sekalian di bend,"['gw', 'kena', 'blacklist', 'padahal', 'gw', 'ga', 'make', 'fileregemabar', 'ama', 'citer', 'juga', 'ga', 'pernah', 'emng', 'garena', 'tolol', 'knp', 'ga', 'sekalian', 'di', 'bend']","['gw', 'kena', 'blacklist', 'padahal', 'gw', 'ga', 'make', 'fileregemabar', 'ama', 'citer', 'ga', 'pernah', 'emng', 'garena', 'tolol', 'knp', 'ga', 'sekalian', 'bend']","['gw', 'kena', 'blacklist', 'padahal', 'gw', 'ga', 'make', 'fileregemabar', 'ama', 'citer', 'ga', 'pernah', 'emng', 'garena', 'tolol', 'knp', 'ga', 'sekali', 'bend']",gw kena blacklist padahal gw ga make fileregemabar ama citer ga pernah emng garena tolol knp ga sekali bend
Luluk Muawanah,5,2025-10-03 16:14:19,oktober -o nya apa ooo ini udh pindah di blood strike awok awok awok,oktober -o nya apa ooo ini udh pindah di blood strike awok awok awok,oktober o nya apa ooo ini udh pindah di blood strike awok awok awok,"['oktober', 'o', 'nya', 'apa', 'ooo', 'ini', 'udh', 'pindah', 'di', 'blood', 'strike', 'awok', 'awok', 'awok']","['oktober', 'o', 'nya', 'apa', 'ooo', 'udh', 'pindah', 'blood', 'strike', 'awok', 'awok', 'awok']","['oktober', 'o', 'nya', 'apa', 'ooo', 'udh', 'pindah', 'blood', 'strike', 'awok', 'awok', 'awok']",oktober o nya apa ooo udh pindah blood strike awok awok awok
Kembar Kembar,1,2025-10-03 16:13:15,game burik,game burik,game burik,"['game', 'burik']","['game', 'burik']","['game', 'burik']",game burik
Muhammad Luthfi,4,2025-10-03 16:13:10,seru banget cok bagi SG 2 geratis ge mimin,seru banget cok bagi sg 2 geratis ge mimin,seru banget cok bagi sg geratis ge mimin,"['seru', 'banget', 'cok', 'bagi', 'sg', 'geratis', 'ge', 'mimin']","['seru', 'banget', 'cok', 'sg', 'geratis', 'ge', 'mimin']","['seru', 'banget', 'cok', 'sg', 'gerat', 'ge', 'mimin']",seru banget cok sg gerat ge mimin
Agas Hawu,5,2025-10-03 16:08:46,sangat bagus,sangat bagus,sangat bagus,"['sangat', 'bagus']","['sangat', 'bagus']","['sangat', 'bagus']",sangat bagus
vintxyy Skarall,1,2025-10-03 16:02:34,game burik banyak bug nya hadeh..,game burik banyak bug nya hadeh..,game burik banyak bug nya hadeh,"['game', 'burik', 'banyak', 'bug', 'nya', 'hadeh']","['game', 'burik', 'banyak', 'bug', 'nya', 'hadeh']","['game', 'burik', 'banyak', 'bug', 'nya', 'hadeh']",game burik banyak bug nya hadeh
Baim Putra,5,2025-10-03 15:47:42,minta daimon,minta daimon,minta daimon,"['minta', 'daimon']","['minta', 'daimon']","['minta', 'daimon']",minta daimon
Ahmad Juma,5,2025-10-03 15:35:16,hammas,hammas,hammas,['hammas'],['hammas'],['hammas'],hammas
Kang Cabul,5,2025-10-03 15:31:02,tolong kondisikan bnyk yg teleport,tolong kondisikan bnyk yg teleport,tolong kondisikan bnyk yg teleport,"['tolong', 'kondisikan', 'bnyk', 'yg', 'teleport']","['kondisikan', 'bnyk', 'yg', 'teleport']","['kondisi', 'bnyk', 'yg', 'teleport']",kondisi bnyk yg teleport
Kiki Kiki,5,2025-10-03 15:30:04,sangat mantap. tapi kalo bisa balikin yg bisa dapat DM yg dlu itu,sangat mantap. tapi kalo bisa balikin yg bisa dapat dm yg dlu itu,sangat mantap tapi kalo bisa balikin yg bisa dapat dm yg dlu itu,"['sangat', 'mantap', 'tapi', 'kalo', 'bisa', 'balikin', 'yg', 'bisa', 'dapat', 'dm', 'yg', 'dlu', 'itu']","['sangat', 'mantap', 'kalo', 'balikin', 'yg', 'dm', 'yg', 'dlu']","['sangat', 'mantap', 'kalo', 'balikin', 'yg', 'dm', 'yg', 'dlu']",sangat mantap kalo balikin yg dm yg dlu
Hamzah Gg,1,2025-10-03 15:27:10,umk,umk,umk,['umk'],['umk'],['umk'],umk
Danil Akbar96,1,2025-10-03 15:23:07,gak sesuai seperti kontrol penuhpedahal nggak kontrol penuh aim nggak nempel nembak nggak enak ff 8bin gini lah nggak enak banget saya kira saya aja yang mengalami gangguan sinyal sering patah maen nya gak tau nya yang lain juga sering ngebak juga nembak sering nggak kena pedahal depan mata musuh,gak sesuai seperti kontrol penuhpedahal nggak kontrol penuh aim nggak nempel nembak nggak enak ff 8bin gini lah nggak enak banget saya kira saya aja yang mengalami gangguan sinyal sering patah maen nya gak tau nya yang lain juga sering ngebak juga nembak sering nggak kena pedahal depan mata musuh,gak sesuai seperti kontrol penuhpedahal nggak kontrol penuh aim nggak nempel nembak nggak enak ff bin gini lah nggak enak banget saya kira saya aja yang mengalami gangguan sinyal sering patah maen nya gak tau nya yang lain juga sering ngebak juga nembak sering nggak kena pedahal depan mata musuh,"['gak', 'sesuai', 'seperti', 'kontrol', 'penuhpedahal', 'nggak', 'kontrol', 'penuh', 'aim', 'nggak', 'nempel', 'nembak', 'nggak', 'enak', 'ff', 'bin', 'gini', 'lah', 'nggak', 'enak', 'banget', 'saya', 'kira', 'saya', 'aja', 'yang', 'mengalami', 'gangguan', 'sinyal', 'sering', 'patah', 'maen', 'nya', 'gak', 'tau', 'nya', 'yang', 'lain', 'juga', 'sering', 'ngebak', 'juga', 'nembak', 'sering', 'nggak', 'kena', 'pedahal', 'depan', 'mata', 'musuh']","['gak', 'sesuai', 'kontrol', 'penuhpedahal', 'kontrol', 'penuh', 'aim', 'nempel', 'nembak', 'enak', 'ff', 'bin', 'gini', 'lah', 'enak', 'banget', 'kira', 'aja', 'mengalami', 'gangguan', 'sinyal', 'sering', 'patah', 'maen', 'nya', 'gak', 'tau', 'nya', 'sering', 'ngebak', 'nembak', 'sering', 'kena', 'pedahal', 'depan', 'mata', 'musuh']","['gak', 'sesuai', 'kontrol', 'penuhpedahal', 'kontrol', 'penuh', 'aim', 'nempel', 'nembak', 'enak', 'ff', 'bin', 'gin', 'lah', 'enak', 'banget', 'kira', 'aja', 'alami', 'ganggu', 'sinyal', 'sering', 'patah', 'maen', 'nya', 'gak', 'tau', 'nya', 'sering', 'ngebak', 'nembak', 'sering', 'kena', 'pedahal', 'depan', 'mata', 'musuh']",gak sesuai kontrol penuhpedahal kontrol penuh aim nempel nembak enak ff bin gin lah enak banget kira aja alami ganggu sinyal sering patah maen nya gak tau nya sering ngebak nembak sering kena pedahal depan mata musuh
fajar istriyatna,1,2025-10-03 15:22:32,ngelaxs .... kenapa nih min,ngelaxs .... kenapa nih min,ngelaxs kenapa nih min,"['ngelaxs', 'kenapa', 'nih', 'min']","['ngelaxs', 'nih', 'min']","['ngelaxs', 'nih', 'min']",ngelaxs nih min
Lina Waruwu,1,2025-10-03 15:21:33,makin lama free fire ini makin susah jaringa tolong lah garena diperbaiki,makin lama free fire ini makin susah jaringa tolong lah garena diperbaiki,makin lama free fire ini makin susah jaringa tolong lah garena diperbaiki,"['makin', 'lama', 'free', 'fire', 'ini', 'makin', 'susah', 'jaringa', 'tolong', 'lah', 'garena', 'diperbaiki']","['makin', 'lama', 'free', 'fire', 'makin', 'susah', 'jaringa', 'lah', 'garena', 'diperbaiki']","['makin', 'lama', 'free', 'fire', 'makin', 'susah', 'jaringa', 'lah', 'garena', 'baik']",makin lama free fire makin susah jaringa lah garena baik
Rizal Muke,1,2025-10-03 15:15:54,panutan ku gak bisa main ff lagi,panutan ku gak bisa main ff lagi,panutan ku gak bisa main ff lagi,"['panutan', 'ku', 'gak', 'bisa', 'main', 'ff', 'lagi']","['panutan', 'ku', 'gak', 'main', 'ff']","['panutan', 'ku', 'gak', 'main', 'ff']",panutan ku gak main ff
Shuraa21,5,2025-10-03 15:14:21,burik,burik,burik,['burik'],['burik'],['burik'],burik
akun Ml,5,2025-10-03 15:03:41,sudah makin berkembang,sudah makin berkembang,sudah makin berkembang,"['sudah', 'makin', 'berkembang']","['makin', 'berkembang']","['makin', 'kembang']",makin kembang
Arya Sakti,5,2025-10-03 15:03:19,gak ada ulasan,gak ada ulasan,gak ada ulasan,"['gak', 'ada', 'ulasan']","['gak', 'ulasan']","['gak', 'ulas']",gak ulas
Abib Biba,1,2025-10-03 15:00:49,gem ini udah rusak banget . ak main siyal 50 luting aja susah gem burik rusak,gem ini udah rusak banget . ak main siyal 50 luting aja susah gem burik rusak,gem ini udah rusak banget ak main siyal luting aja susah gem burik rusak,"['gem', 'ini', 'udah', 'rusak', 'banget', 'ak', 'main', 'siyal', 'luting', 'aja', 'susah', 'gem', 'burik', 'rusak']","['gem', 'udah', 'rusak', 'banget', 'ak', 'main', 'siyal', 'luting', 'aja', 'susah', 'gem', 'burik', 'rusak']","['gem', 'udah', 'rusak', 'banget', 'ak', 'main', 'siyal', 'luting', 'aja', 'susah', 'gem', 'burik', 'rusak']",gem udah rusak banget ak main siyal luting aja susah gem burik rusak
e,2,2025-10-03 14:59:45,"min ini ko gabisa masuk gamenya si, gatel ini tangan pen maen","min ini ko gabisa masuk gamenya si, gatel ini tangan pen maen",min ini ko gabisa masuk gamenya si gatel ini tangan pen maen,"['min', 'ini', 'ko', 'gabisa', 'masuk', 'gamenya', 'si', 'gatel', 'ini', 'tangan', 'pen', 'maen']","['min', 'ko', 'gabisa', 'masuk', 'gamenya', 'si', 'gatel', 'tangan', 'pen', 'maen']","['min', 'ko', 'gabisa', 'masuk', 'gamenya', 'si', 'gatel', 'tangan', 'pen', 'maen']",min ko gabisa masuk gamenya si gatel tangan pen maen
Reza Reza aditiya,4,2025-10-03 14:59:37,geme seru,geme seru,geme seru,"['geme', 'seru']","['geme', 'seru']","['geme', 'seru']",geme seru
akuniqbal 1818_,3,2025-10-03 14:58:07,Ga bisa di download,ga bisa di download,ga bisa di download,"['ga', 'bisa', 'di', 'download']","['ga', 'download']","['ga', 'download']",ga download
Persinas Asad,5,2025-10-03 14:49:42,keren,keren,keren,['keren'],['keren'],['keren'],keren
Calief Azka,5,2025-10-03 14:47:48,geme nya bagus bgt seru untuk dibuat main bareng meskipun agak nge leg sedikit tapi tetap bagus gravitasi nya semoga geme ini kedepan nya semakin bagus lagi🙏,geme nya bagus bgt seru untuk dibuat main bareng meskipun agak nge leg sedikit tapi tetap bagus gravitasi nya semoga geme ini kedepan nya semakin bagus lagi🙏,geme nya bagus bgt seru untuk dibuat main bareng meskipun agak nge leg sedikit tapi tetap bagus gravitasi nya semoga geme ini kedepan nya semakin bagus lagi,"['geme', 'nya', 'bagus', 'bgt', 'seru', 'untuk', 'dibuat', 'main', 'bareng', 'meskipun', 'agak', 'nge', 'leg', 'sedikit', 'tapi', 'tetap', 'bagus', 'gravitasi', 'nya', 'semoga', 'geme', 'ini', 'kedepan', 'nya', 'semakin', 'bagus', 'lagi']","['geme', 'nya', 'bagus', 'bgt', 'seru', 'dibuat', 'main', 'bareng', 'meskipun', 'nge', 'leg', 'sedikit', 'tetap', 'bagus', 'gravitasi', 'nya', 'semoga', 'geme', 'kedepan', 'nya', 'semakin', 'bagus']","['geme', 'nya', 'bagus', 'bgt', 'seru', 'buat', 'main', 'bareng', 'meski', 'nge', 'leg', 'sedikit', 'tetap', 'bagus', 'gravitasi', 'nya', 'moga', 'geme', 'depan', 'nya', 'makin', 'bagus']",geme nya bagus bgt seru buat main bareng meski nge leg sedikit tetap bagus gravitasi nya moga geme depan nya makin bagus
Berto Kadepa,5,2025-10-03 14:44:12,PANIAI BOSY,paniai bosy,paniai bosy,"['paniai', 'bosy']","['paniai', 'bosy']","['paniai', 'bosy']",paniai bosy
Iyainmas Iyainmas,5,2025-10-03 14:40:01,halo Garena kok skin senjata ku kok hilang semua padahal saya gak pakai cheat atau rege dan baju celana semua ilang dan dan SG trompet susah susah dapetin kok juga ilang,halo garena kok skin senjata ku kok hilang semua padahal saya gak pakai cheat atau rege dan baju celana semua ilang dan dan sg trompet susah susah dapetin kok juga ilang,halo garena kok skin senjata ku kok hilang semua padahal saya gak pakai cheat atau rege dan baju celana semua ilang dan dan sg trompet susah susah dapetin kok juga ilang,"['halo', 'garena', 'kok', 'skin', 'senjata', 'ku', 'kok', 'hilang', 'semua', 'padahal', 'saya', 'gak', 'pakai', 'cheat', 'atau', 'rege', 'dan', 'baju', 'celana', 'semua', 'ilang', 'dan', 'dan', 'sg', 'trompet', 'susah', 'susah', 'dapetin', 'kok', 'juga', 'ilang']","['halo', 'garena', 'kok', 'skin', 'senjata', 'ku', 'kok', 'hilang', 'semua', 'padahal', 'gak', 'pakai', 'cheat', 'rege', 'baju', 'celana', 'semua', 'ilang', 'sg', 'trompet', 'susah', 'susah', 'dapetin', 'kok', 'ilang']","['halo', 'garena', 'kok', 'skin', 'senjata', 'ku', 'kok', 'hilang', 'semua', 'padahal', 'gak', 'pakai', 'cheat', 'rege', 'baju', 'celana', 'semua', 'ilang', 'sg', 'trompet', 'susah', 'susah', 'dapetin', 'kok', 'ilang']",halo garena kok skin senjata ku kok hilang semua padahal gak pakai cheat rege baju celana semua ilang sg trompet susah susah dapetin kok ilang
FAJRI AJII2005,4,2025-10-03 14:36:17,lumayan saya suka,lumayan saya suka,lumayan saya suka,"['lumayan', 'saya', 'suka']","['lumayan', 'suka']","['lumayan', 'suka']",lumayan suka
aical fros gaming,1,2025-10-03 14:31:45,"game ga layak main kaya t41 game nya bs bs nya org nembak dlu baru gerak, bug nya kaya orang gila benerin lagi game lu garena miskin, bug masih banyak di benerin dlu miskin","game ga layak main kaya t41 game nya bs bs nya org nembak dlu baru gerak, bug nya kaya orang gila benerin lagi game lu garena miskin, bug masih banyak di benerin dlu miskin",game ga layak main kaya t game nya bs bs nya org nembak dlu baru gerak bug nya kaya orang gila benerin lagi game lu garena miskin bug masih banyak di benerin dlu miskin,"['game', 'ga', 'layak', 'main', 'kaya', 't', 'game', 'nya', 'bs', 'bs', 'nya', 'org', 'nembak', 'dlu', 'baru', 'gerak', 'bug', 'nya', 'kaya', 'orang', 'gila', 'benerin', 'lagi', 'game', 'lu', 'garena', 'miskin', 'bug', 'masih', 'banyak', 'di', 'benerin', 'dlu', 'miskin']","['game', 'ga', 'layak', 'main', 'kaya', 't', 'game', 'nya', 'bs', 'bs', 'nya', 'org', 'nembak', 'dlu', 'baru', 'gerak', 'bug', 'nya', 'kaya', 'orang', 'gila', 'benerin', 'game', 'lu', 'garena', 'miskin', 'bug', 'banyak', 'benerin', 'dlu', 'miskin']","['game', 'ga', 'layak', 'main', 'kaya', 't', 'game', 'nya', 'bs', 'bs', 'nya', 'org', 'nembak', 'dlu', 'baru', 'gerak', 'bug', 'nya', 'kaya', 'orang', 'gila', 'benerin', 'game', 'lu', 'garena', 'miskin', 'bug', 'banyak', 'benerin', 'dlu', 'miskin']",game ga layak main kaya t game nya bs bs nya org nembak dlu baru gerak bug nya kaya orang gila benerin game lu garena miskin bug banyak benerin dlu miskin
Has Yir,5,2025-10-03 14:29:38,main ya sangat enak debas sekali,main ya sangat enak debas sekali,main ya sangat enak debas sekali,"['main', 'ya', 'sangat', 'enak', 'debas', 'sekali']","['main', 'sangat', 'enak', 'debas', 'sekali']","['main', 'sangat', 'enak', 'debas', 'sekali']",main sangat enak debas sekali
afifah hanum,5,2025-10-03 14:29:20,Bagus,bagus,bagus,['bagus'],['bagus'],['bagus'],bagus
nazril pulungan,5,2025-10-03 14:28:49,seru banget dah ni game,seru banget dah ni game,seru banget dah ni game,"['seru', 'banget', 'dah', 'ni', 'game']","['seru', 'banget', 'dah', 'ni', 'game']","['seru', 'banget', 'dah', 'ni', 'game']",seru banget dah ni game
Komik Pik,4,2025-10-03 14:25:03,aku rasa ini game free fire bagus banget tapi masalahnya itu bandel bandel lamanya dikembalikan lagi itulah membuatkan rating 4 bintang saja Aku harap Garena boleh Jangan membuat bandel bandel yang yang lama jangan dikembalikan itulah masalahnya membuatkan free fire dibenci dan tidak mau didownload kuharap Garena bisa mengerti ya,aku rasa ini game free fire bagus banget tapi masalahnya itu bandel bandel lamanya dikembalikan lagi itulah membuatkan rating 4 bintang saja aku harap garena boleh jangan membuat bandel bandel yang yang lama jangan dikembalikan itulah masalahnya membuatkan free fire dibenci dan tidak mau didownload kuharap garena bisa mengerti ya,aku rasa ini game free fire bagus banget tapi masalahnya itu bandel bandel lamanya dikembalikan lagi itulah membuatkan rating bintang saja aku harap garena boleh jangan membuat bandel bandel yang yang lama jangan dikembalikan itulah masalahnya membuatkan free fire dibenci dan tidak mau didownload kuharap garena bisa mengerti ya,"['aku', 'rasa', 'ini', 'game', 'free', 'fire', 'bagus', 'banget', 'tapi', 'masalahnya', 'itu', 'bandel', 'bandel', 'lamanya', 'dikembalikan', 'lagi', 'itulah', 'membuatkan', 'rating', 'bintang', 'saja', 'aku', 'harap', 'garena', 'boleh', 'jangan', 'membuat', 'bandel', 'bandel', 'yang', 'yang', 'lama', 'jangan', 'dikembalikan', 'itulah', 'masalahnya', 'membuatkan', 'free', 'fire', 'dibenci', 'dan', 'tidak', 'mau', 'didownload', 'kuharap', 'garena', 'bisa', 'mengerti', 'ya']","['aku', 'rasa', 'game', 'free', 'fire', 'bagus', 'banget', 'masalahnya', 'bandel', 'bandel', 'lamanya', 'dikembalikan', 'membuatkan', 'rating', 'bintang', 'aku', 'harap', 'garena', 'jangan', 'membuat', 'bandel', 'bandel', 'lama', 'jangan', 'dikembalikan', 'masalahnya', 'membuatkan', 'free', 'fire', 'dibenci', 'mau', 'didownload', 'kuharap', 'garena', 'mengerti']","['aku', 'rasa', 'game', 'free', 'fire', 'bagus', 'banget', 'masalah', 'bandel', 'bandel', 'lama', 'kembali', 'buat', 'rating', 'bintang', 'aku', 'harap', 'garena', 'jangan', 'buat', 'bandel', 'bandel', 'lama', 'jangan', 'kembali', 'masalah', 'buat', 'free', 'fire', 'benci', 'mau', 'didownload', 'harap', 'garena', 'erti']",aku rasa game free fire bagus banget masalah bandel bandel lama kembali buat rating bintang aku harap garena jangan buat bandel bandel lama jangan kembali masalah buat free fire benci mau didownload harap garena erti
Ziefara Hansha hafizhah,1,2025-10-03 14:23:20,game burik njs. #epepburik #gamekikir,game burik njs. #epepburik #gamekikir,game burik njs epepburik gamekikir,"['game', 'burik', 'njs', 'epepburik', 'gamekikir']","['game', 'burik', 'njs', 'epepburik', 'gamekikir']","['game', 'burik', 'njs', 'epepburik', 'gamekikir']",game burik njs epepburik gamekikir
Redmi Tapin,5,2025-10-03 14:20:36,hahahaha......maaf,hahahaha......maaf,hahahahamaaf,['hahahahamaaf'],['hahahahamaaf'],['hahahahamaaf'],hahahahamaaf
Dewi Permatasari Dewi,5,2025-10-03 14:17:25,sangatt woww pokoknyaa gayss cumaa gituuu ngelegg nya mintaa ampun nih hidup burik💕,sangatt woww pokoknyaa gayss cumaa gituuu ngelegg nya mintaa ampun nih hidup burik💕,sangatt woww pokoknyaa gayss cumaa gituuu ngelegg nya mintaa ampun nih hidup burik,"['sangatt', 'woww', 'pokoknyaa', 'gayss', 'cumaa', 'gituuu', 'ngelegg', 'nya', 'mintaa', 'ampun', 'nih', 'hidup', 'burik']","['sangatt', 'woww', 'pokoknyaa', 'gayss', 'cumaa', 'gituuu', 'ngelegg', 'nya', 'mintaa', 'ampun', 'nih', 'hidup', 'burik']","['sangatt', 'woww', 'pokoknyaa', 'gayss', 'cumaa', 'gituuu', 'ngelegg', 'nya', 'mintaa', 'ampun', 'nih', 'hidup', 'burik']",sangatt woww pokoknyaa gayss cumaa gituuu ngelegg nya mintaa ampun nih hidup burik
Juanda Saputra,2,2025-10-03 14:11:19,tolong game nya di buat supaya gak kaku dan koneksi nya tolong jangan di buat buat,tolong game nya di buat supaya gak kaku dan koneksi nya tolong jangan di buat buat,tolong game nya di buat supaya gak kaku dan koneksi nya tolong jangan di buat buat,"['tolong', 'game', 'nya', 'di', 'buat', 'supaya', 'gak', 'kaku', 'dan', 'koneksi', 'nya', 'tolong', 'jangan', 'di', 'buat', 'buat']","['game', 'nya', 'buat', 'gak', 'kaku', 'koneksi', 'nya', 'jangan', 'buat', 'buat']","['game', 'nya', 'buat', 'gak', 'kaku', 'koneksi', 'nya', 'jangan', 'buat', 'buat']",game nya buat gak kaku koneksi nya jangan buat buat
Kylefingers,5,2025-10-03 14:10:54,gw dulu suka suka tapi lama lama hp juge jadi korban🗿gigit gigit gigit lagi pecah🗿tapi bgus ff adalah hati yg suka menyinari hidup ku,gw dulu suka suka tapi lama lama hp juge jadi korban🗿gigit gigit gigit lagi pecah🗿tapi bgus ff adalah hati yg suka menyinari hidup ku,gw dulu suka suka tapi lama lama hp juge jadi korbangigit gigit gigit lagi pecahtapi bgus ff adalah hati yg suka menyinari hidup ku,"['gw', 'dulu', 'suka', 'suka', 'tapi', 'lama', 'lama', 'hp', 'juge', 'jadi', 'korbangigit', 'gigit', 'gigit', 'lagi', 'pecahtapi', 'bgus', 'ff', 'adalah', 'hati', 'yg', 'suka', 'menyinari', 'hidup', 'ku']","['gw', 'dulu', 'suka', 'suka', 'lama', 'lama', 'hp', 'juge', 'jadi', 'korbangigit', 'gigit', 'gigit', 'pecahtapi', 'bgus', 'ff', 'hati', 'yg', 'suka', 'menyinari', 'hidup', 'ku']","['gw', 'dulu', 'suka', 'suka', 'lama', 'lama', 'hp', 'juge', 'jadi', 'korbangigit', 'gigit', 'gigit', 'pecahtapi', 'bgus', 'ff', 'hati', 'yg', 'suka', 'sari', 'hidup', 'ku']",gw dulu suka suka lama lama hp juge jadi korbangigit gigit gigit pecahtapi bgus ff hati yg suka sari hidup ku
Muhammad Rafi,5,2025-10-03 14:02:04,seru,seru,seru,['seru'],['seru'],['seru'],seru
Rany Safitry,3,2025-10-03 14:00:18,masalah jaringan tolong di fix ya,masalah jaringan tolong di fix ya,masalah jaringan tolong di fix ya,"['masalah', 'jaringan', 'tolong', 'di', 'fix', 'ya']","['masalah', 'jaringan', 'fix']","['masalah', 'jaring', 'fix']",masalah jaring fix
Sanuya Ini akun ep ep,5,2025-10-03 13:57:34,bagus banget game epep ini,bagus banget game epep ini,bagus banget game epep ini,"['bagus', 'banget', 'game', 'epep', 'ini']","['bagus', 'banget', 'game', 'epep']","['bagus', 'banget', 'game', 'epep']",bagus banget game epep
Jowandosky Manalu,5,2025-10-03 13:55:08,bagus sih tapi englag tolong diperbaiki ya min gara gara itu aku jadi makin malas main ff sekali lagi tolong diperbaiki ya min. jadi lebih sering main ROBLOX deh min . TERIMA KASIH 😘😘😘,bagus sih tapi englag tolong diperbaiki ya min gara gara itu aku jadi makin malas main ff sekali lagi tolong diperbaiki ya min. jadi lebih sering main roblox deh min . terima kasih 😘😘😘,bagus sih tapi englag tolong diperbaiki ya min gara gara itu aku jadi makin malas main ff sekali lagi tolong diperbaiki ya min jadi lebih sering main roblox deh min terima kasih,"['bagus', 'sih', 'tapi', 'englag', 'tolong', 'diperbaiki', 'ya', 'min', 'gara', 'gara', 'itu', 'aku', 'jadi', 'makin', 'malas', 'main', 'ff', 'sekali', 'lagi', 'tolong', 'diperbaiki', 'ya', 'min', 'jadi', 'lebih', 'sering', 'main', 'roblox', 'deh', 'min', 'terima', 'kasih']","['bagus', 'sih', 'englag', 'diperbaiki', 'min', 'gara', 'gara', 'aku', 'jadi', 'makin', 'malas', 'main', 'ff', 'sekali', 'diperbaiki', 'min', 'jadi', 'lebih', 'sering', 'main', 'roblox', 'deh', 'min', 'terima', 'kasih']","['bagus', 'sih', 'englag', 'baik', 'min', 'gara', 'gara', 'aku', 'jadi', 'makin', 'malas', 'main', 'ff', 'sekali', 'baik', 'min', 'jadi', 'lebih', 'sering', 'main', 'roblox', 'deh', 'min', 'terima', 'kasih']",bagus sih englag baik min gara gara aku jadi makin malas main ff sekali baik min jadi lebih sering main roblox deh min terima kasih
ASA HANET,5,2025-10-03 13:52:27,wekk,wekk,wekk,['wekk'],['wekk'],['wekk'],wekk
Ahmad Hadi,5,2025-10-03 13:51:14,min kembalikan g Budi 01 gaming cuman perkara main blok strik Ampe v bet bg Budi di ilangin kembalikan bg Budi dia main bloks straik buat nyari napkah kan banyak game mah Ampe gaboleh,min kembalikan g budi 01 gaming cuman perkara main blok strik ampe v bet bg budi di ilangin kembalikan bg budi dia main bloks straik buat nyari napkah kan banyak game mah ampe gaboleh,min kembalikan g budi gaming cuman perkara main blok strik ampe v bet bg budi di ilangin kembalikan bg budi dia main bloks straik buat nyari napkah kan banyak game mah ampe gaboleh,"['min', 'kembalikan', 'g', 'budi', 'gaming', 'cuman', 'perkara', 'main', 'blok', 'strik', 'ampe', 'v', 'bet', 'bg', 'budi', 'di', 'ilangin', 'kembalikan', 'bg', 'budi', 'dia', 'main', 'bloks', 'straik', 'buat', 'nyari', 'napkah', 'kan', 'banyak', 'game', 'mah', 'ampe', 'gaboleh']","['min', 'kembalikan', 'g', 'budi', 'gaming', 'cuman', 'perkara', 'main', 'blok', 'strik', 'ampe', 'v', 'bet', 'bg', 'budi', 'ilangin', 'kembalikan', 'bg', 'budi', 'main', 'bloks', 'straik', 'buat', 'nyari', 'napkah', 'kan', 'banyak', 'game', 'mah', 'ampe', 'gaboleh']","['min', 'kembali', 'g', 'budi', 'gaming', 'cuman', 'perkara', 'main', 'blok', 'strik', 'ampe', 'v', 'bet', 'bg', 'budi', 'ilangin', 'kembali', 'bg', 'budi', 'main', 'bloks', 'straik', 'buat', 'nyari', 'napkah', 'kan', 'banyak', 'game', 'mah', 'ampe', 'gaboleh']",min kembali g budi gaming cuman perkara main blok strik ampe v bet bg budi ilangin kembali bg budi main bloks straik buat nyari napkah kan banyak game mah ampe gaboleh
Jesy Jesyka,5,2025-10-03 13:46:26,mksh bnyak sy sdh mendapatkan 5bintang,mksh bnyak sy sdh mendapatkan 5bintang,mksh bnyak sy sdh mendapatkan bintang,"['mksh', 'bnyak', 'sy', 'sdh', 'mendapatkan', 'bintang']","['mksh', 'bnyak', 'sy', 'sdh', 'mendapatkan', 'bintang']","['mksh', 'bnyak', 'sy', 'sdh', 'dapat', 'bintang']",mksh bnyak sy sdh dapat bintang
Asep Zohan,2,2025-10-03 13:46:08,kebanyakan bug,kebanyakan bug,kebanyakan bug,"['kebanyakan', 'bug']","['kebanyakan', 'bug']","['banyak', 'bug']",banyak bug
444 gzz,1,2025-10-03 13:43:01,ini knp garena? aku login jaringan lancar tpi kaga bisa masuk ajg,ini knp garena? aku login jaringan lancar tpi kaga bisa masuk ajg,ini knp garena aku login jaringan lancar tpi kaga bisa masuk ajg,"['ini', 'knp', 'garena', 'aku', 'login', 'jaringan', 'lancar', 'tpi', 'kaga', 'bisa', 'masuk', 'ajg']","['knp', 'garena', 'aku', 'login', 'jaringan', 'lancar', 'tpi', 'kaga', 'masuk', 'ajg']","['knp', 'garena', 'aku', 'login', 'jaring', 'lancar', 'tpi', 'kaga', 'masuk', 'ajg']",knp garena aku login jaring lancar tpi kaga masuk ajg
Muhammad Akmal,5,2025-10-03 13:42:27,game ini sangat seru sekali tapi mohon Garena kembalikan emote push up dah peak old dan untuk update juga lumayan tapi kurang nya dari free fire banyak sekali orang yang menggunakan cheat atau panel saat saya bermain cs rangked atau br rangked menggapa yang pake cheat/panel tidak di ban asal kan kita kalau iam nya nempel ke kepala langsung di reapot atau ban mohon lah Garena,game ini sangat seru sekali tapi mohon garena kembalikan emote push up dah peak old dan untuk update juga lumayan tapi kurang nya dari free fire banyak sekali orang yang menggunakan cheat atau panel saat saya bermain cs rangked atau br rangked menggapa yang pake cheat/panel tidak di ban asal kan kita kalau iam nya nempel ke kepala langsung di reapot atau ban mohon lah garena,game ini sangat seru sekali tapi mohon garena kembalikan emote push up dah peak old dan untuk update juga lumayan tapi kurang nya dari free fire banyak sekali orang yang menggunakan cheat atau panel saat saya bermain cs rangked atau br rangked menggapa yang pake cheatpanel tidak di ban asal kan kita kalau iam nya nempel ke kepala langsung di reapot atau ban mohon lah garena,"['game', 'ini', 'sangat', 'seru', 'sekali', 'tapi', 'mohon', 'garena', 'kembalikan', 'emote', 'push', 'up', 'dah', 'peak', 'old', 'dan', 'untuk', 'update', 'juga', 'lumayan', 'tapi', 'kurang', 'nya', 'dari', 'free', 'fire', 'banyak', 'sekali', 'orang', 'yang', 'menggunakan', 'cheat', 'atau', 'panel', 'saat', 'saya', 'bermain', 'cs', 'rangked', 'atau', 'br', 'rangked', 'menggapa', 'yang', 'pake', 'cheatpanel', 'tidak', 'di', 'ban', 'asal', 'kan', 'kita', 'kalau', 'iam', 'nya', 'nempel', 'ke', 'kepala', 'langsung', 'di', 'reapot', 'atau', 'ban', 'mohon', 'lah', 'garena']","['game', 'sangat', 'seru', 'sekali', 'mohon', 'garena', 'kembalikan', 'emote', 'push', 'up', 'dah', 'peak', 'old', 'update', 'lumayan', 'kurang', 'nya', 'free', 'fire', 'banyak', 'sekali', 'orang', 'menggunakan', 'cheat', 'panel', 'bermain', 'cs', 'rangked', 'br', 'rangked', 'menggapa', 'pake', 'cheatpanel', 'ban', 'asal', 'kan', 'kalau', 'iam', 'nya', 'nempel', 'kepala', 'langsung', 'reapot', 'ban', 'mohon', 'lah', 'garena']","['game', 'sangat', 'seru', 'sekali', 'mohon', 'garena', 'kembali', 'emote', 'push', 'up', 'dah', 'peak', 'old', 'update', 'lumayan', 'kurang', 'nya', 'free', 'fire', 'banyak', 'sekali', 'orang', 'guna', 'cheat', 'panel', 'main', 'cs', 'rangked', 'br', 'rangked', 'menggapa', 'pake', 'cheatpanel', 'ban', 'asal', 'kan', 'kalau', 'iam', 'nya', 'nempel', 'kepala', 'langsung', 'reapot', 'ban', 'mohon', 'lah', 'garena']",game sangat seru sekali mohon garena kembali emote push up dah peak old update lumayan kurang nya free fire banyak sekali orang guna cheat panel main cs rangked br rangked menggapa pake cheatpanel ban asal kan kalau iam nya nempel kepala langsung reapot ban mohon lah garena
dika triyadi,1,2025-10-03 13:42:21,Bu,bu,bu,['bu'],['bu'],['bu'],bu
Gilang Arfandi,1,2025-10-03 13:37:49,tolong lah bug damage yh dinperhatiakan terus knp selalu dapat tim yg ngk bisa main kalah terus capek,tolong lah bug damage yh dinperhatiakan terus knp selalu dapat tim yg ngk bisa main kalah terus capek,tolong lah bug damage yh dinperhatiakan terus knp selalu dapat tim yg ngk bisa main kalah terus capek,"['tolong', 'lah', 'bug', 'damage', 'yh', 'dinperhatiakan', 'terus', 'knp', 'selalu', 'dapat', 'tim', 'yg', 'ngk', 'bisa', 'main', 'kalah', 'terus', 'capek']","['lah', 'bug', 'damage', 'yh', 'dinperhatiakan', 'terus', 'knp', 'selalu', 'tim', 'yg', 'ngk', 'main', 'kalah', 'terus', 'capek']","['lah', 'bug', 'damage', 'yh', 'dinperhatiakan', 'terus', 'knp', 'selalu', 'tim', 'yg', 'ngk', 'main', 'kalah', 'terus', 'capek']",lah bug damage yh dinperhatiakan terus knp selalu tim yg ngk main kalah terus capek
Sifa Sifa,5,2025-10-03 13:27:26,game ini sangat seruu,game ini sangat seruu,game ini sangat seruu,"['game', 'ini', 'sangat', 'seruu']","['game', 'sangat', 'seruu']","['game', 'sangat', 'seruu']",game sangat seruu
Muh nouf Al mahdi,5,2025-10-03 13:26:31,suka suka aja seru,suka suka aja seru,suka suka aja seru,"['suka', 'suka', 'aja', 'seru']","['suka', 'suka', 'aja', 'seru']","['suka', 'suka', 'aja', 'seru']",suka suka aja seru
Aqila Tama,5,2025-10-03 13:23:51,Saya berterima kasih kepada Garena karena game free fire ini bagus bisa ngereng sampai green master aku sekarang Rengnya green master 5kali Dan heroik 26kali seru banget Yo Garena kolep dengan hantu hantu,saya berterima kasih kepada garena karena game free fire ini bagus bisa ngereng sampai green master aku sekarang rengnya green master 5kali dan heroik 26kali seru banget yo garena kolep dengan hantu hantu,saya berterima kasih kepada garena karena game free fire ini bagus bisa ngereng sampai green master aku sekarang rengnya green master kali dan heroik kali seru banget yo garena kolep dengan hantu hantu,"['saya', 'berterima', 'kasih', 'kepada', 'garena', 'karena', 'game', 'free', 'fire', 'ini', 'bagus', 'bisa', 'ngereng', 'sampai', 'green', 'master', 'aku', 'sekarang', 'rengnya', 'green', 'master', 'kali', 'dan', 'heroik', 'kali', 'seru', 'banget', 'yo', 'garena', 'kolep', 'dengan', 'hantu', 'hantu']","['berterima', 'kasih', 'garena', 'game', 'free', 'fire', 'bagus', 'ngereng', 'green', 'master', 'aku', 'sekarang', 'rengnya', 'green', 'master', 'kali', 'heroik', 'kali', 'seru', 'banget', 'yo', 'garena', 'kolep', 'hantu', 'hantu']","['terima', 'kasih', 'garena', 'game', 'free', 'fire', 'bagus', 'ngereng', 'green', 'master', 'aku', 'sekarang', 'reng', 'green', 'master', 'kali', 'heroik', 'kali', 'seru', 'banget', 'yo', 'garena', 'kolep', 'hantu', 'hantu']",terima kasih garena game free fire bagus ngereng green master aku sekarang reng green master kali heroik kali seru banget yo garena kolep hantu hantu
Tarwiyah TARLIM,1,2025-10-03 13:20:36,game rusak,game rusak,game rusak,"['game', 'rusak']","['game', 'rusak']","['game', 'rusak']",game rusak
Aldo Aldo,5,2025-10-03 13:20:12,aku ketagihan,aku ketagihan,aku ketagihan,"['aku', 'ketagihan']","['aku', 'ketagihan']","['aku', 'tagih']",aku tagih
Eza Pratama,2,2025-10-03 13:18:41,game ini sangat jelek gua kalah mulu memang GARENA anj,game ini sangat jelek gua kalah mulu memang garena anj,game ini sangat jelek gua kalah mulu memang garena anj,"['game', 'ini', 'sangat', 'jelek', 'gua', 'kalah', 'mulu', 'memang', 'garena', 'anj']","['game', 'sangat', 'jelek', 'gua', 'kalah', 'mulu', 'memang', 'garena', 'anj']","['game', 'sangat', 'jelek', 'gua', 'kalah', 'mulu', 'memang', 'garena', 'anj']",game sangat jelek gua kalah mulu memang garena anj
Rapka Suryandi,3,2025-10-03 13:18:21,game ini enakan cuma sinyal nya aja yg kurang bagus padahal sinyal gua udah bgs tapi kok ngelag gua kah bintang 🌟🌟🌟 3 aja grafik sinyalnya benerin aja gua kasih bintang lima,game ini enakan cuma sinyal nya aja yg kurang bagus padahal sinyal gua udah bgs tapi kok ngelag gua kah bintang 🌟🌟🌟 3 aja grafik sinyalnya benerin aja gua kasih bintang lima,game ini enakan cuma sinyal nya aja yg kurang bagus padahal sinyal gua udah bgs tapi kok ngelag gua kah bintang aja grafik sinyalnya benerin aja gua kasih bintang lima,"['game', 'ini', 'enakan', 'cuma', 'sinyal', 'nya', 'aja', 'yg', 'kurang', 'bagus', 'padahal', 'sinyal', 'gua', 'udah', 'bgs', 'tapi', 'kok', 'ngelag', 'gua', 'kah', 'bintang', 'aja', 'grafik', 'sinyalnya', 'benerin', 'aja', 'gua', 'kasih', 'bintang', 'lima']","['game', 'enakan', 'cuma', 'sinyal', 'nya', 'aja', 'yg', 'kurang', 'bagus', 'padahal', 'sinyal', 'gua', 'udah', 'bgs', 'kok', 'ngelag', 'gua', 'bintang', 'aja', 'grafik', 'sinyalnya', 'benerin', 'aja', 'gua', 'kasih', 'bintang', 'lima']","['game', 'enak', 'cuma', 'sinyal', 'nya', 'aja', 'yg', 'kurang', 'bagus', 'padahal', 'sinyal', 'gua', 'udah', 'bgs', 'kok', 'ngelag', 'gua', 'bintang', 'aja', 'grafik', 'sinyal', 'benerin', 'aja', 'gua', 'kasih', 'bintang', 'lima']",game enak cuma sinyal nya aja yg kurang bagus padahal sinyal gua udah bgs kok ngelag gua bintang aja grafik sinyal benerin aja gua kasih bintang lima
Dede Xyyz,5,2025-10-03 13:18:16,sangat bagus sekali,sangat bagus sekali,sangat bagus sekali,"['sangat', 'bagus', 'sekali']","['sangat', 'bagus', 'sekali']","['sangat', 'bagus', 'sekali']",sangat bagus sekali
Leny Manies,5,2025-10-03 13:16:45,seru dan menyenangkan tapi mau evo shotgun😕,seru dan menyenangkan tapi mau evo shotgun😕,seru dan menyenangkan tapi mau evo shotgun,"['seru', 'dan', 'menyenangkan', 'tapi', 'mau', 'evo', 'shotgun']","['seru', 'menyenangkan', 'mau', 'evo', 'shotgun']","['seru', 'senang', 'mau', 'evo', 'shotgun']",seru senang mau evo shotgun
ari pua,5,2025-10-03 13:14:17,game yng sangat kerennn!!!,game yng sangat kerennn!!!,game yng sangat kerennn,"['game', 'yng', 'sangat', 'kerennn']","['game', 'yng', 'sangat', 'kerennn']","['game', 'yng', 'sangat', 'kerennn']",game yng sangat kerennn
Nurul Huda,5,2025-10-03 13:13:01,FreeFiremAXxN,freefiremaxxn,freefiremaxxn,['freefiremaxxn'],['freefiremaxxn'],['freefiremaxxn'],freefiremaxxn
Jonathan Tandilangi,1,2025-10-03 13:10:13,gamenya banyak bug,gamenya banyak bug,gamenya banyak bug,"['gamenya', 'banyak', 'bug']","['gamenya', 'banyak', 'bug']","['gamenya', 'banyak', 'bug']",gamenya banyak bug
Nur Calia354,3,2025-10-03 13:07:24,Hay kerator kalau bisa tingkatkan jaringannya biar dapat kil terus,hay kerator kalau bisa tingkatkan jaringannya biar dapat kil terus,hay kerator kalau bisa tingkatkan jaringannya biar dapat kil terus,"['hay', 'kerator', 'kalau', 'bisa', 'tingkatkan', 'jaringannya', 'biar', 'dapat', 'kil', 'terus']","['hay', 'kerator', 'kalau', 'tingkatkan', 'jaringannya', 'biar', 'kil', 'terus']","['hay', 'kerator', 'kalau', 'tingkat', 'jaring', 'biar', 'kil', 'terus']",hay kerator kalau tingkat jaring biar kil terus
Farel_bungas,1,2025-10-03 13:07:14,"apasih epep kek kntl skrg, gbisa login padahal sinyal bagus bego","apasih epep kek kntl skrg, gbisa login padahal sinyal bagus bego",apasih epep kek kntl skrg gbisa login padahal sinyal bagus bego,"['apasih', 'epep', 'kek', 'kntl', 'skrg', 'gbisa', 'login', 'padahal', 'sinyal', 'bagus', 'bego']","['apasih', 'epep', 'kek', 'kntl', 'skrg', 'gbisa', 'login', 'padahal', 'sinyal', 'bagus', 'bego']","['apasih', 'epep', 'kek', 'kntl', 'skrg', 'gbisa', 'login', 'padahal', 'sinyal', 'bagus', 'bego']",apasih epep kek kntl skrg gbisa login padahal sinyal bagus bego
Syawal,5,2025-10-03 13:03:16,permainan yang seru tanpa batas aku memberi game berikut 5 bintang!!!!,permainan yang seru tanpa batas aku memberi game berikut 5 bintang!!!!,permainan yang seru tanpa batas aku memberi game berikut bintang,"['permainan', 'yang', 'seru', 'tanpa', 'batas', 'aku', 'memberi', 'game', 'berikut', 'bintang']","['permainan', 'seru', 'batas', 'aku', 'memberi', 'game', 'berikut', 'bintang']","['main', 'seru', 'batas', 'aku', 'beri', 'game', 'ikut', 'bintang']",main seru batas aku beri game ikut bintang
Ervin,5,2025-10-03 12:59:51,yulik,yulik,yulik,['yulik'],['yulik'],['yulik'],yulik
Satria Agus,5,2025-10-03 12:54:52,ngelak dan patah patah coek,ngelak dan patah patah coek,ngelak dan patah patah coek,"['ngelak', 'dan', 'patah', 'patah', 'coek']","['ngelak', 'patah', 'patah', 'coek']","['ngelak', 'patah', 'patah', 'coek']",ngelak patah patah coek
Nizam Tayo,5,2025-10-03 12:52:16,game nya enak banget seruuuu,game nya enak banget seruuuu,game nya enak banget seruuuu,"['game', 'nya', 'enak', 'banget', 'seruuuu']","['game', 'nya', 'enak', 'banget', 'seruuuu']","['game', 'nya', 'enak', 'banget', 'seruuuu']",game nya enak banget seruuuu
Cahya Cahya,1,2025-10-03 12:52:09,saya kasih ratting bintang satu karna garena nge bl akun bg budi 01 gaming,saya kasih ratting bintang satu karna garena nge bl akun bg budi 01 gaming,saya kasih ratting bintang satu karna garena nge bl akun bg budi gaming,"['saya', 'kasih', 'ratting', 'bintang', 'satu', 'karna', 'garena', 'nge', 'bl', 'akun', 'bg', 'budi', 'gaming']","['kasih', 'ratting', 'bintang', 'satu', 'karna', 'garena', 'nge', 'bl', 'akun', 'bg', 'budi', 'gaming']","['kasih', 'ratting', 'bintang', 'satu', 'karna', 'garena', 'nge', 'bl', 'akun', 'bg', 'budi', 'gaming']",kasih ratting bintang satu karna garena nge bl akun bg budi gaming
Fadil ENdro,5,2025-10-03 12:49:52,game nya bikin ketagihan kalo pake ap king,game nya bikin ketagihan kalo pake ap king,game nya bikin ketagihan kalo pake ap king,"['game', 'nya', 'bikin', 'ketagihan', 'kalo', 'pake', 'ap', 'king']","['game', 'nya', 'bikin', 'ketagihan', 'kalo', 'pake', 'ap', 'king']","['game', 'nya', 'bikin', 'tagih', 'kalo', 'pake', 'ap', 'king']",game nya bikin tagih kalo pake ap king
Bara Bere,5,2025-10-03 12:43:43,ff di hati🥰,ff di hati🥰,ff di hati,"['ff', 'di', 'hati']","['ff', 'hati']","['ff', 'hati']",ff hati
Jano Jano babi,1,2025-10-03 12:43:27,Game busuk,game busuk,game busuk,"['game', 'busuk']","['game', 'busuk']","['game', 'busuk']",game busuk
Mur Niah,4,2025-10-03 12:41:59,sangat enak di mainin,sangat enak di mainin,sangat enak di mainin,"['sangat', 'enak', 'di', 'mainin']","['sangat', 'enak', 'mainin']","['sangat', 'enak', 'mainin']",sangat enak mainin
Alpa Alpa,5,2025-10-03 12:39:29,"developer tolong benerin bug damage, meresahkan padahal 1 vs 1 tapi malah bug damage kayak udah kena headshot tapi hp nya masih banyak tolong benerin dong","developer tolong benerin bug damage, meresahkan padahal 1 vs 1 tapi malah bug damage kayak udah kena headshot tapi hp nya masih banyak tolong benerin dong",developer tolong benerin bug damage meresahkan padahal vs tapi malah bug damage kayak udah kena headshot tapi hp nya masih banyak tolong benerin dong,"['developer', 'tolong', 'benerin', 'bug', 'damage', 'meresahkan', 'padahal', 'vs', 'tapi', 'malah', 'bug', 'damage', 'kayak', 'udah', 'kena', 'headshot', 'tapi', 'hp', 'nya', 'masih', 'banyak', 'tolong', 'benerin', 'dong']","['developer', 'benerin', 'bug', 'damage', 'meresahkan', 'padahal', 'vs', 'malah', 'bug', 'damage', 'kayak', 'udah', 'kena', 'headshot', 'hp', 'nya', 'banyak', 'benerin', 'dong']","['developer', 'benerin', 'bug', 'damage', 'resah', 'padahal', 'vs', 'malah', 'bug', 'damage', 'kayak', 'udah', 'kena', 'headshot', 'hp', 'nya', 'banyak', 'benerin', 'dong']",developer benerin bug damage resah padahal vs malah bug damage kayak udah kena headshot hp nya banyak benerin dong
Dedew,2,2025-10-03 12:39:25,tolong dong jangan cuma mikirin keuntungan saja. pikirin juga kenyamanan para pemain bug sinyal bug demig benar-benar bikin mood anjlok. jadinya malas buat main ni games,tolong dong jangan cuma mikirin keuntungan saja. pikirin juga kenyamanan para pemain bug sinyal bug demig benar-benar bikin mood anjlok. jadinya malas buat main ni games,tolong dong jangan cuma mikirin keuntungan saja pikirin juga kenyamanan para pemain bug sinyal bug demig benarbenar bikin mood anjlok jadinya malas buat main ni games,"['tolong', 'dong', 'jangan', 'cuma', 'mikirin', 'keuntungan', 'saja', 'pikirin', 'juga', 'kenyamanan', 'para', 'pemain', 'bug', 'sinyal', 'bug', 'demig', 'benarbenar', 'bikin', 'mood', 'anjlok', 'jadinya', 'malas', 'buat', 'main', 'ni', 'games']","['dong', 'jangan', 'cuma', 'mikirin', 'keuntungan', 'pikirin', 'kenyamanan', 'pemain', 'bug', 'sinyal', 'bug', 'demig', 'benarbenar', 'bikin', 'mood', 'anjlok', 'jadinya', 'malas', 'buat', 'main', 'ni', 'games']","['dong', 'jangan', 'cuma', 'mikirin', 'untung', 'pikirin', 'nyaman', 'main', 'bug', 'sinyal', 'bug', 'demig', 'benarbenar', 'bikin', 'mood', 'anjlok', 'jadi', 'malas', 'buat', 'main', 'ni', 'games']",dong jangan cuma mikirin untung pikirin nyaman main bug sinyal bug demig benarbenar bikin mood anjlok jadi malas buat main ni games
Aulia Saputra,5,2025-10-03 12:37:02,gem yang saya suka,gem yang saya suka,gem yang saya suka,"['gem', 'yang', 'saya', 'suka']","['gem', 'suka']","['gem', 'suka']",gem suka
Hafid Putra1,5,2025-10-03 12:32:08,game nya burik bikin sakit mata mending main roblok,game nya burik bikin sakit mata mending main roblok,game nya burik bikin sakit mata mending main roblok,"['game', 'nya', 'burik', 'bikin', 'sakit', 'mata', 'mending', 'main', 'roblok']","['game', 'nya', 'burik', 'bikin', 'sakit', 'mata', 'mending', 'main', 'roblok']","['game', 'nya', 'burik', 'bikin', 'sakit', 'mata', 'mending', 'main', 'roblok']",game nya burik bikin sakit mata mending main roblok
564_I Gusti Ngurah Agung Yudistira,5,2025-10-03 12:31:00,Garena Besok update ya di tanggal 4 oktober tahun 2025,garena besok update ya di tanggal 4 oktober tahun 2025,garena besok update ya di tanggal oktober tahun,"['garena', 'besok', 'update', 'ya', 'di', 'tanggal', 'oktober', 'tahun']","['garena', 'besok', 'update', 'tanggal', 'oktober', 'tahun']","['garena', 'besok', 'update', 'tanggal', 'oktober', 'tahun']",garena besok update tanggal oktober tahun
Hijam Prit,1,2025-10-03 12:22:23,bagus,bagus,bagus,['bagus'],['bagus'],['bagus'],bagus
Prime Kanjiro,5,2025-10-03 12:21:54,bagus game nya,bagus game nya,bagus game nya,"['bagus', 'game', 'nya']","['bagus', 'game', 'nya']","['bagus', 'game', 'nya']",bagus game nya
Suroso Hadi,1,2025-10-03 12:21:12,dapat merusak memori,dapat merusak memori,dapat merusak memori,"['dapat', 'merusak', 'memori']","['merusak', 'memori']","['rusak', 'memori']",rusak memori
Rendy Rusly,5,2025-10-03 12:14:45,Dendi Liu 🙏🪂,dendi liu 🙏🪂,dendi liu,"['dendi', 'liu']","['dendi', 'liu']","['dendi', 'liu']",dendi liu
Jannah Jannah,5,2025-10-03 12:12:50,game inih seruh sekali,game inih seruh sekali,game inih seruh sekali,"['game', 'inih', 'seruh', 'sekali']","['game', 'inih', 'seruh', 'sekali']","['game', 'inih', 'seruh', 'sekali']",game inih seruh sekali
Zar Aja,2,2025-10-03 12:08:52,"perbaiki bug nya min,di cs sering tiba"" gabisa gerak","perbaiki bug nya min,di cs sering tiba"" gabisa gerak",perbaiki bug nya mindi cs sering tiba gabisa gerak,"['perbaiki', 'bug', 'nya', 'mindi', 'cs', 'sering', 'tiba', 'gabisa', 'gerak']","['perbaiki', 'bug', 'nya', 'mindi', 'cs', 'sering', 'tiba', 'gabisa', 'gerak']","['baik', 'bug', 'nya', 'mindi', 'cs', 'sering', 'tiba', 'gabisa', 'gerak']",baik bug nya mindi cs sering tiba gabisa gerak
Arika Aurelya,1,2025-10-03 12:07:29,game nya semakin update semakin banyak event yang ga ngotak,game nya semakin update semakin banyak event yang ga ngotak,game nya semakin update semakin banyak event yang ga ngotak,"['game', 'nya', 'semakin', 'update', 'semakin', 'banyak', 'event', 'yang', 'ga', 'ngotak']","['game', 'nya', 'semakin', 'update', 'semakin', 'banyak', 'event', 'ga', 'ngotak']","['game', 'nya', 'makin', 'update', 'makin', 'banyak', 'event', 'ga', 'ngotak']",game nya makin update makin banyak event ga ngotak
zaenal arifin,3,2025-10-03 12:01:53,tingkatkan lagi,tingkatkan lagi,tingkatkan lagi,"['tingkatkan', 'lagi']",['tingkatkan'],['tingkat'],tingkat
DRAZ zsx,5,2025-10-03 12:01:47,seru,seru,seru,['seru'],['seru'],['seru'],seru
Kippli,4,2025-10-03 11:51:56,MANTAP MIN WALAUPUNGAME GAK ADA PINTU😹🗿,mantap min walaupungame gak ada pintu😹🗿,mantap min walaupungame gak ada pintu,"['mantap', 'min', 'walaupungame', 'gak', 'ada', 'pintu']","['mantap', 'min', 'walaupungame', 'gak', 'pintu']","['mantap', 'min', 'walaupungame', 'gak', 'pintu']",mantap min walaupungame gak pintu
Ario Aswan,1,2025-10-03 11:51:52,雄鶏ゲーム,雄鶏ゲーム,,[],[],[],
Lionel Luvluv,1,2025-10-03 11:51:36,game rusak!! tolong garena perbaiki dulu bug jaringannya padahal saya pakai wifi yang baru pasang tapi jaringan atau lag terus kalau mulai bermain sering sekali tidak bisa memasuki game nya.,game rusak!! tolong garena perbaiki dulu bug jaringannya padahal saya pakai wifi yang baru pasang tapi jaringan atau lag terus kalau mulai bermain sering sekali tidak bisa memasuki game nya.,game rusak tolong garena perbaiki dulu bug jaringannya padahal saya pakai wifi yang baru pasang tapi jaringan atau lag terus kalau mulai bermain sering sekali tidak bisa memasuki game nya,"['game', 'rusak', 'tolong', 'garena', 'perbaiki', 'dulu', 'bug', 'jaringannya', 'padahal', 'saya', 'pakai', 'wifi', 'yang', 'baru', 'pasang', 'tapi', 'jaringan', 'atau', 'lag', 'terus', 'kalau', 'mulai', 'bermain', 'sering', 'sekali', 'tidak', 'bisa', 'memasuki', 'game', 'nya']","['game', 'rusak', 'garena', 'perbaiki', 'dulu', 'bug', 'jaringannya', 'padahal', 'pakai', 'wifi', 'baru', 'pasang', 'jaringan', 'lag', 'terus', 'kalau', 'mulai', 'bermain', 'sering', 'sekali', 'memasuki', 'game', 'nya']","['game', 'rusak', 'garena', 'baik', 'dulu', 'bug', 'jaring', 'padahal', 'pakai', 'wifi', 'baru', 'pasang', 'jaring', 'lag', 'terus', 'kalau', 'mulai', 'main', 'sering', 'sekali', 'pasuk', 'game', 'nya']",game rusak garena baik dulu bug jaring padahal pakai wifi baru pasang jaring lag terus kalau mulai main sering sekali pasuk game nya
Ezza Sitio,5,2025-10-03 11:48:54,seru banget 💢💢💢,seru banget 💢💢💢,seru banget,"['seru', 'banget']","['seru', 'banget']","['seru', 'banget']",seru banget
Meckoz05,5,2025-10-03 11:47:00,terus berkembang pihak Garena💪🏻,terus berkembang pihak garena💪🏻,terus berkembang pihak garena,"['terus', 'berkembang', 'pihak', 'garena']","['terus', 'berkembang', 'pihak', 'garena']","['terus', 'kembang', 'pihak', 'garena']",terus kembang pihak garena
Marwa aura Aura,5,2025-10-03 11:46:37,wahh bagus seklai,wahh bagus seklai,wahh bagus seklai,"['wahh', 'bagus', 'seklai']","['wahh', 'bagus', 'seklai']","['wahh', 'bagus', 'seklai']",wahh bagus seklai
Akhtar Gemoy,5,2025-10-03 11:46:35,game bagus dan cocok buat yg bosen main atau kaum mageran,game bagus dan cocok buat yg bosen main atau kaum mageran,game bagus dan cocok buat yg bosen main atau kaum mageran,"['game', 'bagus', 'dan', 'cocok', 'buat', 'yg', 'bosen', 'main', 'atau', 'kaum', 'mageran']","['game', 'bagus', 'cocok', 'buat', 'yg', 'bosen', 'main', 'kaum', 'mageran']","['game', 'bagus', 'cocok', 'buat', 'yg', 'bosen', 'main', 'kaum', 'mageran']",game bagus cocok buat yg bosen main kaum mageran
R c b V n d,5,2025-10-03 11:44:48,baik,baik,baik,['baik'],['baik'],['baik'],baik
Frisco,1,2025-10-03 11:37:28,benda yang sangat bagus sama banyak semuanya emot langsung muňċuʟ,benda yang sangat bagus sama banyak semuanya emot langsung muňċuʟ,benda yang sangat bagus sama banyak semuanya emot langsung muu,"['benda', 'yang', 'sangat', 'bagus', 'sama', 'banyak', 'semuanya', 'emot', 'langsung', 'muu']","['benda', 'sangat', 'bagus', 'sama', 'banyak', 'semuanya', 'emot', 'langsung', 'muu']","['benda', 'sangat', 'bagus', 'sama', 'banyak', 'semua', 'emot', 'langsung', 'muu']",benda sangat bagus sama banyak semua emot langsung muu
Tika Sholihah,1,2025-10-03 11:37:01,"GARENA T@1 PLISS LAH KALO TURUN SEASON RINGANIN LAH KITA Masa GW DARK SISTEM SEMUA SEDANGKAN MUSUH MALAH KAYA PROPLAYER kaya ngak adil banget gitu, pliss lah sistem nya di benerin kami para Player game burik, harus mendapatkan perilaku buruk dari game burik(mana sistem nya cacat lagi) hadehh cape gw GARENA","garena t@1 pliss lah kalo turun season ringanin lah kita masa gw dark sistem semua sedangkan musuh malah kaya proplayer kaya ngak adil banget gitu, pliss lah sistem nya di benerin kami para player game burik, harus mendapatkan perilaku buruk dari game burik(mana sistem nya cacat lagi) hadehh cape gw garena",garena t pliss lah kalo turun season ringanin lah kita masa gw dark sistem semua sedangkan musuh malah kaya proplayer kaya ngak adil banget gitu pliss lah sistem nya di benerin kami para player game burik harus mendapatkan perilaku buruk dari game burikmana sistem nya cacat lagi hadehh cape gw garena,"['garena', 't', 'pliss', 'lah', 'kalo', 'turun', 'season', 'ringanin', 'lah', 'kita', 'masa', 'gw', 'dark', 'sistem', 'semua', 'sedangkan', 'musuh', 'malah', 'kaya', 'proplayer', 'kaya', 'ngak', 'adil', 'banget', 'gitu', 'pliss', 'lah', 'sistem', 'nya', 'di', 'benerin', 'kami', 'para', 'player', 'game', 'burik', 'harus', 'mendapatkan', 'perilaku', 'buruk', 'dari', 'game', 'burikmana', 'sistem', 'nya', 'cacat', 'lagi', 'hadehh', 'cape', 'gw', 'garena']","['garena', 't', 'pliss', 'lah', 'kalo', 'turun', 'season', 'ringanin', 'lah', 'masa', 'gw', 'dark', 'sistem', 'semua', 'musuh', 'malah', 'kaya', 'proplayer', 'kaya', 'ngak', 'adil', 'banget', 'gitu', 'pliss', 'lah', 'sistem', 'nya', 'benerin', 'player', 'game', 'burik', 'mendapatkan', 'perilaku', 'buruk', 'game', 'burikmana', 'sistem', 'nya', 'cacat', 'hadehh', 'cape', 'gw', 'garena']","['garena', 't', 'pliss', 'lah', 'kalo', 'turun', 'season', 'ringanin', 'lah', 'masa', 'gw', 'dark', 'sistem', 'semua', 'musuh', 'malah', 'kaya', 'proplayer', 'kaya', 'ngak', 'adil', 'banget', 'gitu', 'pliss', 'lah', 'sistem', 'nya', 'benerin', 'player', 'game', 'burik', 'dapat', 'perilaku', 'buruk', 'game', 'burikmana', 'sistem', 'nya', 'cacat', 'hadehh', 'cape', 'gw', 'garena']",garena t pliss lah kalo turun season ringanin lah masa gw dark sistem semua musuh malah kaya proplayer kaya ngak adil banget gitu pliss lah sistem nya benerin player game burik dapat perilaku buruk game burikmana sistem nya cacat hadehh cape gw garena
Zakiah??,2,2025-10-03 11:36:39,"seru, tapi sinyal bagus malah ngelag, apaan tiba tiba merah padahal sinyal nya baik baik aja, suka ngebug juga, kadang pas headshot malah sayanya yang knockdown dan tolong perbaikin dan baca kritikkan para player nya, terimakasih","seru, tapi sinyal bagus malah ngelag, apaan tiba tiba merah padahal sinyal nya baik baik aja, suka ngebug juga, kadang pas headshot malah sayanya yang knockdown dan tolong perbaikin dan baca kritikkan para player nya, terimakasih",seru tapi sinyal bagus malah ngelag apaan tiba tiba merah padahal sinyal nya baik baik aja suka ngebug juga kadang pas headshot malah sayanya yang knockdown dan tolong perbaikin dan baca kritikkan para player nya terimakasih,"['seru', 'tapi', 'sinyal', 'bagus', 'malah', 'ngelag', 'apaan', 'tiba', 'tiba', 'merah', 'padahal', 'sinyal', 'nya', 'baik', 'baik', 'aja', 'suka', 'ngebug', 'juga', 'kadang', 'pas', 'headshot', 'malah', 'sayanya', 'yang', 'knockdown', 'dan', 'tolong', 'perbaikin', 'dan', 'baca', 'kritikkan', 'para', 'player', 'nya', 'terimakasih']","['seru', 'sinyal', 'bagus', 'malah', 'ngelag', 'apaan', 'tiba', 'tiba', 'merah', 'padahal', 'sinyal', 'nya', 'baik', 'baik', 'aja', 'suka', 'ngebug', 'kadang', 'pas', 'headshot', 'malah', 'sayanya', 'knockdown', 'perbaikin', 'baca', 'kritikkan', 'player', 'nya', 'terimakasih']","['seru', 'sinyal', 'bagus', 'malah', 'ngelag', 'apa', 'tiba', 'tiba', 'merah', 'padahal', 'sinyal', 'nya', 'baik', 'baik', 'aja', 'suka', 'ngebug', 'kadang', 'pas', 'headshot', 'malah', 'saya', 'knockdown', 'perbaikin', 'baca', 'kritik', 'player', 'nya', 'terimakasih']",seru sinyal bagus malah ngelag apa tiba tiba merah padahal sinyal nya baik baik aja suka ngebug kadang pas headshot malah saya knockdown perbaikin baca kritik player nya terimakasih
クリスミュッハ,1,2025-10-03 11:35:44,papoke ff kee,papoke ff kee,papoke ff kee,"['papoke', 'ff', 'kee']","['papoke', 'ff', 'kee']","['papoke', 'ff', 'kee']",papoke ff kee
billiac star 02,5,2025-10-03 11:35:14,game nya seruuu apalagiii kalooo punyaaa temennn mabarrr,game nya seruuu apalagiii kalooo punyaaa temennn mabarrr,game nya seruuu apalagiii kalooo punyaaa temennn mabarrr,"['game', 'nya', 'seruuu', 'apalagiii', 'kalooo', 'punyaaa', 'temennn', 'mabarrr']","['game', 'nya', 'seruuu', 'apalagiii', 'kalooo', 'punyaaa', 'temennn', 'mabarrr']","['game', 'nya', 'seruuu', 'apalagiii', 'kalooo', 'punyaaa', 'temennn', 'mabarrr']",game nya seruuu apalagiii kalooo punyaaa temennn mabarrr
gulali gulagula,1,2025-10-03 11:28:18,woi asu napa ff gw ireng cukup itu perbaiki asu!,woi asu napa ff gw ireng cukup itu perbaiki asu!,woi asu napa ff gw ireng cukup itu perbaiki asu,"['woi', 'asu', 'napa', 'ff', 'gw', 'ireng', 'cukup', 'itu', 'perbaiki', 'asu']","['woi', 'asu', 'napa', 'ff', 'gw', 'ireng', 'cukup', 'perbaiki', 'asu']","['woi', 'asu', 'napa', 'ff', 'gw', 'ireng', 'cukup', 'baik', 'asu']",woi asu napa ff gw ireng cukup baik asu
Kareem Holt,5,2025-10-03 11:25:58,keren,keren,keren,['keren'],['keren'],['keren'],keren
Sovia Oktavia,3,2025-10-03 11:25:55,sering terjadinya bug banyak cit/file,sering terjadinya bug banyak cit/file,sering terjadinya bug banyak citfile,"['sering', 'terjadinya', 'bug', 'banyak', 'citfile']","['sering', 'terjadinya', 'bug', 'banyak', 'citfile']","['sering', 'jadi', 'bug', 'banyak', 'citfile']",sering jadi bug banyak citfile
ALIF Tai,5,2025-10-03 11:25:34,mimin garena aku pengen akun ff akun ku ko si ban,mimin garena aku pengen akun ff akun ku ko si ban,mimin garena aku pengen akun ff akun ku ko si ban,"['mimin', 'garena', 'aku', 'pengen', 'akun', 'ff', 'akun', 'ku', 'ko', 'si', 'ban']","['mimin', 'garena', 'aku', 'pengen', 'akun', 'ff', 'akun', 'ku', 'ko', 'si', 'ban']","['mimin', 'garena', 'aku', 'ken', 'akun', 'ff', 'akun', 'ku', 'ko', 'si', 'ban']",mimin garena aku ken akun ff akun ku ko si ban
Budevi,5,2025-10-03 11:16:25,diamon,diamon,diamon,['diamon'],['diamon'],['diamon'],diamon
fadli setiawan,1,2025-10-03 11:12:26,"game nya aneh bet, padahal sinyal nya bagus malah lag di ff nya apa coba, terus lag sinyalnya warna putih,terus kebanyakan orang troll atau bocil drak system jdi mls main ff lg","game nya aneh bet, padahal sinyal nya bagus malah lag di ff nya apa coba, terus lag sinyalnya warna putih,terus kebanyakan orang troll atau bocil drak system jdi mls main ff lg",game nya aneh bet padahal sinyal nya bagus malah lag di ff nya apa coba terus lag sinyalnya warna putihterus kebanyakan orang troll atau bocil drak system jdi mls main ff lg,"['game', 'nya', 'aneh', 'bet', 'padahal', 'sinyal', 'nya', 'bagus', 'malah', 'lag', 'di', 'ff', 'nya', 'apa', 'coba', 'terus', 'lag', 'sinyalnya', 'warna', 'putihterus', 'kebanyakan', 'orang', 'troll', 'atau', 'bocil', 'drak', 'system', 'jdi', 'mls', 'main', 'ff', 'lg']","['game', 'nya', 'aneh', 'bet', 'padahal', 'sinyal', 'nya', 'bagus', 'malah', 'lag', 'ff', 'nya', 'apa', 'coba', 'terus', 'lag', 'sinyalnya', 'warna', 'putihterus', 'kebanyakan', 'orang', 'troll', 'bocil', 'drak', 'system', 'jdi', 'mls', 'main', 'ff', 'lg']","['game', 'nya', 'aneh', 'bet', 'padahal', 'sinyal', 'nya', 'bagus', 'malah', 'lag', 'ff', 'nya', 'apa', 'coba', 'terus', 'lag', 'sinyal', 'warna', 'putihterus', 'banyak', 'orang', 'troll', 'bocil', 'drak', 'system', 'jdi', 'mls', 'main', 'ff', 'lg']",game nya aneh bet padahal sinyal nya bagus malah lag ff nya apa coba terus lag sinyal warna putihterus banyak orang troll bocil drak system jdi mls main ff lg
Muhammad Alfansuri lutfi,3,2025-10-03 11:00:11,"min padahal hp gw unlock 120 fps trus dalam game kok gabisa 120 fps dah malahan 60 fps,susah 60 fps minn","min padahal hp gw unlock 120 fps trus dalam game kok gabisa 120 fps dah malahan 60 fps,susah 60 fps minn",min padahal hp gw unlock fps trus dalam game kok gabisa fps dah malahan fpssusah fps minn,"['min', 'padahal', 'hp', 'gw', 'unlock', 'fps', 'trus', 'dalam', 'game', 'kok', 'gabisa', 'fps', 'dah', 'malahan', 'fpssusah', 'fps', 'minn']","['min', 'padahal', 'hp', 'gw', 'unlock', 'fps', 'trus', 'game', 'kok', 'gabisa', 'fps', 'dah', 'malahan', 'fpssusah', 'fps', 'minn']","['min', 'padahal', 'hp', 'gw', 'unlock', 'fps', 'trus', 'game', 'kok', 'gabisa', 'fps', 'dah', 'malah', 'fpssusah', 'fps', 'minn']",min padahal hp gw unlock fps trus game kok gabisa fps dah malah fpssusah fps minn
cakra cakra,5,2025-10-03 10:59:25,ini game yg sangat seru,ini game yg sangat seru,ini game yg sangat seru,"['ini', 'game', 'yg', 'sangat', 'seru']","['game', 'yg', 'sangat', 'seru']","['game', 'yg', 'sangat', 'seru']",game yg sangat seru
Ali Topan,5,2025-10-03 10:58:21,skor jngan cepat turun nya y,skor jngan cepat turun nya y,skor jngan cepat turun nya y,"['skor', 'jngan', 'cepat', 'turun', 'nya', 'y']","['skor', 'jngan', 'cepat', 'turun', 'nya', 'y']","['skor', 'jngan', 'cepat', 'turun', 'nya', 'y']",skor jngan cepat turun nya y
Muhammad Asrul,5,2025-10-03 10:54:16,cukup menarik sih tapi ada masalah kecil seperti ngabak,cukup menarik sih tapi ada masalah kecil seperti ngabak,cukup menarik sih tapi ada masalah kecil seperti ngabak,"['cukup', 'menarik', 'sih', 'tapi', 'ada', 'masalah', 'kecil', 'seperti', 'ngabak']","['cukup', 'menarik', 'sih', 'masalah', 'kecil', 'ngabak']","['cukup', 'tarik', 'sih', 'masalah', 'kecil', 'ngabak']",cukup tarik sih masalah kecil ngabak
taufik ismail,5,2025-10-03 10:49:10,aku sangat suka,aku sangat suka,aku sangat suka,"['aku', 'sangat', 'suka']","['aku', 'sangat', 'suka']","['aku', 'sangat', 'suka']",aku sangat suka
Abu Rasyid,5,2025-10-03 10:44:34,game nya bagus tapi kadang kadang ngebug,game nya bagus tapi kadang kadang ngebug,game nya bagus tapi kadang kadang ngebug,"['game', 'nya', 'bagus', 'tapi', 'kadang', 'kadang', 'ngebug']","['game', 'nya', 'bagus', 'kadang', 'kadang', 'ngebug']","['game', 'nya', 'bagus', 'kadang', 'kadang', 'ngebug']",game nya bagus kadang kadang ngebug
Dafa Pratama,5,2025-10-03 10:43:51,gacor,gacor,gacor,['gacor'],['gacor'],['gacor'],gacor
kancil halus,5,2025-10-03 10:36:59,game nya seru,game nya seru,game nya seru,"['game', 'nya', 'seru']","['game', 'nya', 'seru']","['game', 'nya', 'seru']",game nya seru
Ggggvfff,5,2025-10-03 10:31:04,👍,👍,,[],[],[],
Nurasih Dariansyah,5,2025-10-03 10:26:41,karena ini game yg sangat seruuuu sekali kami bisa mabar dan bisa onmic 🙏🤓,karena ini game yg sangat seruuuu sekali kami bisa mabar dan bisa onmic 🙏🤓,karena ini game yg sangat seruuuu sekali kami bisa mabar dan bisa onmic,"['karena', 'ini', 'game', 'yg', 'sangat', 'seruuuu', 'sekali', 'kami', 'bisa', 'mabar', 'dan', 'bisa', 'onmic']","['game', 'yg', 'sangat', 'seruuuu', 'sekali', 'mabar', 'onmic']","['game', 'yg', 'sangat', 'seruuuu', 'sekali', 'mabar', 'onmic']",game yg sangat seruuuu sekali mabar onmic
Siti Ilyas,5,2025-10-03 10:26:32,karna sedikit orng nya babi,karna sedikit orng nya babi,karna sedikit orng nya babi,"['karna', 'sedikit', 'orng', 'nya', 'babi']","['karna', 'sedikit', 'orng', 'nya', 'babi']","['karna', 'sedikit', 'orng', 'nya', 'babi']",karna sedikit orng nya babi
Daffa Syaputra,5,2025-10-03 10:22:04,geme sangat bagus btw minta daimon min,geme sangat bagus btw minta daimon min,geme sangat bagus btw minta daimon min,"['geme', 'sangat', 'bagus', 'btw', 'minta', 'daimon', 'min']","['geme', 'sangat', 'bagus', 'btw', 'minta', 'daimon', 'min']","['geme', 'sangat', 'bagus', 'btw', 'minta', 'daimon', 'min']",geme sangat bagus btw minta daimon min
Gina Dini,5,2025-10-03 10:20:22,sangat menyenangkan,sangat menyenangkan,sangat menyenangkan,"['sangat', 'menyenangkan']","['sangat', 'menyenangkan']","['sangat', 'senang']",sangat senang
Ali Ali,5,2025-10-03 10:14:04,game nya seru,game nya seru,game nya seru,"['game', 'nya', 'seru']","['game', 'nya', 'seru']","['game', 'nya', 'seru']",game nya seru
Agus Kuprit,5,2025-10-03 10:12:31,bagus dan enak buat main,bagus dan enak buat main,bagus dan enak buat main,"['bagus', 'dan', 'enak', 'buat', 'main']","['bagus', 'enak', 'buat', 'main']","['bagus', 'enak', 'buat', 'main']",bagus enak buat main
Muhammad Subkhi,1,2025-10-03 10:11:56,kemabliin akun bang budi garena,kemabliin akun bang budi garena,kemabliin akun bang budi garena,"['kemabliin', 'akun', 'bang', 'budi', 'garena']","['kemabliin', 'akun', 'bang', 'budi', 'garena']","['kemabliin', 'akun', 'bang', 'budi', 'garena']",kemabliin akun bang budi garena
Riska Rahmadani,5,2025-10-03 10:11:37,aku sangat suka ff,aku sangat suka ff,aku sangat suka ff,"['aku', 'sangat', 'suka', 'ff']","['aku', 'sangat', 'suka', 'ff']","['aku', 'sangat', 'suka', 'ff']",aku sangat suka ff
MUHYIDIN Jamil,5,2025-10-03 10:10:55,ini adalah game terbaik di seluruh dunia garena semoga akun ku selalu hoki garena🙏,ini adalah game terbaik di seluruh dunia garena semoga akun ku selalu hoki garena🙏,ini adalah game terbaik di seluruh dunia garena semoga akun ku selalu hoki garena,"['ini', 'adalah', 'game', 'terbaik', 'di', 'seluruh', 'dunia', 'garena', 'semoga', 'akun', 'ku', 'selalu', 'hoki', 'garena']","['game', 'terbaik', 'seluruh', 'dunia', 'garena', 'semoga', 'akun', 'ku', 'selalu', 'hoki', 'garena']","['game', 'baik', 'seluruh', 'dunia', 'garena', 'moga', 'akun', 'ku', 'selalu', 'hoki', 'garena']",game baik seluruh dunia garena moga akun ku selalu hoki garena
Oppo,5,2025-10-03 10:07:58,baik,baik,baik,['baik'],['baik'],['baik'],baik
Februari Februari,5,2025-10-03 10:07:01,Bagus,bagus,bagus,['bagus'],['bagus'],['bagus'],bagus
Dandox Badada,5,2025-10-03 09:58:21,tolong perbaiki soal ganguan sinyal,tolong perbaiki soal ganguan sinyal,tolong perbaiki soal ganguan sinyal,"['tolong', 'perbaiki', 'soal', 'ganguan', 'sinyal']","['perbaiki', 'soal', 'ganguan', 'sinyal']","['baik', 'soal', 'ganguan', 'sinyal']",baik soal ganguan sinyal
WILDAN•gz,1,2025-10-03 09:56:21,jelek grafik udah rata kiri masih aja ngelag,jelek grafik udah rata kiri masih aja ngelag,jelek grafik udah rata kiri masih aja ngelag,"['jelek', 'grafik', 'udah', 'rata', 'kiri', 'masih', 'aja', 'ngelag']","['jelek', 'grafik', 'udah', 'rata', 'kiri', 'aja', 'ngelag']","['jelek', 'grafik', 'udah', 'rata', 'kiri', 'aja', 'ngelag']",jelek grafik udah rata kiri aja ngelag
Patur fm Rahman,1,2025-10-03 09:56:20,bug demeg mohon di perbaiki secepatnya,bug demeg mohon di perbaiki secepatnya,bug demeg mohon di perbaiki secepatnya,"['bug', 'demeg', 'mohon', 'di', 'perbaiki', 'secepatnya']","['bug', 'demeg', 'mohon', 'perbaiki', 'secepatnya']","['bug', 'deg', 'mohon', 'baik', 'cepat']",bug deg mohon baik cepat
Sufiyannor,1,2025-10-03 09:53:52,bagusan pubg,bagusan pubg,bagusan pubg,"['bagusan', 'pubg']","['bagusan', 'pubg']","['bagus', 'pubg']",bagus pubg
Indra Saputra jaya,5,2025-10-03 09:53:19,ecccooo#666,ecccooo#666,ecccooo,['ecccooo'],['ecccooo'],['ecccooo'],ecccooo
Salim Mudin,5,2025-10-03 09:49:57,bagus Garena saya adalah raja Pepeng di ff wkwk tolong geratisin diamond ff biar gk bosen ekwkk,bagus garena saya adalah raja pepeng di ff wkwk tolong geratisin diamond ff biar gk bosen ekwkk,bagus garena saya adalah raja pepeng di ff wkwk tolong geratisin diamond ff biar gk bosen ekwkk,"['bagus', 'garena', 'saya', 'adalah', 'raja', 'pepeng', 'di', 'ff', 'wkwk', 'tolong', 'geratisin', 'diamond', 'ff', 'biar', 'gk', 'bosen', 'ekwkk']","['bagus', 'garena', 'raja', 'pepeng', 'ff', 'wkwk', 'geratisin', 'diamond', 'ff', 'biar', 'gk', 'bosen', 'ekwkk']","['bagus', 'garena', 'raja', 'pepeng', 'ff', 'wkwk', 'geratisin', 'diamond', 'ff', 'biar', 'gk', 'bosen', 'ekwkk']",bagus garena raja pepeng ff wkwk geratisin diamond ff biar gk bosen ekwkk
Sahriah,5,2025-10-03 09:48:08,game free fire sangat menyenangkan,game free fire sangat menyenangkan,game free fire sangat menyenangkan,"['game', 'free', 'fire', 'sangat', 'menyenangkan']","['game', 'free', 'fire', 'sangat', 'menyenangkan']","['game', 'free', 'fire', 'sangat', 'senang']",game free fire sangat senang
P linght Linht,1,2025-10-03 09:45:20,"min buatin fitur unbind dari Garena cukup 1x digunakan buat yg bindnya udah mati, soalnya mau gnti ga bisa","min buatin fitur unbind dari garena cukup 1x digunakan buat yg bindnya udah mati, soalnya mau gnti ga bisa",min buatin fitur unbind dari garena cukup x digunakan buat yg bindnya udah mati soalnya mau gnti ga bisa,"['min', 'buatin', 'fitur', 'unbind', 'dari', 'garena', 'cukup', 'x', 'digunakan', 'buat', 'yg', 'bindnya', 'udah', 'mati', 'soalnya', 'mau', 'gnti', 'ga', 'bisa']","['min', 'buatin', 'fitur', 'unbind', 'garena', 'cukup', 'x', 'digunakan', 'buat', 'yg', 'bindnya', 'udah', 'mati', 'soalnya', 'mau', 'gnti', 'ga']","['min', 'buatin', 'fitur', 'unbind', 'garena', 'cukup', 'x', 'guna', 'buat', 'yg', 'bindnya', 'udah', 'mati', 'soal', 'mau', 'gnti', 'ga']",min buatin fitur unbind garena cukup x guna buat yg bindnya udah mati soal mau gnti ga
Neni Santi,5,2025-10-03 09:43:56,baguss minus ada chit,baguss minus ada chit,baguss minus ada chit,"['baguss', 'minus', 'ada', 'chit']","['baguss', 'minus', 'chit']","['baguss', 'minus', 'chit']",baguss minus chit
vanz zr,1,2025-10-03 09:40:31,buat garena sesekali bikin lah hoki setiap nyespin pasti gak pernah dapet gimana mau main game ini kalo gapernah hoki,buat garena sesekali bikin lah hoki setiap nyespin pasti gak pernah dapet gimana mau main game ini kalo gapernah hoki,buat garena sesekali bikin lah hoki setiap nyespin pasti gak pernah dapet gimana mau main game ini kalo gapernah hoki,"['buat', 'garena', 'sesekali', 'bikin', 'lah', 'hoki', 'setiap', 'nyespin', 'pasti', 'gak', 'pernah', 'dapet', 'gimana', 'mau', 'main', 'game', 'ini', 'kalo', 'gapernah', 'hoki']","['buat', 'garena', 'sesekali', 'bikin', 'lah', 'hoki', 'nyespin', 'gak', 'pernah', 'dapet', 'gimana', 'mau', 'main', 'game', 'kalo', 'gapernah', 'hoki']","['buat', 'garena', 'sekal', 'bikin', 'lah', 'hoki', 'nyespin', 'gak', 'pernah', 'dapet', 'gimana', 'mau', 'main', 'game', 'kalo', 'gapernah', 'hoki']",buat garena sekal bikin lah hoki nyespin gak pernah dapet gimana mau main game kalo gapernah hoki
Rahmadtika 0910,5,2025-10-03 09:37:55,"min, saya kan baru download ff semoga dibagi akun sama min Garena amin ya Allah yang ada SG mamba aja pun saya bersyukur bismillah yaallah Semoga dibagi amin","min, saya kan baru download ff semoga dibagi akun sama min garena amin ya allah yang ada sg mamba aja pun saya bersyukur bismillah yaallah semoga dibagi amin",min saya kan baru download ff semoga dibagi akun sama min garena amin ya allah yang ada sg mamba aja pun saya bersyukur bismillah yaallah semoga dibagi amin,"['min', 'saya', 'kan', 'baru', 'download', 'ff', 'semoga', 'dibagi', 'akun', 'sama', 'min', 'garena', 'amin', 'ya', 'allah', 'yang', 'ada', 'sg', 'mamba', 'aja', 'pun', 'saya', 'bersyukur', 'bismillah', 'yaallah', 'semoga', 'dibagi', 'amin']","['min', 'kan', 'baru', 'download', 'ff', 'semoga', 'dibagi', 'akun', 'sama', 'min', 'garena', 'amin', 'allah', 'sg', 'mamba', 'aja', 'bersyukur', 'bismillah', 'yaallah', 'semoga', 'dibagi', 'amin']","['min', 'kan', 'baru', 'download', 'ff', 'moga', 'bagi', 'akun', 'sama', 'min', 'garena', 'amin', 'allah', 'sg', 'mamba', 'aja', 'syukur', 'bismillah', 'yaallah', 'moga', 'bagi', 'amin']",min kan baru download ff moga bagi akun sama min garena amin allah sg mamba aja syukur bismillah yaallah moga bagi amin
Fandi Ff,5,2025-10-03 09:37:31,ff MAX,ff max,ff max,"['ff', 'max']","['ff', 'max']","['ff', 'max']",ff max
wage wage,5,2025-10-03 09:29:16,game ini sangat seru ku kasih bintang lima😁😁😁😁,game ini sangat seru ku kasih bintang lima😁😁😁😁,game ini sangat seru ku kasih bintang lima,"['game', 'ini', 'sangat', 'seru', 'ku', 'kasih', 'bintang', 'lima']","['game', 'sangat', 'seru', 'ku', 'kasih', 'bintang', 'lima']","['game', 'sangat', 'seru', 'ku', 'kasih', 'bintang', 'lima']",game sangat seru ku kasih bintang lima
Dani Anugrah,5,2025-10-03 09:23:59,"seru,tapi skin S1 keluarin lagi doang min mau nyepin nih dan satu lagi jangot bnld keluarin lagi plisss minzzz","seru,tapi skin s1 keluarin lagi doang min mau nyepin nih dan satu lagi jangot bnld keluarin lagi plisss minzzz",serutapi skin s keluarin lagi doang min mau nyepin nih dan satu lagi jangot bnld keluarin lagi plisss minzzz,"['serutapi', 'skin', 's', 'keluarin', 'lagi', 'doang', 'min', 'mau', 'nyepin', 'nih', 'dan', 'satu', 'lagi', 'jangot', 'bnld', 'keluarin', 'lagi', 'plisss', 'minzzz']","['serutapi', 'skin', 's', 'keluarin', 'doang', 'min', 'mau', 'nyepin', 'nih', 'satu', 'jangot', 'bnld', 'keluarin', 'plisss', 'minzzz']","['serutapi', 'skin', 's', 'keluarin', 'doang', 'min', 'mau', 'nyepin', 'nih', 'satu', 'jangot', 'bnld', 'keluarin', 'plisss', 'minzzz']",serutapi skin s keluarin doang min mau nyepin nih satu jangot bnld keluarin plisss minzzz
Eruauw,5,2025-10-03 09:22:23,bagus banget ada bug nya,bagus banget ada bug nya,bagus banget ada bug nya,"['bagus', 'banget', 'ada', 'bug', 'nya']","['bagus', 'banget', 'bug', 'nya']","['bagus', 'banget', 'bug', 'nya']",bagus banget bug nya
Raja Debata,1,2025-10-03 09:22:09,"maksa top up mentangg"" g pernah top up level Prime di turunin gw yg hbs berjuta"" di turunin level primee gw mutusin buat pensi game burik","maksa top up mentangg"" g pernah top up level prime di turunin gw yg hbs berjuta"" di turunin level primee gw mutusin buat pensi game burik",maksa top up mentangg g pernah top up level prime di turunin gw yg hbs berjuta di turunin level primee gw mutusin buat pensi game burik,"['maksa', 'top', 'up', 'mentangg', 'g', 'pernah', 'top', 'up', 'level', 'prime', 'di', 'turunin', 'gw', 'yg', 'hbs', 'berjuta', 'di', 'turunin', 'level', 'primee', 'gw', 'mutusin', 'buat', 'pensi', 'game', 'burik']","['maksa', 'top', 'up', 'mentangg', 'g', 'pernah', 'top', 'up', 'level', 'prime', 'turunin', 'gw', 'yg', 'hbs', 'berjuta', 'turunin', 'level', 'primee', 'gw', 'mutusin', 'buat', 'pensi', 'game', 'burik']","['maksa', 'top', 'up', 'mentangg', 'g', 'pernah', 'top', 'up', 'level', 'prime', 'turunin', 'gw', 'yg', 'hbs', 'juta', 'turunin', 'level', 'primee', 'gw', 'mutusin', 'buat', 'pensi', 'game', 'burik']",maksa top up mentangg g pernah top up level prime turunin gw yg hbs juta turunin level primee gw mutusin buat pensi game burik
Suparto Suparto,5,2025-10-03 09:20:41,login ke lobinya lama udah nunggu lama2 mohon di per baiki,login ke lobinya lama udah nunggu lama2 mohon di per baiki,login ke lobinya lama udah nunggu lama mohon di per baiki,"['login', 'ke', 'lobinya', 'lama', 'udah', 'nunggu', 'lama', 'mohon', 'di', 'per', 'baiki']","['login', 'lobinya', 'lama', 'udah', 'nunggu', 'lama', 'mohon', 'per', 'baiki']","['login', 'lobi', 'lama', 'udah', 'nunggu', 'lama', 'mohon', 'per', 'baik']",login lobi lama udah nunggu lama mohon per baik
Oyama Mahiro,1,2025-10-03 09:17:49,Tangkap Anies🗿😹,tangkap anies🗿😹,tangkap anies,"['tangkap', 'anies']","['tangkap', 'anies']","['tangkap', 'anies']",tangkap anies
yuni indra,4,2025-10-03 09:10:27,gamenya bagus cuman saya gabisa login gatau knpa,gamenya bagus cuman saya gabisa login gatau knpa,gamenya bagus cuman saya gabisa login gatau knpa,"['gamenya', 'bagus', 'cuman', 'saya', 'gabisa', 'login', 'gatau', 'knpa']","['gamenya', 'bagus', 'cuman', 'gabisa', 'login', 'gatau', 'knpa']","['gamenya', 'bagus', 'cuman', 'gabisa', 'login', 'gatau', 'knpa']",gamenya bagus cuman gabisa login gatau knpa
Shany Aprlll,4,2025-10-03 09:06:10,bagus ilov ff,bagus ilov ff,bagus ilov ff,"['bagus', 'ilov', 'ff']","['bagus', 'ilov', 'ff']","['bagus', 'ilov', 'ff']",bagus ilov ff
Muhamad Indra Bagus Sanjaya,5,2025-10-03 09:02:24,mantap,mantap,mantap,['mantap'],['mantap'],['mantap'],mantap
Reza Aditiya,5,2025-10-03 09:01:28,"gw sengaja ngasi bintang 5karna , gw pdhl bru login ke ff malah langsung kena band, padahal ga pke apa² , + gw coba 3akun ke band smua, hade game kikir, mending kalian ati"", dan itu penjelasan gw.","gw sengaja ngasi bintang 5karna , gw pdhl bru login ke ff malah langsung kena band, padahal ga pke apa² , + gw coba 3akun ke band smua, hade game kikir, mending kalian ati"", dan itu penjelasan gw.",gw sengaja ngasi bintang karna gw pdhl bru login ke ff malah langsung kena band padahal ga pke apa gw coba akun ke band smua hade game kikir mending kalian ati dan itu penjelasan gw,"['gw', 'sengaja', 'ngasi', 'bintang', 'karna', 'gw', 'pdhl', 'bru', 'login', 'ke', 'ff', 'malah', 'langsung', 'kena', 'band', 'padahal', 'ga', 'pke', 'apa', 'gw', 'coba', 'akun', 'ke', 'band', 'smua', 'hade', 'game', 'kikir', 'mending', 'kalian', 'ati', 'dan', 'itu', 'penjelasan', 'gw']","['gw', 'sengaja', 'ngasi', 'bintang', 'karna', 'gw', 'pdhl', 'bru', 'login', 'ff', 'malah', 'langsung', 'kena', 'band', 'padahal', 'ga', 'pke', 'apa', 'gw', 'coba', 'akun', 'band', 'smua', 'hade', 'game', 'kikir', 'mending', 'kalian', 'ati', 'penjelasan', 'gw']","['gw', 'sengaja', 'ngasi', 'bintang', 'karna', 'gw', 'pdhl', 'bru', 'login', 'ff', 'malah', 'langsung', 'kena', 'band', 'padahal', 'ga', 'pke', 'apa', 'gw', 'coba', 'akun', 'band', 'smua', 'hade', 'game', 'kikir', 'mending', 'kalian', 'ati', 'jelas', 'gw']",gw sengaja ngasi bintang karna gw pdhl bru login ff malah langsung kena band padahal ga pke apa gw coba akun band smua hade game kikir mending kalian ati jelas gw
ahmad khonif,1,2025-10-03 09:01:04,burik,burik,burik,['burik'],['burik'],['burik'],burik
Triyatin,5,2025-10-03 09:00:45,game nya sangat bagus,game nya sangat bagus,game nya sangat bagus,"['game', 'nya', 'sangat', 'bagus']","['game', 'nya', 'sangat', 'bagus']","['game', 'nya', 'sangat', 'bagus']",game nya sangat bagus
Daffa Aufar,5,2025-10-03 08:58:37,perbaiki bug ga bisa login secepatnya,perbaiki bug ga bisa login secepatnya,perbaiki bug ga bisa login secepatnya,"['perbaiki', 'bug', 'ga', 'bisa', 'login', 'secepatnya']","['perbaiki', 'bug', 'ga', 'login', 'secepatnya']","['baik', 'bug', 'ga', 'login', 'cepat']",baik bug ga login cepat
Alzz Tobi,4,2025-10-03 08:56:07,"Masih ada beberapa masalah seperti masalah jaringan, juga untuk bug dalam matchmaking, aku sudah lama bermain game ini, tetapi saat ini belum terlalu puas dengan gamenya, tetapi overall bagus, semua nya udah bagus, saran aja tambahin senjata baru biar ga ngebosenin, kayak senjata assault rifle STG-44 dan senjata F2000.","masih ada beberapa masalah seperti masalah jaringan, juga untuk bug dalam matchmaking, aku sudah lama bermain game ini, tetapi saat ini belum terlalu puas dengan gamenya, tetapi overall bagus, semua nya udah bagus, saran aja tambahin senjata baru biar ga ngebosenin, kayak senjata assault rifle stg-44 dan senjata f2000.",masih ada beberapa masalah seperti masalah jaringan juga untuk bug dalam matchmaking aku sudah lama bermain game ini tetapi saat ini belum terlalu puas dengan gamenya tetapi overall bagus semua nya udah bagus saran aja tambahin senjata baru biar ga ngebosenin kayak senjata assault rifle stg dan senjata f,"['masih', 'ada', 'beberapa', 'masalah', 'seperti', 'masalah', 'jaringan', 'juga', 'untuk', 'bug', 'dalam', 'matchmaking', 'aku', 'sudah', 'lama', 'bermain', 'game', 'ini', 'tetapi', 'saat', 'ini', 'belum', 'terlalu', 'puas', 'dengan', 'gamenya', 'tetapi', 'overall', 'bagus', 'semua', 'nya', 'udah', 'bagus', 'saran', 'aja', 'tambahin', 'senjata', 'baru', 'biar', 'ga', 'ngebosenin', 'kayak', 'senjata', 'assault', 'rifle', 'stg', 'dan', 'senjata', 'f']","['beberapa', 'masalah', 'masalah', 'jaringan', 'bug', 'matchmaking', 'aku', 'lama', 'bermain', 'game', 'terlalu', 'puas', 'gamenya', 'overall', 'bagus', 'semua', 'nya', 'udah', 'bagus', 'saran', 'aja', 'tambahin', 'senjata', 'baru', 'biar', 'ga', 'ngebosenin', 'kayak', 'senjata', 'assault', 'rifle', 'stg', 'senjata', 'f']","['beberapa', 'masalah', 'masalah', 'jaring', 'bug', 'matchmaking', 'aku', 'lama', 'main', 'game', 'terlalu', 'puas', 'gamenya', 'overall', 'bagus', 'semua', 'nya', 'udah', 'bagus', 'saran', 'aja', 'tambahin', 'senjata', 'baru', 'biar', 'ga', 'ngebosenin', 'kayak', 'senjata', 'assault', 'rifle', 'stg', 'senjata', 'f']",beberapa masalah masalah jaring bug matchmaking aku lama main game terlalu puas gamenya overall bagus semua nya udah bagus saran aja tambahin senjata baru biar ga ngebosenin kayak senjata assault rifle stg senjata f
Bocah Lampung,1,2025-10-03 08:54:58,saya nge push ff gk naik naik walaupun udh kil lima gak nik,saya nge push ff gk naik naik walaupun udh kil lima gak nik,saya nge push ff gk naik naik walaupun udh kil lima gak nik,"['saya', 'nge', 'push', 'ff', 'gk', 'naik', 'naik', 'walaupun', 'udh', 'kil', 'lima', 'gak', 'nik']","['nge', 'push', 'ff', 'gk', 'naik', 'naik', 'walaupun', 'udh', 'kil', 'lima', 'gak', 'nik']","['nge', 'push', 'ff', 'gk', 'naik', 'naik', 'walaupun', 'udh', 'kil', 'lima', 'gak', 'nik']",nge push ff gk naik naik walaupun udh kil lima gak nik
Marchello Iglesias,4,2025-10-03 08:51:46,seru gk ngebosenin berasa perang beneran,seru gk ngebosenin berasa perang beneran,seru gk ngebosenin berasa perang beneran,"['seru', 'gk', 'ngebosenin', 'berasa', 'perang', 'beneran']","['seru', 'gk', 'ngebosenin', 'berasa', 'perang', 'beneran']","['seru', 'gk', 'ngebosenin', 'asa', 'perang', 'beneran']",seru gk ngebosenin asa perang beneran
dewi herwandi,5,2025-10-03 08:51:08,aku mau spin kalo ga dapet item nya aku jadiin bintang 1,aku mau spin kalo ga dapet item nya aku jadiin bintang 1,aku mau spin kalo ga dapet item nya aku jadiin bintang,"['aku', 'mau', 'spin', 'kalo', 'ga', 'dapet', 'item', 'nya', 'aku', 'jadiin', 'bintang']","['aku', 'mau', 'spin', 'kalo', 'ga', 'dapet', 'item', 'nya', 'aku', 'jadiin', 'bintang']","['aku', 'mau', 'spin', 'kalo', 'ga', 'dapet', 'item', 'nya', 'aku', 'jadiin', 'bintang']",aku mau spin kalo ga dapet item nya aku jadiin bintang
M Gilang Lang,1,2025-10-03 08:49:47,Kami Sebagai pelupayer FF Ingin bang Budi 01 satu geming main lgi di Gem FF dan Kembalikan Akun FF bang Budi secepat ya kalau tk kami sebagai Follows ya akan PNSI dari FF,kami sebagai pelupayer ff ingin bang budi 01 satu geming main lgi di gem ff dan kembalikan akun ff bang budi secepat ya kalau tk kami sebagai follows ya akan pnsi dari ff,kami sebagai pelupayer ff ingin bang budi satu geming main lgi di gem ff dan kembalikan akun ff bang budi secepat ya kalau tk kami sebagai follows ya akan pnsi dari ff,"['kami', 'sebagai', 'pelupayer', 'ff', 'ingin', 'bang', 'budi', 'satu', 'geming', 'main', 'lgi', 'di', 'gem', 'ff', 'dan', 'kembalikan', 'akun', 'ff', 'bang', 'budi', 'secepat', 'ya', 'kalau', 'tk', 'kami', 'sebagai', 'follows', 'ya', 'akan', 'pnsi', 'dari', 'ff']","['pelupayer', 'ff', 'bang', 'budi', 'satu', 'geming', 'main', 'lgi', 'gem', 'ff', 'kembalikan', 'akun', 'ff', 'bang', 'budi', 'secepat', 'kalau', 'tk', 'follows', 'pnsi', 'ff']","['pelupayer', 'ff', 'bang', 'budi', 'satu', 'geming', 'main', 'lgi', 'gem', 'ff', 'kembali', 'akun', 'ff', 'bang', 'budi', 'cepat', 'kalau', 'tk', 'follows', 'pnsi', 'ff']",pelupayer ff bang budi satu geming main lgi gem ff kembali akun ff bang budi cepat kalau tk follows pnsi ff
Zaky Alfatih,5,2025-10-03 08:48:12,karena ff selalu di hati,karena ff selalu di hati,karena ff selalu di hati,"['karena', 'ff', 'selalu', 'di', 'hati']","['ff', 'selalu', 'hati']","['ff', 'selalu', 'hati']",ff selalu hati
Kevin Dra,1,2025-10-03 08:47:39,"anj ff burik bikin hp gw patah patah, gak seperti dulu gak patah patah","anj ff burik bikin hp gw patah patah, gak seperti dulu gak patah patah",anj ff burik bikin hp gw patah patah gak seperti dulu gak patah patah,"['anj', 'ff', 'burik', 'bikin', 'hp', 'gw', 'patah', 'patah', 'gak', 'seperti', 'dulu', 'gak', 'patah', 'patah']","['anj', 'ff', 'burik', 'bikin', 'hp', 'gw', 'patah', 'patah', 'gak', 'dulu', 'gak', 'patah', 'patah']","['anj', 'ff', 'burik', 'bikin', 'hp', 'gw', 'patah', 'patah', 'gak', 'dulu', 'gak', 'patah', 'patah']",anj ff burik bikin hp gw patah patah gak dulu gak patah patah
Kenzi Toro,5,2025-10-03 08:46:14,baik bagus.,baik bagus.,baik bagus,"['baik', 'bagus']","['baik', 'bagus']","['baik', 'bagus']",baik bagus
Putueka Suarjaya,5,2025-10-03 08:42:29,bagus,bagus,bagus,['bagus'],['bagus'],['bagus'],bagus
Rafa Rafa,5,2025-10-03 08:40:25,Terimakasih sudah menciptakan geme ini,terimakasih sudah menciptakan geme ini,terimakasih sudah menciptakan geme ini,"['terimakasih', 'sudah', 'menciptakan', 'geme', 'ini']","['terimakasih', 'menciptakan', 'geme']","['terimakasih', 'cipta', 'geme']",terimakasih cipta geme
Madan-Cebonk73,5,2025-10-03 08:32:35,Mantapsss!!!,mantapsss!!!,mantapsss,['mantapsss'],['mantapsss'],['mantapsss'],mantapsss
Wayan Arya,4,2025-10-03 08:31:29,gamenya bagus dan menarik tapi sekarang setiap main br/cs ranked sinyalnya merah terus padahal wifi/data nya banyak dan sinyal WiFi nya bagus,gamenya bagus dan menarik tapi sekarang setiap main br/cs ranked sinyalnya merah terus padahal wifi/data nya banyak dan sinyal wifi nya bagus,gamenya bagus dan menarik tapi sekarang setiap main brcs ranked sinyalnya merah terus padahal wifidata nya banyak dan sinyal wifi nya bagus,"['gamenya', 'bagus', 'dan', 'menarik', 'tapi', 'sekarang', 'setiap', 'main', 'brcs', 'ranked', 'sinyalnya', 'merah', 'terus', 'padahal', 'wifidata', 'nya', 'banyak', 'dan', 'sinyal', 'wifi', 'nya', 'bagus']","['gamenya', 'bagus', 'menarik', 'sekarang', 'main', 'brcs', 'ranked', 'sinyalnya', 'merah', 'terus', 'padahal', 'wifidata', 'nya', 'banyak', 'sinyal', 'wifi', 'nya', 'bagus']","['gamenya', 'bagus', 'tarik', 'sekarang', 'main', 'brcs', 'ranked', 'sinyal', 'merah', 'terus', 'padahal', 'wifidata', 'nya', 'banyak', 'sinyal', 'wifi', 'nya', 'bagus']",gamenya bagus tarik sekarang main brcs ranked sinyal merah terus padahal wifidata nya banyak sinyal wifi nya bagus
Rizal Ramadhan,1,2025-10-03 08:30:07,game jelek ngebug,game jelek ngebug,game jelek ngebug,"['game', 'jelek', 'ngebug']","['game', 'jelek', 'ngebug']","['game', 'jelek', 'ngebug']",game jelek ngebug
fadli saputralaksana,4,2025-10-03 08:23:45,game nyah bagus dan grfik juga bagus tapi ada satu kekurangan dari game ff ini banyak citernyah Tolong kepada Garena free firee tolong di benin para citer nyah meresahkan bangt,game nyah bagus dan grfik juga bagus tapi ada satu kekurangan dari game ff ini banyak citernyah tolong kepada garena free firee tolong di benin para citer nyah meresahkan bangt,game nyah bagus dan grfik juga bagus tapi ada satu kekurangan dari game ff ini banyak citernyah tolong kepada garena free firee tolong di benin para citer nyah meresahkan bangt,"['game', 'nyah', 'bagus', 'dan', 'grfik', 'juga', 'bagus', 'tapi', 'ada', 'satu', 'kekurangan', 'dari', 'game', 'ff', 'ini', 'banyak', 'citernyah', 'tolong', 'kepada', 'garena', 'free', 'firee', 'tolong', 'di', 'benin', 'para', 'citer', 'nyah', 'meresahkan', 'bangt']","['game', 'nyah', 'bagus', 'grfik', 'bagus', 'satu', 'kekurangan', 'game', 'ff', 'banyak', 'citernyah', 'garena', 'free', 'firee', 'benin', 'citer', 'nyah', 'meresahkan', 'bangt']","['game', 'nyah', 'bagus', 'grfik', 'bagus', 'satu', 'kurang', 'game', 'ff', 'banyak', 'citernyah', 'garena', 'free', 'firee', 'benin', 'citer', 'nyah', 'resah', 'bangt']",game nyah bagus grfik bagus satu kurang game ff banyak citernyah garena free firee benin citer nyah resah bangt
Apa Lool,5,2025-10-03 08:21:57,game yg seru,game yg seru,game yg seru,"['game', 'yg', 'seru']","['game', 'yg', 'seru']","['game', 'yg', 'seru']",game yg seru
ARIF WIJAYA,5,2025-10-03 08:15:30,mantap,mantap,mantap,['mantap'],['mantap'],['mantap'],mantap
neng ulfah,5,2025-10-03 08:14:31,seru bngt tapi suka lag aja,seru bngt tapi suka lag aja,seru bngt tapi suka lag aja,"['seru', 'bngt', 'tapi', 'suka', 'lag', 'aja']","['seru', 'bngt', 'suka', 'lag', 'aja']","['seru', 'bngt', 'suka', 'lag', 'aja']",seru bngt suka lag aja
Fatir pahlevi,1,2025-10-03 08:11:10,burik sering lek,burik sering lek,burik sering lek,"['burik', 'sering', 'lek']","['burik', 'sering', 'lek']","['burik', 'sering', 'lek']",burik sering lek
Konsumen,2,2025-10-03 08:04:24,game nya kurang baguss sinyal padahal bagus tiba² gak ada angin dan hujan tim ot tolong perbaiki Garena,game nya kurang baguss sinyal padahal bagus tiba² gak ada angin dan hujan tim ot tolong perbaiki garena,game nya kurang baguss sinyal padahal bagus tiba gak ada angin dan hujan tim ot tolong perbaiki garena,"['game', 'nya', 'kurang', 'baguss', 'sinyal', 'padahal', 'bagus', 'tiba', 'gak', 'ada', 'angin', 'dan', 'hujan', 'tim', 'ot', 'tolong', 'perbaiki', 'garena']","['game', 'nya', 'kurang', 'baguss', 'sinyal', 'padahal', 'bagus', 'tiba', 'gak', 'angin', 'hujan', 'tim', 'ot', 'perbaiki', 'garena']","['game', 'nya', 'kurang', 'baguss', 'sinyal', 'padahal', 'bagus', 'tiba', 'gak', 'angin', 'hujan', 'tim', 'ot', 'baik', 'garena']",game nya kurang baguss sinyal padahal bagus tiba gak angin hujan tim ot baik garena
Siahaan Rasdi,5,2025-10-03 08:04:15,maknyos,maknyos,maknyos,['maknyos'],['maknyos'],['maknyos'],maknyos
Ardiyah Garin,5,2025-10-03 07:57:40,sangat seru,sangat seru,sangat seru,"['sangat', 'seru']","['sangat', 'seru']","['sangat', 'seru']",sangat seru
Algo Fiqi,5,2025-10-03 07:53:52,minta akunnya dong,minta akunnya dong,minta akunnya dong,"['minta', 'akunnya', 'dong']","['minta', 'akunnya', 'dong']","['minta', 'akun', 'dong']",minta akun dong
riaa rhyy,1,2025-10-03 07:50:14,"malas ahh, kok panutan gue ""budi"" ga bisaa main?","malas ahh, kok panutan gue ""budi"" ga bisaa main?",malas ahh kok panutan gue budi ga bisaa main,"['malas', 'ahh', 'kok', 'panutan', 'gue', 'budi', 'ga', 'bisaa', 'main']","['malas', 'ahh', 'kok', 'panutan', 'gue', 'budi', 'ga', 'bisaa', 'main']","['malas', 'ahh', 'kok', 'panutan', 'gue', 'budi', 'ga', 'bisaa', 'main']",malas ahh kok panutan gue budi ga bisaa main
Raya Arko Pratama,5,2025-10-03 07:50:10,game nya seru bisa mabar,game nya seru bisa mabar,game nya seru bisa mabar,"['game', 'nya', 'seru', 'bisa', 'mabar']","['game', 'nya', 'seru', 'mabar']","['game', 'nya', 'seru', 'mabar']",game nya seru mabar
BASORI Ilham,4,2025-10-03 07:49:00,game ini bagus tapi.aku ingin training old kembali,game ini bagus tapi.aku ingin training old kembali,game ini bagus tapiaku ingin training old kembali,"['game', 'ini', 'bagus', 'tapiaku', 'ingin', 'training', 'old', 'kembali']","['game', 'bagus', 'tapiaku', 'training', 'old']","['game', 'bagus', 'tapiaku', 'training', 'old']",game bagus tapiaku training old
Boy Sumatra,5,2025-10-03 07:45:30,FFik,ffik,ffik,['ffik'],['ffik'],['ffik'],ffik
Minarni AHMAD,1,2025-10-03 07:44:48,apalah dari dulu sering leg sendiri padahal sinyal bagus uda burik sering leg² gajelas,apalah dari dulu sering leg sendiri padahal sinyal bagus uda burik sering leg² gajelas,apalah dari dulu sering leg sendiri padahal sinyal bagus uda burik sering leg gajelas,"['apalah', 'dari', 'dulu', 'sering', 'leg', 'sendiri', 'padahal', 'sinyal', 'bagus', 'uda', 'burik', 'sering', 'leg', 'gajelas']","['apalah', 'dulu', 'sering', 'leg', 'sendiri', 'padahal', 'sinyal', 'bagus', 'uda', 'burik', 'sering', 'leg', 'gajelas']","['apa', 'dulu', 'sering', 'leg', 'sendiri', 'padahal', 'sinyal', 'bagus', 'uda', 'burik', 'sering', 'leg', 'gajelas']",apa dulu sering leg sendiri padahal sinyal bagus uda burik sering leg gajelas
Pw Arip123,5,2025-10-03 07:44:22,Cara hack akun ff,cara hack akun ff,cara hack akun ff,"['cara', 'hack', 'akun', 'ff']","['cara', 'hack', 'akun', 'ff']","['cara', 'hack', 'akun', 'ff']",cara hack akun ff
Bapae Ayu,5,2025-10-03 07:42:14,sangat seru tapi terlalu banyak sesen,sangat seru tapi terlalu banyak sesen,sangat seru tapi terlalu banyak sesen,"['sangat', 'seru', 'tapi', 'terlalu', 'banyak', 'sesen']","['sangat', 'seru', 'terlalu', 'banyak', 'sesen']","['sangat', 'seru', 'terlalu', 'banyak', 'sen']",sangat seru terlalu banyak sen
Fadil Pangestu,5,2025-10-03 07:39:45,FF ini bagus dan keren kasih diamond bang 1000 bang,ff ini bagus dan keren kasih diamond bang 1000 bang,ff ini bagus dan keren kasih diamond bang bang,"['ff', 'ini', 'bagus', 'dan', 'keren', 'kasih', 'diamond', 'bang', 'bang']","['ff', 'bagus', 'keren', 'kasih', 'diamond', 'bang', 'bang']","['ff', 'bagus', 'keren', 'kasih', 'diamond', 'bang', 'bang']",ff bagus keren kasih diamond bang bang
Sam Shemzz,5,2025-10-03 07:38:43,sangat baik,sangat baik,sangat baik,"['sangat', 'baik']","['sangat', 'baik']","['sangat', 'baik']",sangat baik
Tacosbell,5,2025-10-03 07:34:39,sengaja ka kasih mode mode mode pesawat,sengaja ka kasih mode mode mode pesawat,sengaja ka kasih mode mode mode pesawat,"['sengaja', 'ka', 'kasih', 'mode', 'mode', 'mode', 'pesawat']","['sengaja', 'ka', 'kasih', 'mode', 'mode', 'mode', 'pesawat']","['sengaja', 'ka', 'kasih', 'mode', 'mode', 'mode', 'pesawat']",sengaja ka kasih mode mode mode pesawat
Tole Realme,5,2025-10-03 07:32:38,game ya enak di main kan bukan kek mobil legen wkwkwkwk,game ya enak di main kan bukan kek mobil legen wkwkwkwk,game ya enak di main kan bukan kek mobil legen wkwkwkwk,"['game', 'ya', 'enak', 'di', 'main', 'kan', 'bukan', 'kek', 'mobil', 'legen', 'wkwkwkwk']","['game', 'enak', 'main', 'kan', 'bukan', 'kek', 'mobil', 'legen', 'wkwkwkwk']","['game', 'enak', 'main', 'kan', 'bukan', 'kek', 'mobil', 'legen', 'wkwkwkwk']",game enak main kan bukan kek mobil legen wkwkwkwk
Bintang Azzami,5,2025-10-03 07:25:39,ff sangat seru aku ketagihan aku main2019 👍,ff sangat seru aku ketagihan aku main2019 👍,ff sangat seru aku ketagihan aku main,"['ff', 'sangat', 'seru', 'aku', 'ketagihan', 'aku', 'main']","['ff', 'sangat', 'seru', 'aku', 'ketagihan', 'aku', 'main']","['ff', 'sangat', 'seru', 'aku', 'tagih', 'aku', 'main']",ff sangat seru aku tagih aku main
Feqri Satria,5,2025-10-03 07:23:01,"sebelum download ff saya sering kejedot pintu, setelah download ff saya sudah tidak kejedot pintu terimakasih ff","sebelum download ff saya sering kejedot pintu, setelah download ff saya sudah tidak kejedot pintu terimakasih ff",sebelum download ff saya sering kejedot pintu setelah download ff saya sudah tidak kejedot pintu terimakasih ff,"['sebelum', 'download', 'ff', 'saya', 'sering', 'kejedot', 'pintu', 'setelah', 'download', 'ff', 'saya', 'sudah', 'tidak', 'kejedot', 'pintu', 'terimakasih', 'ff']","['download', 'ff', 'sering', 'kejedot', 'pintu', 'download', 'ff', 'kejedot', 'pintu', 'terimakasih', 'ff']","['download', 'ff', 'sering', 'jedot', 'pintu', 'download', 'ff', 'jedot', 'pintu', 'terimakasih', 'ff']",download ff sering jedot pintu download ff jedot pintu terimakasih ff
Eza Gionino,5,2025-10-03 07:17:17,ye Ade pintu,ye ade pintu,ye ade pintu,"['ye', 'ade', 'pintu']","['ye', 'ade', 'pintu']","['ye', 'ade', 'pintu']",ye ade pintu
loky ariantaka,5,2025-10-03 07:16:20,bagus,bagus,bagus,['bagus'],['bagus'],['bagus'],bagus
Rido Jolek,3,2025-10-03 07:15:52,tolong jaringan nya diperbaikinya apa LG pas main ngelek parah itu aja moga dibaca,tolong jaringan nya diperbaikinya apa lg pas main ngelek parah itu aja moga dibaca,tolong jaringan nya diperbaikinya apa lg pas main ngelek parah itu aja moga dibaca,"['tolong', 'jaringan', 'nya', 'diperbaikinya', 'apa', 'lg', 'pas', 'main', 'ngelek', 'parah', 'itu', 'aja', 'moga', 'dibaca']","['jaringan', 'nya', 'diperbaikinya', 'apa', 'lg', 'pas', 'main', 'ngelek', 'parah', 'aja', 'moga', 'dibaca']","['jaring', 'nya', 'baik', 'apa', 'lg', 'pas', 'main', 'ngelek', 'parah', 'aja', 'moga', 'baca']",jaring nya baik apa lg pas main ngelek parah aja moga baca
Lusiana Arimadi,4,2025-10-03 07:11:50,karena menyiapkan fasilitas 😔👎,karena menyiapkan fasilitas 😔👎,karena menyiapkan fasilitas,"['karena', 'menyiapkan', 'fasilitas']","['menyiapkan', 'fasilitas']","['siap', 'fasilitas']",siap fasilitas
Tri Tanggalan,5,2025-10-03 07:11:34,min tolong benerin sinyal nya masak pakai kuota masih ngelag tolong segera di benerin ini sangat menggangu saya apalagi saat bermain,min tolong benerin sinyal nya masak pakai kuota masih ngelag tolong segera di benerin ini sangat menggangu saya apalagi saat bermain,min tolong benerin sinyal nya masak pakai kuota masih ngelag tolong segera di benerin ini sangat menggangu saya apalagi saat bermain,"['min', 'tolong', 'benerin', 'sinyal', 'nya', 'masak', 'pakai', 'kuota', 'masih', 'ngelag', 'tolong', 'segera', 'di', 'benerin', 'ini', 'sangat', 'menggangu', 'saya', 'apalagi', 'saat', 'bermain']","['min', 'benerin', 'sinyal', 'nya', 'masak', 'pakai', 'kuota', 'ngelag', 'segera', 'benerin', 'sangat', 'menggangu', 'bermain']","['min', 'benerin', 'sinyal', 'nya', 'masak', 'pakai', 'kuota', 'ngelag', 'segera', 'benerin', 'sangat', 'menggangu', 'main']",min benerin sinyal nya masak pakai kuota ngelag segera benerin sangat menggangu main
Reydi Setiawan,5,2025-10-03 07:10:59,saran suara tembak nya di max di perbaiki,saran suara tembak nya di max di perbaiki,saran suara tembak nya di max di perbaiki,"['saran', 'suara', 'tembak', 'nya', 'di', 'max', 'di', 'perbaiki']","['saran', 'suara', 'tembak', 'nya', 'max', 'perbaiki']","['saran', 'suara', 'tembak', 'nya', 'max', 'baik']",saran suara tembak nya max baik
Nuha Putra,5,2025-10-03 07:10:23,saya hari ini sudah boyyah,saya hari ini sudah boyyah,saya hari ini sudah boyyah,"['saya', 'hari', 'ini', 'sudah', 'boyyah']","['hari', 'boyyah']","['hari', 'boyyah']",hari boyyah
Hok Cai,5,2025-10-03 07:04:47,aku suka semoga akun ku gk di band garena,aku suka semoga akun ku gk di band garena,aku suka semoga akun ku gk di band garena,"['aku', 'suka', 'semoga', 'akun', 'ku', 'gk', 'di', 'band', 'garena']","['aku', 'suka', 'semoga', 'akun', 'ku', 'gk', 'band', 'garena']","['aku', 'suka', 'moga', 'akun', 'ku', 'gk', 'band', 'garena']",aku suka moga akun ku gk band garena
Eka Adelia,5,2025-10-03 07:04:46,keren,keren,keren,['keren'],['keren'],['keren'],keren
Anarita Dos Santos,4,2025-10-03 07:04:04,ini uda bagus si ff tapi tolong tambahin pick atau bidik dan pintu kalo gak ada jadi bahan tawaan game lain sprti pubgdan ML,ini uda bagus si ff tapi tolong tambahin pick atau bidik dan pintu kalo gak ada jadi bahan tawaan game lain sprti pubgdan ml,ini uda bagus si ff tapi tolong tambahin pick atau bidik dan pintu kalo gak ada jadi bahan tawaan game lain sprti pubgdan ml,"['ini', 'uda', 'bagus', 'si', 'ff', 'tapi', 'tolong', 'tambahin', 'pick', 'atau', 'bidik', 'dan', 'pintu', 'kalo', 'gak', 'ada', 'jadi', 'bahan', 'tawaan', 'game', 'lain', 'sprti', 'pubgdan', 'ml']","['uda', 'bagus', 'si', 'ff', 'tambahin', 'pick', 'bidik', 'pintu', 'kalo', 'gak', 'jadi', 'bahan', 'tawaan', 'game', 'sprti', 'pubgdan', 'ml']","['uda', 'bagus', 'si', 'ff', 'tambahin', 'pick', 'bidik', 'pintu', 'kalo', 'gak', 'jadi', 'bahan', 'tawa', 'game', 'sprti', 'pubgdan', 'ml']",uda bagus si ff tambahin pick bidik pintu kalo gak jadi bahan tawa game sprti pubgdan ml
Captain Kid,5,2025-10-03 07:01:01,game sangat keren dan unik,game sangat keren dan unik,game sangat keren dan unik,"['game', 'sangat', 'keren', 'dan', 'unik']","['game', 'sangat', 'keren', 'unik']","['game', 'sangat', 'keren', 'unik']",game sangat keren unik
Ayu Nadiyah,1,2025-10-03 06:55:49,"kanapa sih min banyak bug nya, bikin ngerugiin pelayer lain","kanapa sih min banyak bug nya, bikin ngerugiin pelayer lain",kanapa sih min banyak bug nya bikin ngerugiin pelayer lain,"['kanapa', 'sih', 'min', 'banyak', 'bug', 'nya', 'bikin', 'ngerugiin', 'pelayer', 'lain']","['kanapa', 'sih', 'min', 'banyak', 'bug', 'nya', 'bikin', 'ngerugiin', 'pelayer']","['kanapa', 'sih', 'min', 'banyak', 'bug', 'nya', 'bikin', 'ngerugiin', 'layer']",kanapa sih min banyak bug nya bikin ngerugiin layer
Dikihanifs Dikihanif,5,2025-10-03 06:54:40,keren,keren,keren,['keren'],['keren'],['keren'],keren
Infinix Rc,5,2025-10-03 06:48:52,bagus,bagus,bagus,['bagus'],['bagus'],['bagus'],bagus
Mey raa,5,2025-10-03 06:48:04,like bang pindah,like bang pindah,like bang pindah,"['like', 'bang', 'pindah']","['like', 'bang', 'pindah']","['like', 'bang', 'pindah']",like bang pindah
Veni,1,2025-10-03 06:46:08,akun hilang,akun hilang,akun hilang,"['akun', 'hilang']","['akun', 'hilang']","['akun', 'hilang']",akun hilang
Aqilaalzahra Zahra,5,2025-10-03 06:45:15,bagus seruu,bagus seruu,bagus seruu,"['bagus', 'seruu']","['bagus', 'seruu']","['bagus', 'seruu']",bagus seruu
fais aska,5,2025-10-03 06:43:51,seruu,seruu,seruu,['seruu'],['seruu'],['seruu'],seruu
Muhammad Ikbal,5,2025-10-03 06:41:04,🔥🔥,🔥🔥,,[],[],[],
Arya Ganteng,5,2025-10-03 06:33:25,semoga aku hoki,semoga aku hoki,semoga aku hoki,"['semoga', 'aku', 'hoki']","['semoga', 'aku', 'hoki']","['moga', 'aku', 'hoki']",moga aku hoki
Jeni Nuraeni,5,2025-10-03 06:29:55,game ini seru tapi banyak kekurangan,game ini seru tapi banyak kekurangan,game ini seru tapi banyak kekurangan,"['game', 'ini', 'seru', 'tapi', 'banyak', 'kekurangan']","['game', 'seru', 'banyak', 'kekurangan']","['game', 'seru', 'banyak', 'kurang']",game seru banyak kurang
Sullimah Sullimah,5,2025-10-03 06:24:23,kerja bagus,kerja bagus,kerja bagus,"['kerja', 'bagus']","['kerja', 'bagus']","['kerja', 'bagus']",kerja bagus
Aura Yahaira16,5,2025-10-03 06:23:20,saya suka dengan game ini dan ini adalah game favorit sayaa,saya suka dengan game ini dan ini adalah game favorit sayaa,saya suka dengan game ini dan ini adalah game favorit sayaa,"['saya', 'suka', 'dengan', 'game', 'ini', 'dan', 'ini', 'adalah', 'game', 'favorit', 'sayaa']","['suka', 'game', 'game', 'favorit', 'sayaa']","['suka', 'game', 'game', 'favorit', 'sayaa']",suka game game favorit sayaa
Khansaa,5,2025-10-03 06:22:27,enak banget cuyyyy,enak banget cuyyyy,enak banget cuyyyy,"['enak', 'banget', 'cuyyyy']","['enak', 'banget', 'cuyyyy']","['enak', 'banget', 'cuyyyy']",enak banget cuyyyy
Bintang Triatna,5,2025-10-03 06:20:37,game burik,game burik,game burik,"['game', 'burik']","['game', 'burik']","['game', 'burik']",game burik
Langit Hermawan,5,2025-10-03 06:17:53,aku suka game ini tapi hokiin dong Garena bentar lagi aku top up ya garena,aku suka game ini tapi hokiin dong garena bentar lagi aku top up ya garena,aku suka game ini tapi hokiin dong garena bentar lagi aku top up ya garena,"['aku', 'suka', 'game', 'ini', 'tapi', 'hokiin', 'dong', 'garena', 'bentar', 'lagi', 'aku', 'top', 'up', 'ya', 'garena']","['aku', 'suka', 'game', 'hokiin', 'dong', 'garena', 'bentar', 'aku', 'top', 'up', 'garena']","['aku', 'suka', 'game', 'hokiin', 'dong', 'garena', 'bentar', 'aku', 'top', 'up', 'garena']",aku suka game hokiin dong garena bentar aku top up garena
Fauzan maulana Firmansyah,5,2025-10-03 06:17:51,aku main epep sejak tahun 2017,aku main epep sejak tahun 2017,aku main epep sejak tahun,"['aku', 'main', 'epep', 'sejak', 'tahun']","['aku', 'main', 'epep', 'sejak', 'tahun']","['aku', 'main', 'epep', 'sejak', 'tahun']",aku main epep sejak tahun
Noni Noni,5,2025-10-03 06:10:14,game nya sangat seru,game nya sangat seru,game nya sangat seru,"['game', 'nya', 'sangat', 'seru']","['game', 'nya', 'sangat', 'seru']","['game', 'nya', 'sangat', 'seru']",game nya sangat seru
Ardin Rena,5,2025-10-03 06:05:17,🍌🍌🍌🍌,🍌🍌🍌🍌,,[],[],[],
Rezki,5,2025-10-03 06:05:16,gem nya bagus ga kaya gem sebelah semangat buat developer nya,gem nya bagus ga kaya gem sebelah semangat buat developer nya,gem nya bagus ga kaya gem sebelah semangat buat developer nya,"['gem', 'nya', 'bagus', 'ga', 'kaya', 'gem', 'sebelah', 'semangat', 'buat', 'developer', 'nya']","['gem', 'nya', 'bagus', 'ga', 'kaya', 'gem', 'sebelah', 'semangat', 'buat', 'developer', 'nya']","['gem', 'nya', 'bagus', 'ga', 'kaya', 'gem', 'belah', 'semangat', 'buat', 'developer', 'nya']",gem nya bagus ga kaya gem belah semangat buat developer nya
Rafi,5,2025-10-03 06:02:04,cepat,cepat,cepat,['cepat'],['cepat'],['cepat'],cepat
Bisam Abrisam,1,2025-10-03 05:58:55,kenapa bang budi 01 gaming di band permanen di game burik,kenapa bang budi 01 gaming di band permanen di game burik,kenapa bang budi gaming di band permanen di game burik,"['kenapa', 'bang', 'budi', 'gaming', 'di', 'band', 'permanen', 'di', 'game', 'burik']","['bang', 'budi', 'gaming', 'band', 'permanen', 'game', 'burik']","['bang', 'budi', 'gaming', 'band', 'permanen', 'game', 'burik']",bang budi gaming band permanen game burik
M Febri,5,2025-10-03 05:55:34,sangat senang,sangat senang,sangat senang,"['sangat', 'senang']","['sangat', 'senang']","['sangat', 'senang']",sangat senang
Cila,5,2025-10-03 05:52:35,👍👍👍🌹🌹🌹,👍👍👍🌹🌹🌹,,[],[],[],
Kenzie Dafa,5,2025-10-03 05:48:01,sangat seru untuk dimainkan,sangat seru untuk dimainkan,sangat seru untuk dimainkan,"['sangat', 'seru', 'untuk', 'dimainkan']","['sangat', 'seru', 'dimainkan']","['sangat', 'seru', 'main']",sangat seru main
Raden Mas,3,2025-10-03 05:47:12,kurang grafik min,kurang grafik min,kurang grafik min,"['kurang', 'grafik', 'min']","['kurang', 'grafik', 'min']","['kurang', 'grafik', 'min']",kurang grafik min
Neng Ratu,5,2025-10-03 05:44:32,game nya memang seru tapi bug nya banyak banget plis garena perbaiki bug nya,game nya memang seru tapi bug nya banyak banget plis garena perbaiki bug nya,game nya memang seru tapi bug nya banyak banget plis garena perbaiki bug nya,"['game', 'nya', 'memang', 'seru', 'tapi', 'bug', 'nya', 'banyak', 'banget', 'plis', 'garena', 'perbaiki', 'bug', 'nya']","['game', 'nya', 'memang', 'seru', 'bug', 'nya', 'banyak', 'banget', 'plis', 'garena', 'perbaiki', 'bug', 'nya']","['game', 'nya', 'memang', 'seru', 'bug', 'nya', 'banyak', 'banget', 'plis', 'garena', 'baik', 'bug', 'nya']",game nya memang seru bug nya banyak banget plis garena baik bug nya
uzumaki naruto,2,2025-10-03 05:41:44,aneh burik,aneh burik,aneh burik,"['aneh', 'burik']","['aneh', 'burik']","['aneh', 'burik']",aneh burik
Nabila Putri,5,2025-10-03 05:40:36,seruu banget hero dan skin nya bagus bagus,seruu banget hero dan skin nya bagus bagus,seruu banget hero dan skin nya bagus bagus,"['seruu', 'banget', 'hero', 'dan', 'skin', 'nya', 'bagus', 'bagus']","['seruu', 'banget', 'hero', 'skin', 'nya', 'bagus', 'bagus']","['seruu', 'banget', 'hero', 'skin', 'nya', 'bagus', 'bagus']",seruu banget hero skin nya bagus bagus
Abid Pratama,1,2025-10-03 05:36:04,gua beri bintang satu karena bg Budi gk bisa main emg anj,gua beri bintang satu karena bg budi gk bisa main emg anj,gua beri bintang satu karena bg budi gk bisa main emg anj,"['gua', 'beri', 'bintang', 'satu', 'karena', 'bg', 'budi', 'gk', 'bisa', 'main', 'emg', 'anj']","['gua', 'beri', 'bintang', 'satu', 'bg', 'budi', 'gk', 'main', 'emg', 'anj']","['gua', 'beri', 'bintang', 'satu', 'bg', 'budi', 'gk', 'main', 'emg', 'anj']",gua beri bintang satu bg budi gk main emg anj
Rehan Nasution,5,2025-10-03 05:35:31,"tolong ih, jangan banyakin chiter nya, tolong hargai pemain lain nya,dan buk nya di hilangkan semua","tolong ih, jangan banyakin chiter nya, tolong hargai pemain lain nya,dan buk nya di hilangkan semua",tolong ih jangan banyakin chiter nya tolong hargai pemain lain nyadan buk nya di hilangkan semua,"['tolong', 'ih', 'jangan', 'banyakin', 'chiter', 'nya', 'tolong', 'hargai', 'pemain', 'lain', 'nyadan', 'buk', 'nya', 'di', 'hilangkan', 'semua']","['ih', 'jangan', 'banyakin', 'chiter', 'nya', 'hargai', 'pemain', 'nyadan', 'buk', 'nya', 'hilangkan', 'semua']","['ih', 'jangan', 'banyakin', 'chiter', 'nya', 'harga', 'main', 'nyadan', 'buk', 'nya', 'hilang', 'semua']",ih jangan banyakin chiter nya harga main nyadan buk nya hilang semua
Eza Novalio,5,2025-10-03 05:33:06,"seru bet cok, pokoknya mantep lah","seru bet cok, pokoknya mantep lah",seru bet cok pokoknya mantep lah,"['seru', 'bet', 'cok', 'pokoknya', 'mantep', 'lah']","['seru', 'bet', 'cok', 'pokoknya', 'mantep', 'lah']","['seru', 'bet', 'cok', 'pokok', 'mantep', 'lah']",seru bet cok pokok mantep lah
Mini Juflin,5,2025-10-03 05:32:48,Bagus unik bisa cari pacar di sini game ini,bagus unik bisa cari pacar di sini game ini,bagus unik bisa cari pacar di sini game ini,"['bagus', 'unik', 'bisa', 'cari', 'pacar', 'di', 'sini', 'game', 'ini']","['bagus', 'unik', 'cari', 'pacar', 'sini', 'game']","['bagus', 'unik', 'cari', 'pacar', 'sini', 'game']",bagus unik cari pacar sini game
Damar Irsyad,5,2025-10-03 05:32:08,game nya seru banget,game nya seru banget,game nya seru banget,"['game', 'nya', 'seru', 'banget']","['game', 'nya', 'seru', 'banget']","['game', 'nya', 'seru', 'banget']",game nya seru banget
BONUSE Dy,5,2025-10-03 05:26:43,Terima Kasih!,terima kasih!,terima kasih,"['terima', 'kasih']","['terima', 'kasih']","['terima', 'kasih']",terima kasih
septi kusuma,5,2025-10-03 05:23:30,gem ini Sangat bagus,gem ini sangat bagus,gem ini sangat bagus,"['gem', 'ini', 'sangat', 'bagus']","['gem', 'sangat', 'bagus']","['gem', 'sangat', 'bagus']",gem sangat bagus
akunmobilelegend,1,2025-10-03 05:23:19,burik jelek,burik jelek,burik jelek,"['burik', 'jelek']","['burik', 'jelek']","['burik', 'jelek']",burik jelek
Rafa alrazi,5,2025-10-03 05:19:41,season game ff ini sangat singkat saya tidak sempat push renk,season game ff ini sangat singkat saya tidak sempat push renk,season game ff ini sangat singkat saya tidak sempat push renk,"['season', 'game', 'ff', 'ini', 'sangat', 'singkat', 'saya', 'tidak', 'sempat', 'push', 'renk']","['season', 'game', 'ff', 'sangat', 'singkat', 'sempat', 'push', 'renk']","['season', 'game', 'ff', 'sangat', 'singkat', 'sempat', 'push', 'renk']",season game ff sangat singkat sempat push renk
Arif Firmanto,5,2025-10-03 05:17:35,aku mau dm 1000,aku mau dm 1000,aku mau dm,"['aku', 'mau', 'dm']","['aku', 'mau', 'dm']","['aku', 'mau', 'dm']",aku mau dm
Muhammad Akbaru iqbal,1,2025-10-03 05:13:21,game banyak bug,game banyak bug,game banyak bug,"['game', 'banyak', 'bug']","['game', 'banyak', 'bug']","['game', 'banyak', 'bug']",game banyak bug
STOK 18,4,2025-10-03 05:12:18,tolong lah kepada mimin Garena kita sebagai Player marah' ketika main game ini di karemakan sinyal padahal jaringannya bagus jadi tolong ya segera di perbaiki 🙏😇,tolong lah kepada mimin garena kita sebagai player marah' ketika main game ini di karemakan sinyal padahal jaringannya bagus jadi tolong ya segera di perbaiki 🙏😇,tolong lah kepada mimin garena kita sebagai player marah ketika main game ini di karemakan sinyal padahal jaringannya bagus jadi tolong ya segera di perbaiki,"['tolong', 'lah', 'kepada', 'mimin', 'garena', 'kita', 'sebagai', 'player', 'marah', 'ketika', 'main', 'game', 'ini', 'di', 'karemakan', 'sinyal', 'padahal', 'jaringannya', 'bagus', 'jadi', 'tolong', 'ya', 'segera', 'di', 'perbaiki']","['lah', 'mimin', 'garena', 'player', 'marah', 'main', 'game', 'karemakan', 'sinyal', 'padahal', 'jaringannya', 'bagus', 'jadi', 'segera', 'perbaiki']","['lah', 'mimin', 'garena', 'player', 'marah', 'main', 'game', 'karemakan', 'sinyal', 'padahal', 'jaring', 'bagus', 'jadi', 'segera', 'baik']",lah mimin garena player marah main game karemakan sinyal padahal jaring bagus jadi segera baik
Mardiani,5,2025-10-03 05:11:32,game bagus,game bagus,game bagus,"['game', 'bagus']","['game', 'bagus']","['game', 'bagus']",game bagus
Redmi A1,1,2025-10-03 05:08:37,tolong lah Garena di perbaiki gem nya... Samat masuk harus tunggu beberapa menit... makin rosak aja ini epep,tolong lah garena di perbaiki gem nya... samat masuk harus tunggu beberapa menit... makin rosak aja ini epep,tolong lah garena di perbaiki gem nya samat masuk harus tunggu beberapa menit makin rosak aja ini epep,"['tolong', 'lah', 'garena', 'di', 'perbaiki', 'gem', 'nya', 'samat', 'masuk', 'harus', 'tunggu', 'beberapa', 'menit', 'makin', 'rosak', 'aja', 'ini', 'epep']","['lah', 'garena', 'perbaiki', 'gem', 'nya', 'samat', 'masuk', 'tunggu', 'beberapa', 'menit', 'makin', 'rosak', 'aja', 'epep']","['lah', 'garena', 'baik', 'gem', 'nya', 'samat', 'masuk', 'tunggu', 'beberapa', 'menit', 'makin', 'rosak', 'aja', 'epep']",lah garena baik gem nya samat masuk tunggu beberapa menit makin rosak aja epep
Kanzia Nur maulidia,4,2025-10-03 05:07:28,seru,seru,seru,['seru'],['seru'],['seru'],seru
Rian Alfazar,5,2025-10-03 05:03:46,game nya bisa entod entod,game nya bisa entod entod,game nya bisa entod entod,"['game', 'nya', 'bisa', 'entod', 'entod']","['game', 'nya', 'entod', 'entod']","['game', 'nya', 'entod', 'entod']",game nya entod entod
Sopiyan,4,2025-10-03 04:55:01,bagus,bagus,bagus,['bagus'],['bagus'],['bagus'],bagus
runa cakep,2,2025-10-03 04:54:57,"ini kenapa di update terus ya, hp gw ngelagg woi lama lama pengen gw hapus aja ni game nya padahal dulu bagus sekarang bikin hp ngelag padahal udah beli hp baru gw tetap ngelagg teruss capek gw season cepet banget lagi perasaan dulu GK secepat ini","ini kenapa di update terus ya, hp gw ngelagg woi lama lama pengen gw hapus aja ni game nya padahal dulu bagus sekarang bikin hp ngelag padahal udah beli hp baru gw tetap ngelagg teruss capek gw season cepet banget lagi perasaan dulu gk secepat ini",ini kenapa di update terus ya hp gw ngelagg woi lama lama pengen gw hapus aja ni game nya padahal dulu bagus sekarang bikin hp ngelag padahal udah beli hp baru gw tetap ngelagg teruss capek gw season cepet banget lagi perasaan dulu gk secepat ini,"['ini', 'kenapa', 'di', 'update', 'terus', 'ya', 'hp', 'gw', 'ngelagg', 'woi', 'lama', 'lama', 'pengen', 'gw', 'hapus', 'aja', 'ni', 'game', 'nya', 'padahal', 'dulu', 'bagus', 'sekarang', 'bikin', 'hp', 'ngelag', 'padahal', 'udah', 'beli', 'hp', 'baru', 'gw', 'tetap', 'ngelagg', 'teruss', 'capek', 'gw', 'season', 'cepet', 'banget', 'lagi', 'perasaan', 'dulu', 'gk', 'secepat', 'ini']","['update', 'terus', 'hp', 'gw', 'ngelagg', 'woi', 'lama', 'lama', 'pengen', 'gw', 'hapus', 'aja', 'ni', 'game', 'nya', 'padahal', 'dulu', 'bagus', 'sekarang', 'bikin', 'hp', 'ngelag', 'padahal', 'udah', 'beli', 'hp', 'baru', 'gw', 'tetap', 'ngelagg', 'teruss', 'capek', 'gw', 'season', 'cepet', 'banget', 'perasaan', 'dulu', 'gk', 'secepat']","['update', 'terus', 'hp', 'gw', 'ngelagg', 'woi', 'lama', 'lama', 'ken', 'gw', 'hapus', 'aja', 'ni', 'game', 'nya', 'padahal', 'dulu', 'bagus', 'sekarang', 'bikin', 'hp', 'ngelag', 'padahal', 'udah', 'beli', 'hp', 'baru', 'gw', 'tetap', 'ngelagg', 'teruss', 'capek', 'gw', 'season', 'cepet', 'banget', 'asa', 'dulu', 'gk', 'cepat']",update terus hp gw ngelagg woi lama lama ken gw hapus aja ni game nya padahal dulu bagus sekarang bikin hp ngelag padahal udah beli hp baru gw tetap ngelagg teruss capek gw season cepet banget asa dulu gk cepat
Cekdo Do,1,2025-10-03 04:53:42,Budi 01 gaming,budi 01 gaming,budi gaming,"['budi', 'gaming']","['budi', 'gaming']","['budi', 'gaming']",budi gaming
Nurwana Kabir,1,2025-10-03 04:48:56,riana riana riana,riana riana riana,riana riana riana,"['riana', 'riana', 'riana']","['riana', 'riana', 'riana']","['riana', 'riana', 'riana']",riana riana riana
Indah Device,1,2025-10-03 04:48:18,main game lain aja di ban dari game 😹,main game lain aja di ban dari game 😹,main game lain aja di ban dari game,"['main', 'game', 'lain', 'aja', 'di', 'ban', 'dari', 'game']","['main', 'game', 'aja', 'ban', 'game']","['main', 'game', 'aja', 'ban', 'game']",main game aja ban game
Muhamad Epan,5,2025-10-03 04:44:14,musuh nya bot semua,musuh nya bot semua,musuh nya bot semua,"['musuh', 'nya', 'bot', 'semua']","['musuh', 'nya', 'bot', 'semua']","['musuh', 'nya', 'bot', 'semua']",musuh nya bot semua
Rahmad Ilminasir,1,2025-10-03 04:38:34,GARENA yg terhormat coba di CS RANK tokonya semua hayato terima kasih😁😅,garena yg terhormat coba di cs rank tokonya semua hayato terima kasih😁😅,garena yg terhormat coba di cs rank tokonya semua hayato terima kasih,"['garena', 'yg', 'terhormat', 'coba', 'di', 'cs', 'rank', 'tokonya', 'semua', 'hayato', 'terima', 'kasih']","['garena', 'yg', 'terhormat', 'coba', 'cs', 'rank', 'tokonya', 'semua', 'hayato', 'terima', 'kasih']","['garena', 'yg', 'hormat', 'coba', 'cs', 'rank', 'toko', 'semua', 'hayato', 'terima', 'kasih']",garena yg hormat coba cs rank toko semua hayato terima kasih
Rahmat Setiyadi,5,2025-10-03 04:37:37,keli memang mantap,keli memang mantap,keli memang mantap,"['keli', 'memang', 'mantap']","['keli', 'memang', 'mantap']","['keli', 'memang', 'mantap']",keli memang mantap
Ikram Muhzulwal,5,2025-10-03 04:36:11,game ini seru banget,game ini seru banget,game ini seru banget,"['game', 'ini', 'seru', 'banget']","['game', 'seru', 'banget']","['game', 'seru', 'banget']",game seru banget
Miftakhul Khoiri,2,2025-10-03 04:33:47,makin tahun makin jelek event eventnya apalah skin SG 2 cuma di kasih efek sedikit ga sesuai banget sama harganya statistik cuma nambah moment speed lagi sebagai game yang pernah No 1 di play store menurut saya event yang sekarang jelek parah banget,makin tahun makin jelek event eventnya apalah skin sg 2 cuma di kasih efek sedikit ga sesuai banget sama harganya statistik cuma nambah moment speed lagi sebagai game yang pernah no 1 di play store menurut saya event yang sekarang jelek parah banget,makin tahun makin jelek event eventnya apalah skin sg cuma di kasih efek sedikit ga sesuai banget sama harganya statistik cuma nambah moment speed lagi sebagai game yang pernah no di play store menurut saya event yang sekarang jelek parah banget,"['makin', 'tahun', 'makin', 'jelek', 'event', 'eventnya', 'apalah', 'skin', 'sg', 'cuma', 'di', 'kasih', 'efek', 'sedikit', 'ga', 'sesuai', 'banget', 'sama', 'harganya', 'statistik', 'cuma', 'nambah', 'moment', 'speed', 'lagi', 'sebagai', 'game', 'yang', 'pernah', 'no', 'di', 'play', 'store', 'menurut', 'saya', 'event', 'yang', 'sekarang', 'jelek', 'parah', 'banget']","['makin', 'tahun', 'makin', 'jelek', 'event', 'eventnya', 'apalah', 'skin', 'sg', 'cuma', 'kasih', 'efek', 'sedikit', 'ga', 'sesuai', 'banget', 'sama', 'harganya', 'statistik', 'cuma', 'nambah', 'moment', 'speed', 'game', 'pernah', 'no', 'play', 'store', 'event', 'sekarang', 'jelek', 'parah', 'banget']","['makin', 'tahun', 'makin', 'jelek', 'event', 'eventnya', 'apa', 'skin', 'sg', 'cuma', 'kasih', 'efek', 'sedikit', 'ga', 'sesuai', 'banget', 'sama', 'harga', 'statistik', 'cuma', 'nambah', 'moment', 'speed', 'game', 'pernah', 'no', 'play', 'store', 'event', 'sekarang', 'jelek', 'parah', 'banget']",makin tahun makin jelek event eventnya apa skin sg cuma kasih efek sedikit ga sesuai banget sama harga statistik cuma nambah moment speed game pernah no play store event sekarang jelek parah banget
Dodi Suprodi,5,2025-10-03 04:31:03,game nya bagus dan bikin bosen ngilang,game nya bagus dan bikin bosen ngilang,game nya bagus dan bikin bosen ngilang,"['game', 'nya', 'bagus', 'dan', 'bikin', 'bosen', 'ngilang']","['game', 'nya', 'bagus', 'bikin', 'bosen', 'ngilang']","['game', 'nya', 'bagus', 'bikin', 'bosen', 'ngilang']",game nya bagus bikin bosen ngilang
Wonokoyo Team,5,2025-10-03 04:31:02,mintak DM 100.000,mintak dm 100.000,mintak dm,"['mintak', 'dm']","['mintak', 'dm']","['mintak', 'dm']",mintak dm
Abdillah Azka,5,2025-10-03 04:28:11,aku suka freefayer,aku suka freefayer,aku suka freefayer,"['aku', 'suka', 'freefayer']","['aku', 'suka', 'freefayer']","['aku', 'suka', 'freefayer']",aku suka freefayer
Nabila Raisya,5,2025-10-03 04:25:22,sangat seru,sangat seru,sangat seru,"['sangat', 'seru']","['sangat', 'seru']","['sangat', 'seru']",sangat seru
Putu Sintya,5,2025-10-03 04:23:10,eleppyu epep,eleppyu epep,eleppyu epep,"['eleppyu', 'epep']","['eleppyu', 'epep']","['eleppyu', 'epep']",eleppyu epep
Rizz X,5,2025-10-03 04:23:01,bagus,bagus,bagus,['bagus'],['bagus'],['bagus'],bagus
Fatan Faturahman,1,2025-10-03 04:18:40,kacang lupa kulit,kacang lupa kulit,kacang lupa kulit,"['kacang', 'lupa', 'kulit']","['kacang', 'lupa', 'kulit']","['kacang', 'lupa', 'kulit']",kacang lupa kulit
madi expand,5,2025-10-03 04:16:42,pengin Gren master dan dapat dm 6000 biar bisa prem 4,pengin gren master dan dapat dm 6000 biar bisa prem 4,pengin gren master dan dapat dm biar bisa prem,"['pengin', 'gren', 'master', 'dan', 'dapat', 'dm', 'biar', 'bisa', 'prem']","['pengin', 'gren', 'master', 'dm', 'biar', 'prem']","['pengin', 'gren', 'master', 'dm', 'biar', 'prem']",pengin gren master dm biar prem
Vivo V,5,2025-10-03 04:12:46,bagus,bagus,bagus,['bagus'],['bagus'],['bagus'],bagus
Jefrianus Bolo dadi,5,2025-10-03 04:10:20,tolong jaringan gamenya diperbaiki 🥹,tolong jaringan gamenya diperbaiki 🥹,tolong jaringan gamenya diperbaiki,"['tolong', 'jaringan', 'gamenya', 'diperbaiki']","['jaringan', 'gamenya', 'diperbaiki']","['jaring', 'gamenya', 'baik']",jaring gamenya baik
Elvi Oke,5,2025-10-03 04:09:39,baik,baik,baik,['baik'],['baik'],['baik'],baik
Ita Rosita,5,2025-10-03 04:05:05,pxegxt,pxegxt,pxegxt,['pxegxt'],['pxegxt'],['pxegxt'],pxegxt
Syakirah rania Insyirah,5,2025-10-03 04:03:12,wajib download tapi untuk Garena plis lah kalo spin kasih hoki dikit,wajib download tapi untuk garena plis lah kalo spin kasih hoki dikit,wajib download tapi untuk garena plis lah kalo spin kasih hoki dikit,"['wajib', 'download', 'tapi', 'untuk', 'garena', 'plis', 'lah', 'kalo', 'spin', 'kasih', 'hoki', 'dikit']","['wajib', 'download', 'garena', 'plis', 'lah', 'kalo', 'spin', 'kasih', 'hoki', 'dikit']","['wajib', 'download', 'garena', 'plis', 'lah', 'kalo', 'spin', 'kasih', 'hoki', 'dikit']",wajib download garena plis lah kalo spin kasih hoki dikit
widya pranita,5,2025-10-03 04:00:09,game nya seru sekali aku ingi menjadi yutuber free fire,game nya seru sekali aku ingi menjadi yutuber free fire,game nya seru sekali aku ingi menjadi yutuber free fire,"['game', 'nya', 'seru', 'sekali', 'aku', 'ingi', 'menjadi', 'yutuber', 'free', 'fire']","['game', 'nya', 'seru', 'sekali', 'aku', 'ingi', 'menjadi', 'yutuber', 'free', 'fire']","['game', 'nya', 'seru', 'sekali', 'aku', 'ingi', 'jadi', 'yutuber', 'free', 'fire']",game nya seru sekali aku ingi jadi yutuber free fire
Abisam Reynan,5,2025-10-03 03:59:57,saya cinta free free,saya cinta free free,saya cinta free free,"['saya', 'cinta', 'free', 'free']","['cinta', 'free', 'free']","['cinta', 'free', 'free']",cinta free free
puskesmas mersam,4,2025-10-03 03:55:45,game nya keren bagus tapi masih banyak bug nya sekarang item old jadi pasaran kayak topi jerami Kakashi tolong Garena poles sedikit lagi,game nya keren bagus tapi masih banyak bug nya sekarang item old jadi pasaran kayak topi jerami kakashi tolong garena poles sedikit lagi,game nya keren bagus tapi masih banyak bug nya sekarang item old jadi pasaran kayak topi jerami kakashi tolong garena poles sedikit lagi,"['game', 'nya', 'keren', 'bagus', 'tapi', 'masih', 'banyak', 'bug', 'nya', 'sekarang', 'item', 'old', 'jadi', 'pasaran', 'kayak', 'topi', 'jerami', 'kakashi', 'tolong', 'garena', 'poles', 'sedikit', 'lagi']","['game', 'nya', 'keren', 'bagus', 'banyak', 'bug', 'nya', 'sekarang', 'item', 'old', 'jadi', 'pasaran', 'kayak', 'topi', 'jerami', 'kakashi', 'garena', 'poles', 'sedikit']","['game', 'nya', 'keren', 'bagus', 'banyak', 'bug', 'nya', 'sekarang', 'item', 'old', 'jadi', 'pasar', 'kayak', 'topi', 'jerami', 'kakashi', 'garena', 'poles', 'sedikit']",game nya keren bagus banyak bug nya sekarang item old jadi pasar kayak topi jerami kakashi garena poles sedikit
Nazwa Djailany,5,2025-10-03 03:49:51,gem yang bagus,gem yang bagus,gem yang bagus,"['gem', 'yang', 'bagus']","['gem', 'bagus']","['gem', 'bagus']",gem bagus
Adya Sep,5,2025-10-03 03:46:25,balikin akun lama gw,balikin akun lama gw,balikin akun lama gw,"['balikin', 'akun', 'lama', 'gw']","['balikin', 'akun', 'lama', 'gw']","['balikin', 'akun', 'lama', 'gw']",balikin akun lama gw
yayat x,1,2025-10-03 03:45:25,game burik,game burik,game burik,"['game', 'burik']","['game', 'burik']","['game', 'burik']",game burik
M.Hidayat Dayat,1,2025-10-03 03:44:14,apalah bg budi akunnya di bl cuman gara2 main blood strike garena baperan lol,apalah bg budi akunnya di bl cuman gara2 main blood strike garena baperan lol,apalah bg budi akunnya di bl cuman gara main blood strike garena baperan lol,"['apalah', 'bg', 'budi', 'akunnya', 'di', 'bl', 'cuman', 'gara', 'main', 'blood', 'strike', 'garena', 'baperan', 'lol']","['apalah', 'bg', 'budi', 'akunnya', 'bl', 'cuman', 'gara', 'main', 'blood', 'strike', 'garena', 'baperan', 'lol']","['apa', 'bg', 'budi', 'akun', 'bl', 'cuman', 'gara', 'main', 'blood', 'strike', 'garena', 'baperan', 'lol']",apa bg budi akun bl cuman gara main blood strike garena baperan lol
Kresna Patria Nurutama,5,2025-10-03 03:42:07,bagus,bagus,bagus,['bagus'],['bagus'],['bagus'],bagus
Boom Berr,5,2025-10-03 03:32:24,game ini sangat bagus,game ini sangat bagus,game ini sangat bagus,"['game', 'ini', 'sangat', 'bagus']","['game', 'sangat', 'bagus']","['game', 'sangat', 'bagus']",game sangat bagus
Ahmad Wahyudi,5,2025-10-03 03:29:01,top games,top games,top games,"['top', 'games']","['top', 'games']","['top', 'games']",top games
Rizal Fatullah,5,2025-10-03 03:24:02,hehe,hehe,hehe,['hehe'],['hehe'],['hehe'],hehe
Adzan Muntadza,5,2025-10-03 03:23:52,ok,ok,ok,['ok'],[],[],
Fauzi Adia,1,2025-10-03 03:19:36,"blog, orang cuman nerima endorse dari game lain, ampe akun ff bang budi di blacklist","blog, orang cuman nerima endorse dari game lain, ampe akun ff bang budi di blacklist",blog orang cuman nerima endorse dari game lain ampe akun ff bang budi di blacklist,"['blog', 'orang', 'cuman', 'nerima', 'endorse', 'dari', 'game', 'lain', 'ampe', 'akun', 'ff', 'bang', 'budi', 'di', 'blacklist']","['blog', 'orang', 'cuman', 'nerima', 'endorse', 'game', 'ampe', 'akun', 'ff', 'bang', 'budi', 'blacklist']","['blog', 'orang', 'cuman', 'nerima', 'endorse', 'game', 'ampe', 'akun', 'ff', 'bang', 'budi', 'blacklist']",blog orang cuman nerima endorse game ampe akun ff bang budi blacklist
Bukit Ponsel,5,2025-10-03 03:10:33,sangat puas,sangat puas,sangat puas,"['sangat', 'puas']","['sangat', 'puas']","['sangat', 'puas']",sangat puas
Alfatih Azfar,5,2025-10-03 03:00:47,epep selamanya,epep selamanya,epep selamanya,"['epep', 'selamanya']","['epep', 'selamanya']","['epep', 'lama']",epep lama
Iwan Nursahid,5,2025-10-03 02:56:20,permainannya sangat bagus tapi kalo kalah sekali langsung di gantiin lawan bot :(,permainannya sangat bagus tapi kalo kalah sekali langsung di gantiin lawan bot :(,permainannya sangat bagus tapi kalo kalah sekali langsung di gantiin lawan bot,"['permainannya', 'sangat', 'bagus', 'tapi', 'kalo', 'kalah', 'sekali', 'langsung', 'di', 'gantiin', 'lawan', 'bot']","['permainannya', 'sangat', 'bagus', 'kalo', 'kalah', 'sekali', 'langsung', 'gantiin', 'lawan', 'bot']","['main', 'sangat', 'bagus', 'kalo', 'kalah', 'sekali', 'langsung', 'gantiin', 'lawan', 'bot']",main sangat bagus kalo kalah sekali langsung gantiin lawan bot
Sini Tomo Tomo,5,2025-10-03 02:53:28,bagus bjir,bagus bjir,bagus bjir,"['bagus', 'bjir']","['bagus', 'bjir']","['bagus', 'bjir']",bagus bjir
Slamet Widodo,1,2025-10-03 02:52:41,gk di kasih hoki tiyap spin jck,gk di kasih hoki tiyap spin jck,gk di kasih hoki tiyap spin jck,"['gk', 'di', 'kasih', 'hoki', 'tiyap', 'spin', 'jck']","['gk', 'kasih', 'hoki', 'tiyap', 'spin', 'jck']","['gk', 'kasih', 'hoki', 'tiyap', 'spin', 'jck']",gk kasih hoki tiyap spin jck
Muhammad Hasan Hasan,4,2025-10-03 02:50:27,mantap min tolong dikecilin dkit mb nya ntar ku kasih bintang 10,mantap min tolong dikecilin dkit mb nya ntar ku kasih bintang 10,mantap min tolong dikecilin dkit mb nya ntar ku kasih bintang,"['mantap', 'min', 'tolong', 'dikecilin', 'dkit', 'mb', 'nya', 'ntar', 'ku', 'kasih', 'bintang']","['mantap', 'min', 'dikecilin', 'dkit', 'mb', 'nya', 'ntar', 'ku', 'kasih', 'bintang']","['mantap', 'min', 'dikecilin', 'dkit', 'mb', 'nya', 'ntar', 'ku', 'kasih', 'bintang']",mantap min dikecilin dkit mb nya ntar ku kasih bintang
idal Ubay,1,2025-10-03 02:49:41,game ini jelek ga bagus,game ini jelek ga bagus,game ini jelek ga bagus,"['game', 'ini', 'jelek', 'ga', 'bagus']","['game', 'jelek', 'ga', 'bagus']","['game', 'jelek', 'ga', 'bagus']",game jelek ga bagus
Dimas Rani,5,2025-10-03 02:27:13,gamenya sangat menghibur,gamenya sangat menghibur,gamenya sangat menghibur,"['gamenya', 'sangat', 'menghibur']","['gamenya', 'sangat', 'menghibur']","['gamenya', 'sangat', 'hibur']",gamenya sangat hibur
Kevin,5,2025-10-03 02:15:50,sangat membagongkan,sangat membagongkan,sangat membagongkan,"['sangat', 'membagongkan']","['sangat', 'membagongkan']","['sangat', 'bagong']",sangat bagong
Jaka Putraa,5,2025-10-03 02:13:49,jaringannya tolong pada jaringan gw 4 batang terus tapi kok 999 mulu tolong di perbaiki Garena terima kasiii,jaringannya tolong pada jaringan gw 4 batang terus tapi kok 999 mulu tolong di perbaiki garena terima kasiii,jaringannya tolong pada jaringan gw batang terus tapi kok mulu tolong di perbaiki garena terima kasiii,"['jaringannya', 'tolong', 'pada', 'jaringan', 'gw', 'batang', 'terus', 'tapi', 'kok', 'mulu', 'tolong', 'di', 'perbaiki', 'garena', 'terima', 'kasiii']","['jaringannya', 'jaringan', 'gw', 'batang', 'terus', 'kok', 'mulu', 'perbaiki', 'garena', 'terima', 'kasiii']","['jaring', 'jaring', 'gw', 'batang', 'terus', 'kok', 'mulu', 'baik', 'garena', 'terima', 'kasiii']",jaring jaring gw batang terus kok mulu baik garena terima kasiii
FAN AJJA,4,2025-10-03 02:06:07,kerennnnnn boyhhhhh wajib main sikk,kerennnnnn boyhhhhh wajib main sikk,kerennnnnn boyhhhhh wajib main sikk,"['kerennnnnn', 'boyhhhhh', 'wajib', 'main', 'sikk']","['kerennnnnn', 'boyhhhhh', 'wajib', 'main', 'sikk']","['kerennnnnn', 'boyhhhhh', 'wajib', 'main', 'sikk']",kerennnnnn boyhhhhh wajib main sikk
Dede Setia,3,2025-10-03 02:01:48,"update terus menerus tapi bug gak di ilangin tolong ya min bug damage sama bug nyangkut di tembok nya di benerin, saya cuman mau ngomong itu aja terima kasih untuk garena karena ff saya jadi punya banyak temen onnline 😄😊","update terus menerus tapi bug gak di ilangin tolong ya min bug damage sama bug nyangkut di tembok nya di benerin, saya cuman mau ngomong itu aja terima kasih untuk garena karena ff saya jadi punya banyak temen onnline 😄😊",update terus menerus tapi bug gak di ilangin tolong ya min bug damage sama bug nyangkut di tembok nya di benerin saya cuman mau ngomong itu aja terima kasih untuk garena karena ff saya jadi punya banyak temen onnline,"['update', 'terus', 'menerus', 'tapi', 'bug', 'gak', 'di', 'ilangin', 'tolong', 'ya', 'min', 'bug', 'damage', 'sama', 'bug', 'nyangkut', 'di', 'tembok', 'nya', 'di', 'benerin', 'saya', 'cuman', 'mau', 'ngomong', 'itu', 'aja', 'terima', 'kasih', 'untuk', 'garena', 'karena', 'ff', 'saya', 'jadi', 'punya', 'banyak', 'temen', 'onnline']","['update', 'terus', 'menerus', 'bug', 'gak', 'ilangin', 'min', 'bug', 'damage', 'sama', 'bug', 'nyangkut', 'tembok', 'nya', 'benerin', 'cuman', 'mau', 'ngomong', 'aja', 'terima', 'kasih', 'garena', 'ff', 'jadi', 'punya', 'banyak', 'temen', 'onnline']","['update', 'terus', 'terus', 'bug', 'gak', 'ilangin', 'min', 'bug', 'damage', 'sama', 'bug', 'nyangkut', 'tembok', 'nya', 'benerin', 'cuman', 'mau', 'ngomong', 'aja', 'terima', 'kasih', 'garena', 'ff', 'jadi', 'punya', 'banyak', 'temen', 'onnline']",update terus terus bug gak ilangin min bug damage sama bug nyangkut tembok nya benerin cuman mau ngomong aja terima kasih garena ff jadi punya banyak temen onnline
Arya Situmorang,5,2025-10-03 01:53:49,bagus,bagus,bagus,['bagus'],['bagus'],['bagus'],bagus
Fadil Yusuf,5,2025-10-03 01:46:38,seru,seru,seru,['seru'],['seru'],['seru'],seru
SyaatKece,1,2025-10-03 01:41:50,game tolol kakeen dark sistem,game tolol kakeen dark sistem,game tolol kakeen dark sistem,"['game', 'tolol', 'kakeen', 'dark', 'sistem']","['game', 'tolol', 'kakeen', 'dark', 'sistem']","['game', 'tolol', 'kakeen', 'dark', 'sistem']",game tolol kakeen dark sistem
Pengguna Google,5,2025-10-03 01:39:38,tolong perbaiki bug yang ada di free fire 🙏,tolong perbaiki bug yang ada di free fire 🙏,tolong perbaiki bug yang ada di free fire,"['tolong', 'perbaiki', 'bug', 'yang', 'ada', 'di', 'free', 'fire']","['perbaiki', 'bug', 'free', 'fire']","['baik', 'bug', 'free', 'fire']",baik bug free fire
Akun Fifa,2,2025-10-03 01:29:59,panutan gua udagabisa main ff. yepinya susah,panutan gua udagabisa main ff. yepinya susah,panutan gua udagabisa main ff yepinya susah,"['panutan', 'gua', 'udagabisa', 'main', 'ff', 'yepinya', 'susah']","['panutan', 'gua', 'udagabisa', 'main', 'ff', 'yepinya', 'susah']","['panutan', 'gua', 'udagabisa', 'main', 'ff', 'yepinya', 'susah']",panutan gua udagabisa main ff yepinya susah
Sulton Maulana,5,2025-10-03 01:21:10,sangat mem buat hati senang 👍👍👍🤩🥰,sangat mem buat hati senang 👍👍👍🤩🥰,sangat mem buat hati senang,"['sangat', 'mem', 'buat', 'hati', 'senang']","['sangat', 'mem', 'buat', 'hati', 'senang']","['sangat', 'mem', 'buat', 'hati', 'senang']",sangat mem buat hati senang
Rido Imanuel,5,2025-10-03 01:17:48,kerja bagus,kerja bagus,kerja bagus,"['kerja', 'bagus']","['kerja', 'bagus']","['kerja', 'bagus']",kerja bagus
Rizki Revaldo,1,2025-10-03 01:16:19,banyak akun yang di ban,banyak akun yang di ban,banyak akun yang di ban,"['banyak', 'akun', 'yang', 'di', 'ban']","['banyak', 'akun', 'ban']","['banyak', 'akun', 'ban']",banyak akun ban
ansapril apndi,1,2025-10-03 01:16:12,"Garena pas lagi main di mode Lon wolf, betle royal dan Clasic skuat mainya ngelek-nelek apa lagi matcking br renk dan cs renk lama banget mulainya dan jaringanya ngelek-ngelek kesel banget kalo masi ngelek ku hapus ini Geme KAM|PANG 🤬🟥🏁-_~_~🎃🤬🤬🤬🤬🤬🤬🤬🤬🤬🤬🤬🤬🤬🤬🤬🤬🤬🤬🤬🤬🤬🤬🤬🤬🤬🤬🤬🤬🤬🤬😭😭😭","garena pas lagi main di mode lon wolf, betle royal dan clasic skuat mainya ngelek-nelek apa lagi matcking br renk dan cs renk lama banget mulainya dan jaringanya ngelek-ngelek kesel banget kalo masi ngelek ku hapus ini geme kam|pang 🤬🟥🏁-_~_~🎃🤬🤬🤬🤬🤬🤬🤬🤬🤬🤬🤬🤬🤬🤬🤬🤬🤬🤬🤬🤬🤬🤬🤬🤬🤬🤬🤬🤬🤬🤬😭😭😭",garena pas lagi main di mode lon wolf betle royal dan clasic skuat mainya ngeleknelek apa lagi matcking br renk dan cs renk lama banget mulainya dan jaringanya ngelekngelek kesel banget kalo masi ngelek ku hapus ini geme kampang,"['garena', 'pas', 'lagi', 'main', 'di', 'mode', 'lon', 'wolf', 'betle', 'royal', 'dan', 'clasic', 'skuat', 'mainya', 'ngeleknelek', 'apa', 'lagi', 'matcking', 'br', 'renk', 'dan', 'cs', 'renk', 'lama', 'banget', 'mulainya', 'dan', 'jaringanya', 'ngelekngelek', 'kesel', 'banget', 'kalo', 'masi', 'ngelek', 'ku', 'hapus', 'ini', 'geme', 'kampang']","['garena', 'pas', 'main', 'mode', 'lon', 'wolf', 'betle', 'royal', 'clasic', 'skuat', 'mainya', 'ngeleknelek', 'apa', 'matcking', 'br', 'renk', 'cs', 'renk', 'lama', 'banget', 'mulainya', 'jaringanya', 'ngelekngelek', 'kesel', 'banget', 'kalo', 'masi', 'ngelek', 'ku', 'hapus', 'geme', 'kampang']","['garena', 'pas', 'main', 'mode', 'lon', 'wolf', 'betle', 'royal', 'clasic', 'skuat', 'mai', 'ngeleknelek', 'apa', 'matcking', 'br', 'renk', 'cs', 'renk', 'lama', 'banget', 'mulai', 'jaringanya', 'ngelekngelek', 'kesel', 'banget', 'kalo', 'mas', 'ngelek', 'ku', 'hapus', 'geme', 'kampang']",garena pas main mode lon wolf betle royal clasic skuat mai ngeleknelek apa matcking br renk cs renk lama banget mulai jaringanya ngelekngelek kesel banget kalo mas ngelek ku hapus geme kampang
Ovax Cevix,5,2025-10-03 01:15:11,seruuu,seruuu,seruuu,['seruuu'],['seruuu'],['seruuu'],seruuu
Sond Draif,5,2025-10-03 01:06:20,gem inilah yang NO1 di dunia sangat bagus coba kalian download dijamin gak nyesel 🥰🥰,gem inilah yang no1 di dunia sangat bagus coba kalian download dijamin gak nyesel 🥰🥰,gem inilah yang no di dunia sangat bagus coba kalian download dijamin gak nyesel,"['gem', 'inilah', 'yang', 'no', 'di', 'dunia', 'sangat', 'bagus', 'coba', 'kalian', 'download', 'dijamin', 'gak', 'nyesel']","['gem', 'inilah', 'no', 'dunia', 'sangat', 'bagus', 'coba', 'kalian', 'download', 'dijamin', 'gak', 'nyesel']","['gem', 'ini', 'no', 'dunia', 'sangat', 'bagus', 'coba', 'kalian', 'download', 'jamin', 'gak', 'nyesel']",gem ini no dunia sangat bagus coba kalian download jamin gak nyesel
Adrian Mutu,5,2025-10-03 01:00:46,menurut saya game ini untuk bosen aja,menurut saya game ini untuk bosen aja,menurut saya game ini untuk bosen aja,"['menurut', 'saya', 'game', 'ini', 'untuk', 'bosen', 'aja']","['game', 'bosen', 'aja']","['game', 'bosen', 'aja']",game bosen aja
Along,4,2025-10-03 00:57:05,epep nya sih bgus tpi knp aku bisa onmic ga ad suara ku coba perbaiki dong grena 😭,epep nya sih bgus tpi knp aku bisa onmic ga ad suara ku coba perbaiki dong grena 😭,epep nya sih bgus tpi knp aku bisa onmic ga ad suara ku coba perbaiki dong grena,"['epep', 'nya', 'sih', 'bgus', 'tpi', 'knp', 'aku', 'bisa', 'onmic', 'ga', 'ad', 'suara', 'ku', 'coba', 'perbaiki', 'dong', 'grena']","['epep', 'nya', 'sih', 'bgus', 'tpi', 'knp', 'aku', 'onmic', 'ga', 'ad', 'suara', 'ku', 'coba', 'perbaiki', 'dong', 'grena']","['epep', 'nya', 'sih', 'bgus', 'tpi', 'knp', 'aku', 'onmic', 'ga', 'ad', 'suara', 'ku', 'coba', 'baik', 'dong', 'grena']",epep nya sih bgus tpi knp aku onmic ga ad suara ku coba baik dong grena
Bagus 1927,5,2025-10-03 00:27:05,Free fire Keren,free fire keren,free fire keren,"['free', 'fire', 'keren']","['free', 'fire', 'keren']","['free', 'fire', 'keren']",free fire keren
Opick Si Chaplin,5,2025-10-03 00:13:33,tapi kalau saya main cs rank tim nya suka yg BOT tapi tim lawan yg jago jago tolong Garena memperbaiki game ini tim nya yng imbang terimakasih,tapi kalau saya main cs rank tim nya suka yg bot tapi tim lawan yg jago jago tolong garena memperbaiki game ini tim nya yng imbang terimakasih,tapi kalau saya main cs rank tim nya suka yg bot tapi tim lawan yg jago jago tolong garena memperbaiki game ini tim nya yng imbang terimakasih,"['tapi', 'kalau', 'saya', 'main', 'cs', 'rank', 'tim', 'nya', 'suka', 'yg', 'bot', 'tapi', 'tim', 'lawan', 'yg', 'jago', 'jago', 'tolong', 'garena', 'memperbaiki', 'game', 'ini', 'tim', 'nya', 'yng', 'imbang', 'terimakasih']","['kalau', 'main', 'cs', 'rank', 'tim', 'nya', 'suka', 'yg', 'bot', 'tim', 'lawan', 'yg', 'jago', 'jago', 'garena', 'memperbaiki', 'game', 'tim', 'nya', 'yng', 'imbang', 'terimakasih']","['kalau', 'main', 'cs', 'rank', 'tim', 'nya', 'suka', 'yg', 'bot', 'tim', 'lawan', 'yg', 'jago', 'jago', 'garena', 'baik', 'game', 'tim', 'nya', 'yng', 'imbang', 'terimakasih']",kalau main cs rank tim nya suka yg bot tim lawan yg jago jago garena baik game tim nya yng imbang terimakasih
Kevin Fata,5,2025-10-03 00:11:59,"Free Fire sangat bagus karena grafik yang bagus namun ramah di hp kentang, intinya Free Fire selalu dihati","free fire sangat bagus karena grafik yang bagus namun ramah di hp kentang, intinya free fire selalu dihati",free fire sangat bagus karena grafik yang bagus namun ramah di hp kentang intinya free fire selalu dihati,"['free', 'fire', 'sangat', 'bagus', 'karena', 'grafik', 'yang', 'bagus', 'namun', 'ramah', 'di', 'hp', 'kentang', 'intinya', 'free', 'fire', 'selalu', 'dihati']","['free', 'fire', 'sangat', 'bagus', 'grafik', 'bagus', 'ramah', 'hp', 'kentang', 'intinya', 'free', 'fire', 'selalu', 'dihati']","['free', 'fire', 'sangat', 'bagus', 'grafik', 'bagus', 'ramah', 'hp', 'kentang', 'inti', 'free', 'fire', 'selalu', 'hati']",free fire sangat bagus grafik bagus ramah hp kentang inti free fire selalu hati
fajar Mei saputra,5,2025-10-03 00:06:01,seru kalii,seru kalii,seru kalii,"['seru', 'kalii']","['seru', 'kalii']","['seru', 'kali']",seru kali
Relfaleo aksen Aryudha,1,2025-10-03 00:03:51,ayolah benerin tiap-tiap mau beli spesial aidrop gak bisa terus,ayolah benerin tiap-tiap mau beli spesial aidrop gak bisa terus,ayolah benerin tiaptiap mau beli spesial aidrop gak bisa terus,"['ayolah', 'benerin', 'tiaptiap', 'mau', 'beli', 'spesial', 'aidrop', 'gak', 'bisa', 'terus']","['ayolah', 'benerin', 'tiaptiap', 'mau', 'beli', 'spesial', 'aidrop', 'gak', 'terus']","['ayo', 'benerin', 'tiaptiap', 'mau', 'beli', 'spesial', 'aidrop', 'gak', 'terus']",ayo benerin tiaptiap mau beli spesial aidrop gak terus
ilham maulana,1,2025-10-02 23:54:15,knpa bang budi di blacklist woyy 😡👊,knpa bang budi di blacklist woyy 😡👊,knpa bang budi di blacklist woyy,"['knpa', 'bang', 'budi', 'di', 'blacklist', 'woyy']","['knpa', 'bang', 'budi', 'blacklist', 'woyy']","['knpa', 'bang', 'budi', 'blacklist', 'woyy']",knpa bang budi blacklist woyy
Pandu Albastian,1,2025-10-02 23:40:34,main saya kasih bintang 1 karna panutanku kok di bl akunnya bang budi 01 gaming dia paling penting di ff gua walau pun tidak punya pertemananya,main saya kasih bintang 1 karna panutanku kok di bl akunnya bang budi 01 gaming dia paling penting di ff gua walau pun tidak punya pertemananya,main saya kasih bintang karna panutanku kok di bl akunnya bang budi gaming dia paling penting di ff gua walau pun tidak punya pertemananya,"['main', 'saya', 'kasih', 'bintang', 'karna', 'panutanku', 'kok', 'di', 'bl', 'akunnya', 'bang', 'budi', 'gaming', 'dia', 'paling', 'penting', 'di', 'ff', 'gua', 'walau', 'pun', 'tidak', 'punya', 'pertemananya']","['main', 'kasih', 'bintang', 'karna', 'panutanku', 'kok', 'bl', 'akunnya', 'bang', 'budi', 'gaming', 'paling', 'penting', 'ff', 'gua', 'punya', 'pertemananya']","['main', 'kasih', 'bintang', 'karna', 'panutan', 'kok', 'bl', 'akun', 'bang', 'budi', 'gaming', 'paling', 'penting', 'ff', 'gua', 'punya', 'pertemananya']",main kasih bintang karna panutan kok bl akun bang budi gaming paling penting ff gua punya pertemananya
raya rafa,5,2025-10-02 23:33:20,game nya bagus cocok untuk aku yg lagi galau,game nya bagus cocok untuk aku yg lagi galau,game nya bagus cocok untuk aku yg lagi galau,"['game', 'nya', 'bagus', 'cocok', 'untuk', 'aku', 'yg', 'lagi', 'galau']","['game', 'nya', 'bagus', 'cocok', 'aku', 'yg', 'galau']","['game', 'nya', 'bagus', 'cocok', 'aku', 'yg', 'galau']",game nya bagus cocok aku yg galau
Altiansyah Teguh,5,2025-10-02 23:10:34,nice,nice,nice,['nice'],['nice'],['nice'],nice
Nabhan,5,2025-10-02 23:01:09,sangat seru dan asik,sangat seru dan asik,sangat seru dan asik,"['sangat', 'seru', 'dan', 'asik']","['sangat', 'seru', 'asik']","['sangat', 'seru', 'asik']",sangat seru asik
wayan arya,1,2025-10-02 22:37:22,akun gua kena bl mulu game gak ada otak yang lain pake cit di diemin giliran gua aim hoki mulu kena bl benerin dong sistem ya garena klo akun gua terus ke bl kasi gua dm salam garena gak tau yg pake cit sma gak 🙏,akun gua kena bl mulu game gak ada otak yang lain pake cit di diemin giliran gua aim hoki mulu kena bl benerin dong sistem ya garena klo akun gua terus ke bl kasi gua dm salam garena gak tau yg pake cit sma gak 🙏,akun gua kena bl mulu game gak ada otak yang lain pake cit di diemin giliran gua aim hoki mulu kena bl benerin dong sistem ya garena klo akun gua terus ke bl kasi gua dm salam garena gak tau yg pake cit sma gak,"['akun', 'gua', 'kena', 'bl', 'mulu', 'game', 'gak', 'ada', 'otak', 'yang', 'lain', 'pake', 'cit', 'di', 'diemin', 'giliran', 'gua', 'aim', 'hoki', 'mulu', 'kena', 'bl', 'benerin', 'dong', 'sistem', 'ya', 'garena', 'klo', 'akun', 'gua', 'terus', 'ke', 'bl', 'kasi', 'gua', 'dm', 'salam', 'garena', 'gak', 'tau', 'yg', 'pake', 'cit', 'sma', 'gak']","['akun', 'gua', 'kena', 'bl', 'mulu', 'game', 'gak', 'otak', 'pake', 'cit', 'diemin', 'giliran', 'gua', 'aim', 'hoki', 'mulu', 'kena', 'bl', 'benerin', 'dong', 'sistem', 'garena', 'klo', 'akun', 'gua', 'terus', 'bl', 'kasi', 'gua', 'dm', 'salam', 'garena', 'gak', 'tau', 'yg', 'pake', 'cit', 'sma', 'gak']","['akun', 'gua', 'kena', 'bl', 'mulu', 'game', 'gak', 'otak', 'pake', 'cit', 'diemin', 'gilir', 'gua', 'aim', 'hoki', 'mulu', 'kena', 'bl', 'benerin', 'dong', 'sistem', 'garena', 'klo', 'akun', 'gua', 'terus', 'bl', 'kasi', 'gua', 'dm', 'salam', 'garena', 'gak', 'tau', 'yg', 'pake', 'cit', 'sma', 'gak']",akun gua kena bl mulu game gak otak pake cit diemin gilir gua aim hoki mulu kena bl benerin dong sistem garena klo akun gua terus bl kasi gua dm salam garena gak tau yg pake cit sma gak
Musa sannip,5,2025-10-02 22:27:19,game ya seru,game ya seru,game ya seru,"['game', 'ya', 'seru']","['game', 'seru']","['game', 'seru']",game seru
Rizky Yesyu,5,2025-10-02 22:14:35,Dilak coy,dilak coy,dilak coy,"['dilak', 'coy']","['dilak', 'coy']","['dilak', 'coy']",dilak coy
Andre Ardan,5,2025-10-02 21:50:25,permainan yang seru,permainan yang seru,permainan yang seru,"['permainan', 'yang', 'seru']","['permainan', 'seru']","['main', 'seru']",main seru
Lukman Hakim,5,2025-10-02 21:42:31,aplikasi saat bagus untuk para bocil dan seru,aplikasi saat bagus untuk para bocil dan seru,aplikasi saat bagus untuk para bocil dan seru,"['aplikasi', 'saat', 'bagus', 'untuk', 'para', 'bocil', 'dan', 'seru']","['aplikasi', 'bagus', 'bocil', 'seru']","['aplikasi', 'bagus', 'bocil', 'seru']",aplikasi bagus bocil seru
Kontol Burut12,1,2025-10-02 21:07:32,karna saya kasih bintang satu karena di game ini banyak masalah gerapik buruk terus banyak cit,karna saya kasih bintang satu karena di game ini banyak masalah gerapik buruk terus banyak cit,karna saya kasih bintang satu karena di game ini banyak masalah gerapik buruk terus banyak cit,"['karna', 'saya', 'kasih', 'bintang', 'satu', 'karena', 'di', 'game', 'ini', 'banyak', 'masalah', 'gerapik', 'buruk', 'terus', 'banyak', 'cit']","['karna', 'kasih', 'bintang', 'satu', 'game', 'banyak', 'masalah', 'gerapik', 'buruk', 'terus', 'banyak', 'cit']","['karna', 'kasih', 'bintang', 'satu', 'game', 'banyak', 'masalah', 'gerapik', 'buruk', 'terus', 'banyak', 'cit']",karna kasih bintang satu game banyak masalah gerapik buruk terus banyak cit
Aril Aril,5,2025-10-02 19:51:15,gem terbaik,gem terbaik,gem terbaik,"['gem', 'terbaik']","['gem', 'terbaik']","['gem', 'baik']",gem baik
reendi vendi,5,2025-10-02 18:51:56,sangat bagus,sangat bagus,sangat bagus,"['sangat', 'bagus']","['sangat', 'bagus']","['sangat', 'bagus']",sangat bagus
Iky,1,2025-10-02 18:44:16,panutan gw budi kalo emang lu udah benci sama dia gw bakal bikin rating 1 ni game,panutan gw budi kalo emang lu udah benci sama dia gw bakal bikin rating 1 ni game,panutan gw budi kalo emang lu udah benci sama dia gw bakal bikin rating ni game,"['panutan', 'gw', 'budi', 'kalo', 'emang', 'lu', 'udah', 'benci', 'sama', 'dia', 'gw', 'bakal', 'bikin', 'rating', 'ni', 'game']","['panutan', 'gw', 'budi', 'kalo', 'emang', 'lu', 'udah', 'benci', 'sama', 'gw', 'bakal', 'bikin', 'rating', 'ni', 'game']","['panutan', 'gw', 'budi', 'kalo', 'emang', 'lu', 'udah', 'benci', 'sama', 'gw', 'bakal', 'bikin', 'rating', 'ni', 'game']",panutan gw budi kalo emang lu udah benci sama gw bakal bikin rating ni game
Acil meikel,5,2025-10-02 18:13:27,"sangat baik, saya menyukainya","sangat baik, saya menyukainya",sangat baik saya menyukainya,"['sangat', 'baik', 'saya', 'menyukainya']","['sangat', 'baik', 'menyukainya']","['sangat', 'baik', 'suka']",sangat baik suka
Chen Sendra,5,2025-10-02 18:05:32,bagi akun ya bng udh aku kasi bintang tu,bagi akun ya bng udh aku kasi bintang tu,bagi akun ya bng udh aku kasi bintang tu,"['bagi', 'akun', 'ya', 'bng', 'udh', 'aku', 'kasi', 'bintang', 'tu']","['akun', 'bng', 'udh', 'aku', 'kasi', 'bintang', 'tu']","['akun', 'bng', 'udh', 'aku', 'kasi', 'bintang', 'tu']",akun bng udh aku kasi bintang tu
Tri Rohmanto Rohman,5,2025-10-02 18:03:25,asik,asik,asik,['asik'],['asik'],['asik'],asik
Eilish bert elyees Eilish,5,2025-10-02 17:58:15,bagus,bagus,bagus,['bagus'],['bagus'],['bagus'],bagus
Agung Triyadi,1,2025-10-02 17:48:05,oi akun gua itu benerin bodo nuggu muluu gem tolo lammaaaa,oi akun gua itu benerin bodo nuggu muluu gem tolo lammaaaa,oi akun gua itu benerin bodo nuggu muluu gem tolo lammaaaa,"['oi', 'akun', 'gua', 'itu', 'benerin', 'bodo', 'nuggu', 'muluu', 'gem', 'tolo', 'lammaaaa']","['oi', 'akun', 'gua', 'benerin', 'bodo', 'nuggu', 'muluu', 'gem', 'tolo', 'lammaaaa']","['oi', 'akun', 'gua', 'benerin', 'bodo', 'nuggu', 'muluu', 'gem', 'tolo', 'lammaaaa']",oi akun gua benerin bodo nuggu muluu gem tolo lammaaaa
Bot Grow,1,2025-10-02 16:31:51,💔💔💔💔,💔💔💔💔,,[],[],[],
Gayau Sjaji,5,2025-10-02 16:25:19,bagus,bagus,bagus,['bagus'],['bagus'],['bagus'],bagus
Mismo Surya prasaja,5,2025-10-02 16:22:14,Makasih sudah menemani masa kecil ku sekarang aku sudah lebih dewasa aku akan lebih fokus ke cita cita ku 👋👋,makasih sudah menemani masa kecil ku sekarang aku sudah lebih dewasa aku akan lebih fokus ke cita cita ku 👋👋,makasih sudah menemani masa kecil ku sekarang aku sudah lebih dewasa aku akan lebih fokus ke cita cita ku,"['makasih', 'sudah', 'menemani', 'masa', 'kecil', 'ku', 'sekarang', 'aku', 'sudah', 'lebih', 'dewasa', 'aku', 'akan', 'lebih', 'fokus', 'ke', 'cita', 'cita', 'ku']","['makasih', 'menemani', 'masa', 'kecil', 'ku', 'sekarang', 'aku', 'lebih', 'dewasa', 'aku', 'lebih', 'fokus', 'cita', 'cita', 'ku']","['makasih', 'tani', 'masa', 'kecil', 'ku', 'sekarang', 'aku', 'lebih', 'dewasa', 'aku', 'lebih', 'fokus', 'cita', 'cita', 'ku']",makasih tani masa kecil ku sekarang aku lebih dewasa aku lebih fokus cita cita ku
endi sopandi,5,2025-10-02 16:14:27,nyaman,nyaman,nyaman,['nyaman'],['nyaman'],['nyaman'],nyaman
Penok Ajja,5,2025-10-02 16:06:14,suka SE x....,suka se x....,suka se x,"['suka', 'se', 'x']","['suka', 'se', 'x']","['suka', 'se', 'x']",suka se x
Aris Werimon,5,2025-10-02 16:05:13,mantap,mantap,mantap,['mantap'],['mantap'],['mantap'],mantap
mr hanns,5,2025-10-02 15:56:55,gw jadi makin gg ni comback epep,gw jadi makin gg ni comback epep,gw jadi makin gg ni comback epep,"['gw', 'jadi', 'makin', 'gg', 'ni', 'comback', 'epep']","['gw', 'jadi', 'makin', 'gg', 'ni', 'comback', 'epep']","['gw', 'jadi', 'makin', 'gg', 'ni', 'comback', 'epep']",gw jadi makin gg ni comback epep
KAMUNANYA Wkwk,1,2025-10-02 15:41:44,menurutku gem ini bagus tapi minusnya gak di kasih hoki dan banyak DARK sistem di cs.di BR,menurutku gem ini bagus tapi minusnya gak di kasih hoki dan banyak dark sistem di cs.di br,menurutku gem ini bagus tapi minusnya gak di kasih hoki dan banyak dark sistem di csdi br,"['menurutku', 'gem', 'ini', 'bagus', 'tapi', 'minusnya', 'gak', 'di', 'kasih', 'hoki', 'dan', 'banyak', 'dark', 'sistem', 'di', 'csdi', 'br']","['menurutku', 'gem', 'bagus', 'minusnya', 'gak', 'kasih', 'hoki', 'banyak', 'dark', 'sistem', 'csdi', 'br']","['turut', 'gem', 'bagus', 'minus', 'gak', 'kasih', 'hoki', 'banyak', 'dark', 'sistem', 'csdi', 'br']",turut gem bagus minus gak kasih hoki banyak dark sistem csdi br
Radiansa40 Radiansa40,5,2025-10-02 15:36:10,SERUUU,seruuu,seruuu,['seruuu'],['seruuu'],['seruuu'],seruuu
Dionisius Silalahi,1,2025-10-02 15:34:33,gua udah pensi gua udah dari 2019 main ini gem dan hari pertama gua kambek main ff di situ Garena kecewain aku. akun ff gua di bl sama Garena Sam kayak yg di alami bg Budi . cuman satu yg gua mau bilang kalau bukan karena bang Budi 01 gem ini inggak banyak yg minat main kan 😔,gua udah pensi gua udah dari 2019 main ini gem dan hari pertama gua kambek main ff di situ garena kecewain aku. akun ff gua di bl sama garena sam kayak yg di alami bg budi . cuman satu yg gua mau bilang kalau bukan karena bang budi 01 gem ini inggak banyak yg minat main kan 😔,gua udah pensi gua udah dari main ini gem dan hari pertama gua kambek main ff di situ garena kecewain aku akun ff gua di bl sama garena sam kayak yg di alami bg budi cuman satu yg gua mau bilang kalau bukan karena bang budi gem ini inggak banyak yg minat main kan,"['gua', 'udah', 'pensi', 'gua', 'udah', 'dari', 'main', 'ini', 'gem', 'dan', 'hari', 'pertama', 'gua', 'kambek', 'main', 'ff', 'di', 'situ', 'garena', 'kecewain', 'aku', 'akun', 'ff', 'gua', 'di', 'bl', 'sama', 'garena', 'sam', 'kayak', 'yg', 'di', 'alami', 'bg', 'budi', 'cuman', 'satu', 'yg', 'gua', 'mau', 'bilang', 'kalau', 'bukan', 'karena', 'bang', 'budi', 'gem', 'ini', 'inggak', 'banyak', 'yg', 'minat', 'main', 'kan']","['gua', 'udah', 'pensi', 'gua', 'udah', 'main', 'gem', 'hari', 'pertama', 'gua', 'kambek', 'main', 'ff', 'situ', 'garena', 'kecewain', 'aku', 'akun', 'ff', 'gua', 'bl', 'sama', 'garena', 'sam', 'kayak', 'yg', 'alami', 'bg', 'budi', 'cuman', 'satu', 'yg', 'gua', 'mau', 'bilang', 'kalau', 'bukan', 'bang', 'budi', 'gem', 'inggak', 'banyak', 'yg', 'minat', 'main', 'kan']","['gua', 'udah', 'pensi', 'gua', 'udah', 'main', 'gem', 'hari', 'pertama', 'gua', 'kambek', 'main', 'ff', 'situ', 'garena', 'kecewain', 'aku', 'akun', 'ff', 'gua', 'bl', 'sama', 'garena', 'sam', 'kayak', 'yg', 'alami', 'bg', 'budi', 'cuman', 'satu', 'yg', 'gua', 'mau', 'bilang', 'kalau', 'bukan', 'bang', 'budi', 'gem', 'inggak', 'banyak', 'yg', 'minat', 'main', 'kan']",gua udah pensi gua udah main gem hari pertama gua kambek main ff situ garena kecewain aku akun ff gua bl sama garena sam kayak yg alami bg budi cuman satu yg gua mau bilang kalau bukan bang budi gem inggak banyak yg minat main kan
Rido,5,2025-10-02 15:23:02,bagusss,bagusss,bagusss,['bagusss'],['bagusss'],['bagusss'],bagusss
Oryu Buulolo,5,2025-10-02 15:17:34,keren,keren,keren,['keren'],['keren'],['keren'],keren
Saprijal aja Aja,5,2025-10-02 15:14:31,sa sangat bagus,sa sangat bagus,sa sangat bagus,"['sa', 'sangat', 'bagus']","['sa', 'sangat', 'bagus']","['sa', 'sangat', 'bagus']",sa sangat bagus
stokkk Evooo256,1,2025-10-02 15:11:43,"bug damage gak ngotak, bikin males main🥱","bug damage gak ngotak, bikin males main🥱",bug damage gak ngotak bikin males main,"['bug', 'damage', 'gak', 'ngotak', 'bikin', 'males', 'main']","['bug', 'damage', 'gak', 'ngotak', 'bikin', 'males', 'main']","['bug', 'damage', 'gak', 'ngotak', 'bikin', 'males', 'main']",bug damage gak ngotak bikin males main
Bang Dugut,1,2025-10-02 15:10:29,game nya jelek,game nya jelek,game nya jelek,"['game', 'nya', 'jelek']","['game', 'nya', 'jelek']","['game', 'nya', 'jelek']",game nya jelek
Al Pais,5,2025-10-02 15:01:10,Oke,oke,oke,['oke'],['oke'],['oke'],oke
angel Silahi,5,2025-10-02 15:01:10,NICE,nice,nice,['nice'],['nice'],['nice'],nice
YUDA 1,1,2025-10-02 14:57:47,teman bot semua,teman bot semua,teman bot semua,"['teman', 'bot', 'semua']","['teman', 'bot', 'semua']","['teman', 'bot', 'semua']",teman bot semua
Rian Ilyasa,5,2025-10-02 14:52:12,salam tetap gak ada pintu SALAM BURIKKKK,salam tetap gak ada pintu salam burikkkk,salam tetap gak ada pintu salam burikkkk,"['salam', 'tetap', 'gak', 'ada', 'pintu', 'salam', 'burikkkk']","['salam', 'tetap', 'gak', 'pintu', 'salam', 'burikkkk']","['salam', 'tetap', 'gak', 'pintu', 'salam', 'burikkkk']",salam tetap gak pintu salam burikkkk
Dimas,5,2025-10-02 14:51:10,manatapp garena bagi akun dong,manatapp garena bagi akun dong,manatapp garena bagi akun dong,"['manatapp', 'garena', 'bagi', 'akun', 'dong']","['manatapp', 'garena', 'akun', 'dong']","['manatapp', 'garena', 'akun', 'dong']",manatapp garena akun dong
Frengki Cipeng,1,2025-10-02 14:49:20,game payah,game payah,game payah,"['game', 'payah']","['game', 'payah']","['game', 'payah']",game payah
Aifen lowen,1,2025-10-02 14:45:17,"benerin game lu nih, makin hari makin menjadi-jadi yang gak pake chit di ban yang pake Chet gak di ban game apa ini kek gak ada yang urus lu baca lu liat apa keluhan kami sebagai proplyer atau yang main game yang lu buat kalo gini terus mending hapus aja game ini dari play store.","benerin game lu nih, makin hari makin menjadi-jadi yang gak pake chit di ban yang pake chet gak di ban game apa ini kek gak ada yang urus lu baca lu liat apa keluhan kami sebagai proplyer atau yang main game yang lu buat kalo gini terus mending hapus aja game ini dari play store.",benerin game lu nih makin hari makin menjadijadi yang gak pake chit di ban yang pake chet gak di ban game apa ini kek gak ada yang urus lu baca lu liat apa keluhan kami sebagai proplyer atau yang main game yang lu buat kalo gini terus mending hapus aja game ini dari play store,"['benerin', 'game', 'lu', 'nih', 'makin', 'hari', 'makin', 'menjadijadi', 'yang', 'gak', 'pake', 'chit', 'di', 'ban', 'yang', 'pake', 'chet', 'gak', 'di', 'ban', 'game', 'apa', 'ini', 'kek', 'gak', 'ada', 'yang', 'urus', 'lu', 'baca', 'lu', 'liat', 'apa', 'keluhan', 'kami', 'sebagai', 'proplyer', 'atau', 'yang', 'main', 'game', 'yang', 'lu', 'buat', 'kalo', 'gini', 'terus', 'mending', 'hapus', 'aja', 'game', 'ini', 'dari', 'play', 'store']","['benerin', 'game', 'lu', 'nih', 'makin', 'hari', 'makin', 'menjadijadi', 'gak', 'pake', 'chit', 'ban', 'pake', 'chet', 'gak', 'ban', 'game', 'apa', 'kek', 'gak', 'urus', 'lu', 'baca', 'lu', 'liat', 'apa', 'keluhan', 'proplyer', 'main', 'game', 'lu', 'buat', 'kalo', 'gini', 'terus', 'mending', 'hapus', 'aja', 'game', 'play', 'store']","['benerin', 'game', 'lu', 'nih', 'makin', 'hari', 'makin', 'menjadijadi', 'gak', 'pake', 'chit', 'ban', 'pake', 'chet', 'gak', 'ban', 'game', 'apa', 'kek', 'gak', 'urus', 'lu', 'baca', 'lu', 'liat', 'apa', 'keluh', 'proplyer', 'main', 'game', 'lu', 'buat', 'kalo', 'gin', 'terus', 'mending', 'hapus', 'aja', 'game', 'play', 'store']",benerin game lu nih makin hari makin menjadijadi gak pake chit ban pake chet gak ban game apa kek gak urus lu baca lu liat apa keluh proplyer main game lu buat kalo gin terus mending hapus aja game play store
IRIANA Ana,5,2025-10-02 14:42:14,gem seru kualitas bagus,gem seru kualitas bagus,gem seru kualitas bagus,"['gem', 'seru', 'kualitas', 'bagus']","['gem', 'seru', 'kualitas', 'bagus']","['gem', 'seru', 'kualitas', 'bagus']",gem seru kualitas bagus
Kartika kim,1,2025-10-02 14:34:17,"𝒑𝒂𝒓𝒂𝒉 𝒖𝒅𝒉 𝒔𝒆𝒎𝒊𝒏𝒈𝒈𝒖𝒂𝒏 𝒋𝒂𝒓𝒊𝒏𝒈𝒂𝒏 𝒌𝒖𝒏𝒊𝒏𝒈 𝒎𝒖𝒍𝒖 𝟑𝟎𝟎+ 𝒎𝒖𝒍𝒖.. 𝒃𝒊𝒌𝒊𝒏 𝒆𝒎𝒐𝒔𝒊 𝒎𝒂𝒊𝒏 𝒏𝒚𝒂.. 𝒑𝒂𝒅𝒂𝒉𝒂𝒍 𝒑𝒂𝒌𝒂𝒊 𝒘𝒊𝒇𝒊, 𝒋𝒂𝒓𝒊𝒏𝒈𝒂𝒏 𝒋𝒈 𝒃𝒂𝒊𝒌, 𝒊𝒏𝒊 𝒚𝒈 𝒔𝒂𝒍𝒂𝒉 𝒅𝒊𝒎𝒏𝒂 𝒚𝒂𝒂.. 𝒔𝒂𝒎𝒑𝒆 𝒂𝒒 𝒉𝒂𝒑𝒖𝒔𝟐𝒊𝒏, 𝒓𝒆𝒔𝒕𝒂𝒓𝒕 𝒃𝒆𝒓𝒌𝒂𝒍𝒊𝟐 𝒕𝒆𝒕𝒆𝒑 𝒃𝒊𝒌𝒊𝒏 𝒌𝒆𝒔𝒆𝒍 𝒌𝒂𝒓𝒆𝒏𝒂 𝒋𝒂𝒓𝒊𝒏𝒈𝒂𝒏 𝒕𝒊𝒃𝒂𝟐 𝒏𝒂𝒊𝒌 ... 𝒕𝒐𝒍𝒐𝒏𝒈 𝒍𝒂𝒉","𝒑𝒂𝒓𝒂𝒉 𝒖𝒅𝒉 𝒔𝒆𝒎𝒊𝒏𝒈𝒈𝒖𝒂𝒏 𝒋𝒂𝒓𝒊𝒏𝒈𝒂𝒏 𝒌𝒖𝒏𝒊𝒏𝒈 𝒎𝒖𝒍𝒖 𝟑𝟎𝟎+ 𝒎𝒖𝒍𝒖.. 𝒃𝒊𝒌𝒊𝒏 𝒆𝒎𝒐𝒔𝒊 𝒎𝒂𝒊𝒏 𝒏𝒚𝒂.. 𝒑𝒂𝒅𝒂𝒉𝒂𝒍 𝒑𝒂𝒌𝒂𝒊 𝒘𝒊𝒇𝒊, 𝒋𝒂𝒓𝒊𝒏𝒈𝒂𝒏 𝒋𝒈 𝒃𝒂𝒊𝒌, 𝒊𝒏𝒊 𝒚𝒈 𝒔𝒂𝒍𝒂𝒉 𝒅𝒊𝒎𝒏𝒂 𝒚𝒂𝒂.. 𝒔𝒂𝒎𝒑𝒆 𝒂𝒒 𝒉𝒂𝒑𝒖𝒔𝟐𝒊𝒏, 𝒓𝒆𝒔𝒕𝒂𝒓𝒕 𝒃𝒆𝒓𝒌𝒂𝒍𝒊𝟐 𝒕𝒆𝒕𝒆𝒑 𝒃𝒊𝒌𝒊𝒏 𝒌𝒆𝒔𝒆𝒍 𝒌𝒂𝒓𝒆𝒏𝒂 𝒋𝒂𝒓𝒊𝒏𝒈𝒂𝒏 𝒕𝒊𝒃𝒂𝟐 𝒏𝒂𝒊𝒌 ... 𝒕𝒐𝒍𝒐𝒏𝒈 𝒍𝒂𝒉",,[],[],[],
Mas Cungkring,5,2025-10-02 14:34:04,"sangat bagus, tapi sayang banyak yang ngechit","sangat bagus, tapi sayang banyak yang ngechit",sangat bagus tapi sayang banyak yang ngechit,"['sangat', 'bagus', 'tapi', 'sayang', 'banyak', 'yang', 'ngechit']","['sangat', 'bagus', 'sayang', 'banyak', 'ngechit']","['sangat', 'bagus', 'sayang', 'banyak', 'ngechit']",sangat bagus sayang banyak ngechit
Rafka Putra,1,2025-10-02 14:22:14,kocak orang gak salah apa² di bl game rusak,kocak orang gak salah apa² di bl game rusak,kocak orang gak salah apa di bl game rusak,"['kocak', 'orang', 'gak', 'salah', 'apa', 'di', 'bl', 'game', 'rusak']","['kocak', 'orang', 'gak', 'salah', 'apa', 'bl', 'game', 'rusak']","['kocak', 'orang', 'gak', 'salah', 'apa', 'bl', 'game', 'rusak']",kocak orang gak salah apa bl game rusak
Rafi Celyn,1,2025-10-02 14:10:02,Jelek,jelek,jelek,['jelek'],['jelek'],['jelek'],jelek
Herda Gamer,5,2025-10-02 14:09:45,"sebaik""nya lebih baik ketika kita mendapatkan sebuah hadiah dri seseorang pembuat gamenya sendiri","sebaik""nya lebih baik ketika kita mendapatkan sebuah hadiah dri seseorang pembuat gamenya sendiri",sebaiknya lebih baik ketika kita mendapatkan sebuah hadiah dri seseorang pembuat gamenya sendiri,"['sebaiknya', 'lebih', 'baik', 'ketika', 'kita', 'mendapatkan', 'sebuah', 'hadiah', 'dri', 'seseorang', 'pembuat', 'gamenya', 'sendiri']","['sebaiknya', 'lebih', 'baik', 'mendapatkan', 'sebuah', 'hadiah', 'dri', 'seseorang', 'pembuat', 'gamenya', 'sendiri']","['baik', 'lebih', 'baik', 'dapat', 'buah', 'hadiah', 'dri', 'orang', 'buat', 'gamenya', 'sendiri']",baik lebih baik dapat buah hadiah dri orang buat gamenya sendiri
Prince azzami Pramesta,5,2025-10-02 14:07:38,"oy min, sg trouble nya kapan keluar yang permanen?","oy min, sg trouble nya kapan keluar yang permanen?",oy min sg trouble nya kapan keluar yang permanen,"['oy', 'min', 'sg', 'trouble', 'nya', 'kapan', 'keluar', 'yang', 'permanen']","['oy', 'min', 'sg', 'trouble', 'nya', 'kapan', 'keluar', 'permanen']","['oy', 'min', 'sg', 'trouble', 'nya', 'kapan', 'keluar', 'permanen']",oy min sg trouble nya kapan keluar permanen
ÊVÎŁツSH ÐØW Z,1,2025-10-02 14:07:22,"sumpah gm ya bagus banget playernya juga baik"" Peh aku kasih reting 5-4 sangking bagus nya","sumpah gm ya bagus banget playernya juga baik"" peh aku kasih reting 5-4 sangking bagus nya",sumpah gm ya bagus banget playernya juga baik peh aku kasih reting sangking bagus nya,"['sumpah', 'gm', 'ya', 'bagus', 'banget', 'playernya', 'juga', 'baik', 'peh', 'aku', 'kasih', 'reting', 'sangking', 'bagus', 'nya']","['sumpah', 'gm', 'bagus', 'banget', 'playernya', 'baik', 'peh', 'aku', 'kasih', 'reting', 'sangking', 'bagus', 'nya']","['sumpah', 'gm', 'bagus', 'banget', 'playernya', 'baik', 'peh', 'aku', 'kasih', 'reting', 'sangking', 'bagus', 'nya']",sumpah gm bagus banget playernya baik peh aku kasih reting sangking bagus nya
Atjwar mbejux,1,2025-10-02 14:06:10,awal sisen pasti ngelagggg cs atau br sama aja gimana ini Garena udah pakai data tetap ngelaggg pakai wifi sama aja gimana ini Garena woiiii tolongg apa aku terlalu jago ya Garena tahik lak 😭😭😭,awal sisen pasti ngelagggg cs atau br sama aja gimana ini garena udah pakai data tetap ngelaggg pakai wifi sama aja gimana ini garena woiiii tolongg apa aku terlalu jago ya garena tahik lak 😭😭😭,awal sisen pasti ngelagggg cs atau br sama aja gimana ini garena udah pakai data tetap ngelaggg pakai wifi sama aja gimana ini garena woiiii tolongg apa aku terlalu jago ya garena tahik lak,"['awal', 'sisen', 'pasti', 'ngelagggg', 'cs', 'atau', 'br', 'sama', 'aja', 'gimana', 'ini', 'garena', 'udah', 'pakai', 'data', 'tetap', 'ngelaggg', 'pakai', 'wifi', 'sama', 'aja', 'gimana', 'ini', 'garena', 'woiiii', 'tolongg', 'apa', 'aku', 'terlalu', 'jago', 'ya', 'garena', 'tahik', 'lak']","['awal', 'sisen', 'ngelagggg', 'cs', 'br', 'sama', 'aja', 'gimana', 'garena', 'udah', 'pakai', 'data', 'tetap', 'ngelaggg', 'pakai', 'wifi', 'sama', 'aja', 'gimana', 'garena', 'woiiii', 'tolongg', 'apa', 'aku', 'terlalu', 'jago', 'garena', 'tahik', 'lak']","['awal', 'sisen', 'ngelagggg', 'cs', 'br', 'sama', 'aja', 'gimana', 'garena', 'udah', 'pakai', 'data', 'tetap', 'ngelaggg', 'pakai', 'wifi', 'sama', 'aja', 'gimana', 'garena', 'woiiii', 'tolongg', 'apa', 'aku', 'terlalu', 'jago', 'garena', 'tahik', 'lak']",awal sisen ngelagggg cs br sama aja gimana garena udah pakai data tetap ngelaggg pakai wifi sama aja gimana garena woiiii tolongg apa aku terlalu jago garena tahik lak
Haidar,5,2025-10-02 14:05:52,siapa yg buat kasih diamond,siapa yg buat kasih diamond,siapa yg buat kasih diamond,"['siapa', 'yg', 'buat', 'kasih', 'diamond']","['siapa', 'yg', 'buat', 'kasih', 'diamond']","['siapa', 'yg', 'buat', 'kasih', 'diamond']",siapa yg buat kasih diamond
Fatihr Ardiansha putera,1,2025-10-02 13:58:07,permainan buruk,permainan buruk,permainan buruk,"['permainan', 'buruk']","['permainan', 'buruk']","['main', 'buruk']",main buruk
M david M david sepriansyah,5,2025-10-02 13:49:43,firefire adalh gem yg seru dan paling baguss ayo garena terus semangat untuk mengabdet setiap seson firefire!!,firefire adalh gem yg seru dan paling baguss ayo garena terus semangat untuk mengabdet setiap seson firefire!!,firefire adalh gem yg seru dan paling baguss ayo garena terus semangat untuk mengabdet setiap seson firefire,"['firefire', 'adalh', 'gem', 'yg', 'seru', 'dan', 'paling', 'baguss', 'ayo', 'garena', 'terus', 'semangat', 'untuk', 'mengabdet', 'setiap', 'seson', 'firefire']","['firefire', 'adalh', 'gem', 'yg', 'seru', 'paling', 'baguss', 'ayo', 'garena', 'terus', 'semangat', 'mengabdet', 'seson', 'firefire']","['firefire', 'adalh', 'gem', 'yg', 'seru', 'paling', 'baguss', 'ayo', 'garena', 'terus', 'semangat', 'mengabdet', 'seson', 'firefire']",firefire adalh gem yg seru paling baguss ayo garena terus semangat mengabdet seson firefire
Zhakariya78 Z-78,5,2025-10-02 13:40:39,FF emang keren banget bisa dapat kan bandel gratis,ff emang keren banget bisa dapat kan bandel gratis,ff emang keren banget bisa dapat kan bandel gratis,"['ff', 'emang', 'keren', 'banget', 'bisa', 'dapat', 'kan', 'bandel', 'gratis']","['ff', 'emang', 'keren', 'banget', 'kan', 'bandel', 'gratis']","['ff', 'emang', 'keren', 'banget', 'kan', 'bandel', 'gratis']",ff emang keren banget kan bandel gratis
Adib Kajen,1,2025-10-02 13:39:47,gelarena kenapa bayak cit,gelarena kenapa bayak cit,gelarena kenapa bayak cit,"['gelarena', 'kenapa', 'bayak', 'cit']","['gelarena', 'bayak', 'cit']","['gelarena', 'bayak', 'cit']",gelarena bayak cit
Faizal Septriansyah,1,2025-10-02 13:38:28,tolong kembalikan jaman 2019😟,tolong kembalikan jaman 2019😟,tolong kembalikan jaman,"['tolong', 'kembalikan', 'jaman']","['kembalikan', 'jaman']","['kembali', 'jaman']",kembali jaman
Rapi Amasah,5,2025-10-02 13:35:19,game bagus,game bagus,game bagus,"['game', 'bagus']","['game', 'bagus']","['game', 'bagus']",game bagus
Andre Yesaya,3,2025-10-02 13:33:09,game seru tapi gak kasih D,game seru tapi gak kasih d,game seru tapi gak kasih d,"['game', 'seru', 'tapi', 'gak', 'kasih', 'd']","['game', 'seru', 'gak', 'kasih', 'd']","['game', 'seru', 'gak', 'kasih', 'd']",game seru gak kasih d
Nizam,1,2025-10-02 13:30:51,"sinyal nya tolong diperbaiki, karena dibuat scroll atau lainnya lancar tapi pas main jadi jelek","sinyal nya tolong diperbaiki, karena dibuat scroll atau lainnya lancar tapi pas main jadi jelek",sinyal nya tolong diperbaiki karena dibuat scroll atau lainnya lancar tapi pas main jadi jelek,"['sinyal', 'nya', 'tolong', 'diperbaiki', 'karena', 'dibuat', 'scroll', 'atau', 'lainnya', 'lancar', 'tapi', 'pas', 'main', 'jadi', 'jelek']","['sinyal', 'nya', 'diperbaiki', 'dibuat', 'scroll', 'lainnya', 'lancar', 'pas', 'main', 'jadi', 'jelek']","['sinyal', 'nya', 'baik', 'buat', 'scroll', 'lain', 'lancar', 'pas', 'main', 'jadi', 'jelek']",sinyal nya baik buat scroll lain lancar pas main jadi jelek
Alim Agus,5,2025-10-02 13:30:30,karena game ini asik,karena game ini asik,karena game ini asik,"['karena', 'game', 'ini', 'asik']","['game', 'asik']","['game', 'asik']",game asik
Roni Syahputra,4,2025-10-02 13:30:10,saya sangat suka,saya sangat suka,saya sangat suka,"['saya', 'sangat', 'suka']","['sangat', 'suka']","['sangat', 'suka']",sangat suka
Fitri Saja,5,2025-10-02 13:30:00,ff sekarang bagusss💯,ff sekarang bagusss💯,ff sekarang bagusss,"['ff', 'sekarang', 'bagusss']","['ff', 'sekarang', 'bagusss']","['ff', 'sekarang', 'bagusss']",ff sekarang bagusss
Ivander Raka,5,2025-10-02 13:28:46,seru banget rasanya seneng,seru banget rasanya seneng,seru banget rasanya seneng,"['seru', 'banget', 'rasanya', 'seneng']","['seru', 'banget', 'rasanya', 'seneng']","['seru', 'banget', 'rasa', 'neng']",seru banget rasa neng
Rendy Rendy,5,2025-10-02 13:26:46,Ahmad fajar ff,ahmad fajar ff,ahmad fajar ff,"['ahmad', 'fajar', 'ff']","['ahmad', 'fajar', 'ff']","['ahmad', 'fajar', 'ff']",ahmad fajar ff
idris Ahmad,1,2025-10-02 13:19:41,jangan donglot plis akun gw hilang 2× plis game peng hilang akun,jangan donglot plis akun gw hilang 2× plis game peng hilang akun,jangan donglot plis akun gw hilang plis game peng hilang akun,"['jangan', 'donglot', 'plis', 'akun', 'gw', 'hilang', 'plis', 'game', 'peng', 'hilang', 'akun']","['jangan', 'donglot', 'plis', 'akun', 'gw', 'hilang', 'plis', 'game', 'peng', 'hilang', 'akun']","['jangan', 'donglot', 'plis', 'akun', 'gw', 'hilang', 'plis', 'game', 'peng', 'hilang', 'akun']",jangan donglot plis akun gw hilang plis game peng hilang akun
Rezi Bos king,5,2025-10-02 13:19:29,keren,keren,keren,['keren'],['keren'],['keren'],keren
Pili Petak,5,2025-10-02 13:18:23,SANGAT KEREN,sangat keren,sangat keren,"['sangat', 'keren']","['sangat', 'keren']","['sangat', 'keren']",sangat keren
irfan nugraha,2,2025-10-02 13:07:27,garena mohon game ini di perbaiki di tidak bisa login ada bacaan server config 3,garena mohon game ini di perbaiki di tidak bisa login ada bacaan server config 3,garena mohon game ini di perbaiki di tidak bisa login ada bacaan server config,"['garena', 'mohon', 'game', 'ini', 'di', 'perbaiki', 'di', 'tidak', 'bisa', 'login', 'ada', 'bacaan', 'server', 'config']","['garena', 'mohon', 'game', 'perbaiki', 'login', 'bacaan', 'server', 'config']","['garena', 'mohon', 'game', 'baik', 'login', 'baca', 'server', 'config']",garena mohon game baik login baca server config
Tegar Herdiansyah,1,2025-10-02 13:06:44,game sangat bagus,game sangat bagus,game sangat bagus,"['game', 'sangat', 'bagus']","['game', 'sangat', 'bagus']","['game', 'sangat', 'bagus']",game sangat bagus
Muhamad Hafizh,5,2025-10-02 13:06:13,seru,seru,seru,['seru'],['seru'],['seru'],seru
Chuu,1,2025-10-02 12:59:42,jaringan tidak stabil padahal sinyal bagus,jaringan tidak stabil padahal sinyal bagus,jaringan tidak stabil padahal sinyal bagus,"['jaringan', 'tidak', 'stabil', 'padahal', 'sinyal', 'bagus']","['jaringan', 'stabil', 'padahal', 'sinyal', 'bagus']","['jaring', 'stabil', 'padahal', 'sinyal', 'bagus']",jaring stabil padahal sinyal bagus
Dewi Puspitasari,1,2025-10-02 12:59:30,"game burik monyet, gw gak mic gak ngomong kasar, gk ngetik toxic juga knp tb² di mute babi apa² di mute sekalian aja fitur mic hapus asu","game burik monyet, gw gak mic gak ngomong kasar, gk ngetik toxic juga knp tb² di mute babi apa² di mute sekalian aja fitur mic hapus asu",game burik monyet gw gak mic gak ngomong kasar gk ngetik toxic juga knp tb di mute babi apa di mute sekalian aja fitur mic hapus asu,"['game', 'burik', 'monyet', 'gw', 'gak', 'mic', 'gak', 'ngomong', 'kasar', 'gk', 'ngetik', 'toxic', 'juga', 'knp', 'tb', 'di', 'mute', 'babi', 'apa', 'di', 'mute', 'sekalian', 'aja', 'fitur', 'mic', 'hapus', 'asu']","['game', 'burik', 'monyet', 'gw', 'gak', 'mic', 'gak', 'ngomong', 'kasar', 'gk', 'ngetik', 'toxic', 'knp', 'tb', 'mute', 'babi', 'apa', 'mute', 'sekalian', 'aja', 'fitur', 'mic', 'hapus', 'asu']","['game', 'burik', 'monyet', 'gw', 'gak', 'mic', 'gak', 'ngomong', 'kasar', 'gk', 'ngetik', 'toxic', 'knp', 'tb', 'mute', 'babi', 'apa', 'mute', 'sekali', 'aja', 'fitur', 'mic', 'hapus', 'asu']",game burik monyet gw gak mic gak ngomong kasar gk ngetik toxic knp tb mute babi apa mute sekali aja fitur mic hapus asu
Budi Okee,5,2025-10-02 12:58:45,banyak bak demege,banyak bak demege,banyak bak demege,"['banyak', 'bak', 'demege']","['banyak', 'bak', 'demege']","['banyak', 'bak', 'demege']",banyak bak demege
ANINDIA FAUZIAH,4,2025-10-02 12:52:36,bagus,bagus,bagus,['bagus'],['bagus'],['bagus'],bagus
Nazwa Wawa,1,2025-10-02 12:51:51,akun aku gabisa dibalikin padahal akun Facebook🙁,akun aku gabisa dibalikin padahal akun facebook🙁,akun aku gabisa dibalikin padahal akun facebook,"['akun', 'aku', 'gabisa', 'dibalikin', 'padahal', 'akun', 'facebook']","['akun', 'aku', 'gabisa', 'dibalikin', 'padahal', 'akun', 'facebook']","['akun', 'aku', 'gabisa', 'dibalikin', 'padahal', 'akun', 'facebook']",akun aku gabisa dibalikin padahal akun facebook
Rizal 0999,5,2025-10-02 12:50:33,bapaku garena,bapaku garena,bapaku garena,"['bapaku', 'garena']","['bapaku', 'garena']","['bapa', 'garena']",bapa garena
Ranto Saputra,5,2025-10-02 12:49:50,"gamenya burik,kikir full png,banyak drama","gamenya burik,kikir full png,banyak drama",gamenya burikkikir full pngbanyak drama,"['gamenya', 'burikkikir', 'full', 'pngbanyak', 'drama']","['gamenya', 'burikkikir', 'full', 'pngbanyak', 'drama']","['gamenya', 'burikkikir', 'full', 'pngbanyak', 'drama']",gamenya burikkikir full pngbanyak drama
Neza Pratama,4,2025-10-02 12:48:45,FRI.FIREE,fri.firee,frifiree,['frifiree'],['frifiree'],['frifiree'],frifiree
Adam Adam,5,2025-10-02 12:45:16,bagus bngttt,bagus bngttt,bagus bngttt,"['bagus', 'bngttt']","['bagus', 'bngttt']","['bagus', 'bngttt']",bagus bngttt
rehan faturrahman,1,2025-10-02 12:42:11,kenapa bang budi di blaklits dia juga butuh 💸,kenapa bang budi di blaklits dia juga butuh 💸,kenapa bang budi di blaklits dia juga butuh,"['kenapa', 'bang', 'budi', 'di', 'blaklits', 'dia', 'juga', 'butuh']","['bang', 'budi', 'blaklits', 'butuh']","['bang', 'budi', 'blaklits', 'butuh']",bang budi blaklits butuh
Rufaidah,5,2025-10-02 12:41:29,sangat sukaa sklii sm game in seru dan gak bikin aku gabut lgii pokoknya bintang lima dehh,sangat sukaa sklii sm game in seru dan gak bikin aku gabut lgii pokoknya bintang lima dehh,sangat sukaa sklii sm game in seru dan gak bikin aku gabut lgii pokoknya bintang lima dehh,"['sangat', 'sukaa', 'sklii', 'sm', 'game', 'in', 'seru', 'dan', 'gak', 'bikin', 'aku', 'gabut', 'lgii', 'pokoknya', 'bintang', 'lima', 'dehh']","['sangat', 'sukaa', 'sklii', 'sm', 'game', 'in', 'seru', 'gak', 'bikin', 'aku', 'gabut', 'lgii', 'pokoknya', 'bintang', 'lima', 'dehh']","['sangat', 'sukaa', 'sklii', 'sm', 'game', 'in', 'seru', 'gak', 'bikin', 'aku', 'gabut', 'lgii', 'pokok', 'bintang', 'lima', 'dehh']",sangat sukaa sklii sm game in seru gak bikin aku gabut lgii pokok bintang lima dehh
alfarezrl rmdn,1,2025-10-02 12:40:45,ni game banyak bocil nairi cik 😹,ni game banyak bocil nairi cik 😹,ni game banyak bocil nairi cik,"['ni', 'game', 'banyak', 'bocil', 'nairi', 'cik']","['ni', 'game', 'banyak', 'bocil', 'nairi', 'cik']","['ni', 'game', 'banyak', 'bocil', 'nairi', 'cik']",ni game banyak bocil nairi cik
dana dana,3,2025-10-02 12:39:11,turunkah harga toko prime ga ngontak,turunkah harga toko prime ga ngontak,turunkah harga toko prime ga ngontak,"['turunkah', 'harga', 'toko', 'prime', 'ga', 'ngontak']","['turunkah', 'harga', 'toko', 'prime', 'ga', 'ngontak']","['turun', 'harga', 'toko', 'prime', 'ga', 'ngontak']",turun harga toko prime ga ngontak
Xhaka Omer,1,2025-10-02 12:33:33,Garena parbaiki game kamu karena aku pas main tiba tiba keluar sendiri,garena parbaiki game kamu karena aku pas main tiba tiba keluar sendiri,garena parbaiki game kamu karena aku pas main tiba tiba keluar sendiri,"['garena', 'parbaiki', 'game', 'kamu', 'karena', 'aku', 'pas', 'main', 'tiba', 'tiba', 'keluar', 'sendiri']","['garena', 'parbaiki', 'game', 'kamu', 'aku', 'pas', 'main', 'tiba', 'tiba', 'keluar', 'sendiri']","['garena', 'parbaiki', 'game', 'kamu', 'aku', 'pas', 'main', 'tiba', 'tiba', 'keluar', 'sendiri']",garena parbaiki game kamu aku pas main tiba tiba keluar sendiri
oki jerom,5,2025-10-02 12:32:00,sangat seru!,sangat seru!,sangat seru,"['sangat', 'seru']","['sangat', 'seru']","['sangat', 'seru']",sangat seru
habib Zain,2,2025-10-02 12:30:35,kakaean bug,kakaean bug,kakaean bug,"['kakaean', 'bug']","['kakaean', 'bug']","['kakaean', 'bug']",kakaean bug
Rahma wati,5,2025-10-02 12:28:18,"aku ketika main ff, beh aim gw gacorr dan ff nggak burik lagi, aku udah lama juga main ff, mulai dari 2019","aku ketika main ff, beh aim gw gacorr dan ff nggak burik lagi, aku udah lama juga main ff, mulai dari 2019",aku ketika main ff beh aim gw gacorr dan ff nggak burik lagi aku udah lama juga main ff mulai dari,"['aku', 'ketika', 'main', 'ff', 'beh', 'aim', 'gw', 'gacorr', 'dan', 'ff', 'nggak', 'burik', 'lagi', 'aku', 'udah', 'lama', 'juga', 'main', 'ff', 'mulai', 'dari']","['aku', 'main', 'ff', 'beh', 'aim', 'gw', 'gacorr', 'ff', 'burik', 'aku', 'udah', 'lama', 'main', 'ff', 'mulai']","['aku', 'main', 'ff', 'beh', 'aim', 'gw', 'gacorr', 'ff', 'burik', 'aku', 'udah', 'lama', 'main', 'ff', 'mulai']",aku main ff beh aim gw gacorr ff burik aku udah lama main ff mulai
Komang Aldi,5,2025-10-02 12:26:22,ff selalu dihati siapa yang.nglihat in juga suka ff salam nama saya wayan Adi Saputra dari hti di wilayah Lampung,ff selalu dihati siapa yang.nglihat in juga suka ff salam nama saya wayan adi saputra dari hti di wilayah lampung,ff selalu dihati siapa yangnglihat in juga suka ff salam nama saya wayan adi saputra dari hti di wilayah lampung,"['ff', 'selalu', 'dihati', 'siapa', 'yangnglihat', 'in', 'juga', 'suka', 'ff', 'salam', 'nama', 'saya', 'wayan', 'adi', 'saputra', 'dari', 'hti', 'di', 'wilayah', 'lampung']","['ff', 'selalu', 'dihati', 'siapa', 'yangnglihat', 'in', 'suka', 'ff', 'salam', 'nama', 'wayan', 'adi', 'saputra', 'hti', 'wilayah', 'lampung']","['ff', 'selalu', 'hati', 'siapa', 'yangnglihat', 'in', 'suka', 'ff', 'salam', 'nama', 'wayan', 'adi', 'saputra', 'hti', 'wilayah', 'lampung']",ff selalu hati siapa yangnglihat in suka ff salam nama wayan adi saputra hti wilayah lampung
Theys Pattiasina,4,2025-10-02 12:25:06,karna garvik bagus,karna garvik bagus,karna garvik bagus,"['karna', 'garvik', 'bagus']","['karna', 'garvik', 'bagus']","['karna', 'garvik', 'bagus']",karna garvik bagus
El Hazmi,1,2025-10-02 12:23:05,al,al,al,['al'],['al'],['al'],al
Risto Boimau,5,2025-10-02 12:19:41,saya suka mai Free fire max,saya suka mai free fire max,saya suka mai free fire max,"['saya', 'suka', 'mai', 'free', 'fire', 'max']","['suka', 'mai', 'free', 'fire', 'max']","['suka', 'mai', 'free', 'fire', 'max']",suka mai free fire max
Jamal arya,5,2025-10-02 12:18:38,game ini sangat bagus untuk di main kan seru sekali,game ini sangat bagus untuk di main kan seru sekali,game ini sangat bagus untuk di main kan seru sekali,"['game', 'ini', 'sangat', 'bagus', 'untuk', 'di', 'main', 'kan', 'seru', 'sekali']","['game', 'sangat', 'bagus', 'main', 'kan', 'seru', 'sekali']","['game', 'sangat', 'bagus', 'main', 'kan', 'seru', 'sekali']",game sangat bagus main kan seru sekali
Fa Dhil,5,2025-10-02 12:12:28,mantap,mantap,mantap,['mantap'],['mantap'],['mantap'],mantap
Olivia Zm,5,2025-10-02 12:11:31,👍👍👍👍👍👍👍,👍👍👍👍👍👍👍,,[],[],[],
Putra Ragil,5,2025-10-02 12:09:35,Game yang seru 👍👍👍,game yang seru 👍👍👍,game yang seru,"['game', 'yang', 'seru']","['game', 'seru']","['game', 'seru']",game seru
Boo kirr,5,2025-10-02 12:08:46,mantap,mantap,mantap,['mantap'],['mantap'],['mantap'],mantap
Nabil Modz,5,2025-10-02 12:06:29,"game udah bagus cuman kekurangannya satu , banyak cheat dan ada beberapa bagian player yang menggunakan cheat cuman gak di banned sama sekali","game udah bagus cuman kekurangannya satu , banyak cheat dan ada beberapa bagian player yang menggunakan cheat cuman gak di banned sama sekali",game udah bagus cuman kekurangannya satu banyak cheat dan ada beberapa bagian player yang menggunakan cheat cuman gak di banned sama sekali,"['game', 'udah', 'bagus', 'cuman', 'kekurangannya', 'satu', 'banyak', 'cheat', 'dan', 'ada', 'beberapa', 'bagian', 'player', 'yang', 'menggunakan', 'cheat', 'cuman', 'gak', 'di', 'banned', 'sama', 'sekali']","['game', 'udah', 'bagus', 'cuman', 'kekurangannya', 'satu', 'banyak', 'cheat', 'beberapa', 'bagian', 'player', 'menggunakan', 'cheat', 'cuman', 'gak', 'banned', 'sama', 'sekali']","['game', 'udah', 'bagus', 'cuman', 'kurang', 'satu', 'banyak', 'cheat', 'beberapa', 'bagi', 'player', 'guna', 'cheat', 'cuman', 'gak', 'banned', 'sama', 'sekali']",game udah bagus cuman kurang satu banyak cheat beberapa bagi player guna cheat cuman gak banned sama sekali
Eca Galaxy,5,2025-10-02 12:04:25,"bagus banget tau tapi aku pengen hoki melulu 😥😥😥😔😔🙏🙏😭😭plies Garena kece keren banget 👋🥺😚😚😚🍰🍰🍰🍰🥰🥰🥰 aku,ingin diamonds, nama usryme me elsa,,Naura","bagus banget tau tapi aku pengen hoki melulu 😥😥😥😔😔🙏🙏😭😭plies garena kece keren banget 👋🥺😚😚😚🍰🍰🍰🍰🥰🥰🥰 aku,ingin diamonds, nama usryme me elsa,,naura",bagus banget tau tapi aku pengen hoki melulu plies garena kece keren banget akuingin diamonds nama usryme me elsanaura,"['bagus', 'banget', 'tau', 'tapi', 'aku', 'pengen', 'hoki', 'melulu', 'plies', 'garena', 'kece', 'keren', 'banget', 'akuingin', 'diamonds', 'nama', 'usryme', 'me', 'elsanaura']","['bagus', 'banget', 'tau', 'aku', 'pengen', 'hoki', 'melulu', 'plies', 'garena', 'kece', 'keren', 'banget', 'akuingin', 'diamonds', 'nama', 'usryme', 'me', 'elsanaura']","['bagus', 'banget', 'tau', 'aku', 'ken', 'hoki', 'melulu', 'plies', 'garena', 'kece', 'keren', 'banget', 'akuingin', 'diamonds', 'nama', 'usryme', 'me', 'elsanaura']",bagus banget tau aku ken hoki melulu plies garena kece keren banget akuingin diamonds nama usryme me elsanaura
Irfan Sugiarto,1,2025-10-02 12:03:55,kembalikan akun ku yang ke banned,kembalikan akun ku yang ke banned,kembalikan akun ku yang ke banned,"['kembalikan', 'akun', 'ku', 'yang', 'ke', 'banned']","['kembalikan', 'akun', 'ku', 'banned']","['kembali', 'akun', 'ku', 'banned']",kembali akun ku banned
Rabilian Iskandar,4,2025-10-02 12:03:11,matchmaking nya lama banget,matchmaking nya lama banget,matchmaking nya lama banget,"['matchmaking', 'nya', 'lama', 'banget']","['matchmaking', 'nya', 'lama', 'banget']","['matchmaking', 'nya', 'lama', 'banget']",matchmaking nya lama banget
Teggar,1,2025-10-02 11:59:35,game kikir pake nge bl bg budi lgi rusak²,game kikir pake nge bl bg budi lgi rusak²,game kikir pake nge bl bg budi lgi rusak,"['game', 'kikir', 'pake', 'nge', 'bl', 'bg', 'budi', 'lgi', 'rusak']","['game', 'kikir', 'pake', 'nge', 'bl', 'bg', 'budi', 'lgi', 'rusak']","['game', 'kikir', 'pake', 'nge', 'bl', 'bg', 'budi', 'lgi', 'rusak']",game kikir pake nge bl bg budi lgi rusak
Didik kandangan Rostanto,5,2025-10-02 11:58:16,seru dan menyenangkan,seru dan menyenangkan,seru dan menyenangkan,"['seru', 'dan', 'menyenangkan']","['seru', 'menyenangkan']","['seru', 'senang']",seru senang
Riyo Adi,1,2025-10-02 11:54:05,niat hati mau balik game lagi malah ga bisa login diulang tetap sama,niat hati mau balik game lagi malah ga bisa login diulang tetap sama,niat hati mau balik game lagi malah ga bisa login diulang tetap sama,"['niat', 'hati', 'mau', 'balik', 'game', 'lagi', 'malah', 'ga', 'bisa', 'login', 'diulang', 'tetap', 'sama']","['niat', 'hati', 'mau', 'balik', 'game', 'malah', 'ga', 'login', 'diulang', 'tetap', 'sama']","['niat', 'hati', 'mau', 'balik', 'game', 'malah', 'ga', 'login', 'ulang', 'tetap', 'sama']",niat hati mau balik game malah ga login ulang tetap sama
Riko,5,2025-10-02 11:51:17,Game ini akan indah jika akunku kembali,game ini akan indah jika akunku kembali,game ini akan indah jika akunku kembali,"['game', 'ini', 'akan', 'indah', 'jika', 'akunku', 'kembali']","['game', 'indah', 'akunku']","['game', 'indah', 'akun']",game indah akun
Sahari Herri,4,2025-10-02 11:51:17,min ko free fire jadi ginih GK onmic dan GK bisa di perbaiki knp min tolong dong min GK bisa bisa 🙏🙏,min ko free fire jadi ginih gk onmic dan gk bisa di perbaiki knp min tolong dong min gk bisa bisa 🙏🙏,min ko free fire jadi ginih gk onmic dan gk bisa di perbaiki knp min tolong dong min gk bisa bisa,"['min', 'ko', 'free', 'fire', 'jadi', 'ginih', 'gk', 'onmic', 'dan', 'gk', 'bisa', 'di', 'perbaiki', 'knp', 'min', 'tolong', 'dong', 'min', 'gk', 'bisa', 'bisa']","['min', 'ko', 'free', 'fire', 'jadi', 'ginih', 'gk', 'onmic', 'gk', 'perbaiki', 'knp', 'min', 'dong', 'min', 'gk']","['min', 'ko', 'free', 'fire', 'jadi', 'ginih', 'gk', 'onmic', 'gk', 'baik', 'knp', 'min', 'dong', 'min', 'gk']",min ko free fire jadi ginih gk onmic gk baik knp min dong min gk
Firdan Aditya,5,2025-10-02 11:44:00,suka ngelek ngelek ama patah patah kadang suka banting hv sanking kesel nya kalo bisa mah turunin mb nya lah,suka ngelek ngelek ama patah patah kadang suka banting hv sanking kesel nya kalo bisa mah turunin mb nya lah,suka ngelek ngelek ama patah patah kadang suka banting hv sanking kesel nya kalo bisa mah turunin mb nya lah,"['suka', 'ngelek', 'ngelek', 'ama', 'patah', 'patah', 'kadang', 'suka', 'banting', 'hv', 'sanking', 'kesel', 'nya', 'kalo', 'bisa', 'mah', 'turunin', 'mb', 'nya', 'lah']","['suka', 'ngelek', 'ngelek', 'ama', 'patah', 'patah', 'kadang', 'suka', 'banting', 'hv', 'sanking', 'kesel', 'nya', 'kalo', 'mah', 'turunin', 'mb', 'nya', 'lah']","['suka', 'ngelek', 'ngelek', 'ama', 'patah', 'patah', 'kadang', 'suka', 'banting', 'hv', 'sanking', 'kesel', 'nya', 'kalo', 'mah', 'turunin', 'mb', 'nya', 'lah']",suka ngelek ngelek ama patah patah kadang suka banting hv sanking kesel nya kalo mah turunin mb nya lah
LOIS APRILI MUSKANANFOLA,5,2025-10-02 11:42:36,aku suka game ini,aku suka game ini,aku suka game ini,"['aku', 'suka', 'game', 'ini']","['aku', 'suka', 'game']","['aku', 'suka', 'game']",aku suka game
Ikbal Kc,5,2025-10-02 11:35:23,kirim DM sekilas nya,kirim dm sekilas nya,kirim dm sekilas nya,"['kirim', 'dm', 'sekilas', 'nya']","['kirim', 'dm', 'sekilas', 'nya']","['kirim', 'dm', 'kilas', 'nya']",kirim dm kilas nya
shofi frogner,1,2025-10-02 11:27:46,epep game burik ngntd,epep game burik ngntd,epep game burik ngntd,"['epep', 'game', 'burik', 'ngntd']","['epep', 'game', 'burik', 'ngntd']","['epep', 'game', 'burik', 'ngntd']",epep game burik ngntd
CERIA AGNIA SHALIHAH,5,2025-10-02 11:27:30,DOWNLOAD SEKARANG JUGAAAA!!!!!!!!!!,download sekarang jugaaaa!!!!!!!!!!,download sekarang jugaaaa,"['download', 'sekarang', 'jugaaaa']","['download', 'sekarang', 'jugaaaa']","['download', 'sekarang', 'jugaaaa']",download sekarang jugaaaa
Afriansa putera,1,2025-10-02 11:25:35,game tak tau trima kasi hilang suda panutan ku,game tak tau trima kasi hilang suda panutan ku,game tak tau trima kasi hilang suda panutan ku,"['game', 'tak', 'tau', 'trima', 'kasi', 'hilang', 'suda', 'panutan', 'ku']","['game', 'tak', 'tau', 'trima', 'kasi', 'hilang', 'suda', 'panutan', 'ku']","['game', 'tak', 'tau', 'trima', 'kasi', 'hilang', 'suda', 'panutan', 'ku']",game tak tau trima kasi hilang suda panutan ku
Hendri Kates,5,2025-10-02 11:18:09,gem ini sangat bagus,gem ini sangat bagus,gem ini sangat bagus,"['gem', 'ini', 'sangat', 'bagus']","['gem', 'sangat', 'bagus']","['gem', 'sangat', 'bagus']",gem sangat bagus
vanaaa??,5,2025-10-02 11:15:26,"MASYAALLAH Tabarakallah gamenya kadang timnya draksistem, kroco, kadang ngelag😤 tapi Alhamdulillah saya main baik baik ajaa😻","masyaallah tabarakallah gamenya kadang timnya draksistem, kroco, kadang ngelag😤 tapi alhamdulillah saya main baik baik ajaa😻",masyaallah tabarakallah gamenya kadang timnya draksistem kroco kadang ngelag tapi alhamdulillah saya main baik baik ajaa,"['masyaallah', 'tabarakallah', 'gamenya', 'kadang', 'timnya', 'draksistem', 'kroco', 'kadang', 'ngelag', 'tapi', 'alhamdulillah', 'saya', 'main', 'baik', 'baik', 'ajaa']","['masyaallah', 'tabarakallah', 'gamenya', 'kadang', 'timnya', 'draksistem', 'kroco', 'kadang', 'ngelag', 'alhamdulillah', 'main', 'baik', 'baik', 'ajaa']","['masyaallah', 'tabarakallah', 'gamenya', 'kadang', 'tim', 'draksistem', 'kroco', 'kadang', 'ngelag', 'alhamdulillah', 'main', 'baik', 'baik', 'ajaa']",masyaallah tabarakallah gamenya kadang tim draksistem kroco kadang ngelag alhamdulillah main baik baik ajaa
Nai Enay,4,2025-10-02 11:07:20,"ini game nya bagus tapi, sinyal nya sering putus² padahal disini koneksi internet nya bagus.","ini game nya bagus tapi, sinyal nya sering putus² padahal disini koneksi internet nya bagus.",ini game nya bagus tapi sinyal nya sering putus padahal disini koneksi internet nya bagus,"['ini', 'game', 'nya', 'bagus', 'tapi', 'sinyal', 'nya', 'sering', 'putus', 'padahal', 'disini', 'koneksi', 'internet', 'nya', 'bagus']","['game', 'nya', 'bagus', 'sinyal', 'nya', 'sering', 'putus', 'padahal', 'disini', 'koneksi', 'internet', 'nya', 'bagus']","['game', 'nya', 'bagus', 'sinyal', 'nya', 'sering', 'putus', 'padahal', 'sini', 'koneksi', 'internet', 'nya', 'bagus']",game nya bagus sinyal nya sering putus padahal sini koneksi internet nya bagus
Reni Reni,5,2025-10-02 11:04:03,bagus banget,bagus banget,bagus banget,"['bagus', 'banget']","['bagus', 'banget']","['bagus', 'banget']",bagus banget
Arka,5,2025-10-02 11:01:04,game nya enak banget dan animasinya bagus,game nya enak banget dan animasinya bagus,game nya enak banget dan animasinya bagus,"['game', 'nya', 'enak', 'banget', 'dan', 'animasinya', 'bagus']","['game', 'nya', 'enak', 'banget', 'animasinya', 'bagus']","['game', 'nya', 'enak', 'banget', 'animasi', 'bagus']",game nya enak banget animasi bagus
Gween Syareefa,3,2025-10-02 10:59:41,bagu sih tapi kurangin ngebug nya aj itu aja si,bagu sih tapi kurangin ngebug nya aj itu aja si,bagu sih tapi kurangin ngebug nya aj itu aja si,"['bagu', 'sih', 'tapi', 'kurangin', 'ngebug', 'nya', 'aj', 'itu', 'aja', 'si']","['bagu', 'sih', 'kurangin', 'ngebug', 'nya', 'aj', 'aja', 'si']","['bagu', 'sih', 'rangin', 'ngebug', 'nya', 'aj', 'aja', 'si']",bagu sih rangin ngebug nya aj aja si
Lusiana Maryanti,5,2025-10-02 10:58:07,kenapa banyak bak di gem ini,kenapa banyak bak di gem ini,kenapa banyak bak di gem ini,"['kenapa', 'banyak', 'bak', 'di', 'gem', 'ini']","['banyak', 'bak', 'gem']","['banyak', 'bak', 'gem']",banyak bak gem
hergethemi betaubun,4,2025-10-02 10:55:26,"min Garena perbaikin ff dong, kok gw main cs ketemu cheter mulu","min garena perbaikin ff dong, kok gw main cs ketemu cheter mulu",min garena perbaikin ff dong kok gw main cs ketemu cheter mulu,"['min', 'garena', 'perbaikin', 'ff', 'dong', 'kok', 'gw', 'main', 'cs', 'ketemu', 'cheter', 'mulu']","['min', 'garena', 'perbaikin', 'ff', 'dong', 'kok', 'gw', 'main', 'cs', 'ketemu', 'cheter', 'mulu']","['min', 'garena', 'perbaikin', 'ff', 'dong', 'kok', 'gw', 'main', 'cs', 'ketemu', 'cheter', 'mulu']",min garena perbaikin ff dong kok gw main cs ketemu cheter mulu
Rozak Fatah,1,2025-10-02 10:53:42,kembalikan diamond ungu😡😡,kembalikan diamond ungu😡😡,kembalikan diamond ungu,"['kembalikan', 'diamond', 'ungu']","['kembalikan', 'diamond', 'ungu']","['kembali', 'diamond', 'ungu']",kembali diamond ungu
Nadia syg Nadia syg,5,2025-10-02 10:53:33,game ini sangat penting untuk saya buat Garena makasih udah buat game ini semoga sehat selalu ya garena amiiinnn,game ini sangat penting untuk saya buat garena makasih udah buat game ini semoga sehat selalu ya garena amiiinnn,game ini sangat penting untuk saya buat garena makasih udah buat game ini semoga sehat selalu ya garena amiiinnn,"['game', 'ini', 'sangat', 'penting', 'untuk', 'saya', 'buat', 'garena', 'makasih', 'udah', 'buat', 'game', 'ini', 'semoga', 'sehat', 'selalu', 'ya', 'garena', 'amiiinnn']","['game', 'sangat', 'penting', 'buat', 'garena', 'makasih', 'udah', 'buat', 'game', 'semoga', 'sehat', 'selalu', 'garena', 'amiiinnn']","['game', 'sangat', 'penting', 'buat', 'garena', 'makasih', 'udah', 'buat', 'game', 'moga', 'sehat', 'selalu', 'garena', 'amiiinnn']",game sangat penting buat garena makasih udah buat game moga sehat selalu garena amiiinnn
Agus Komang,1,2025-10-02 10:50:23,kembalikan akun bang Budi,kembalikan akun bang budi,kembalikan akun bang budi,"['kembalikan', 'akun', 'bang', 'budi']","['kembalikan', 'akun', 'bang', 'budi']","['kembali', 'akun', 'bang', 'budi']",kembali akun bang budi
Haikal,1,2025-10-02 10:41:17,tu BG Budi 01 gaming gak bisa main lagi apalah garena,tu bg budi 01 gaming gak bisa main lagi apalah garena,tu bg budi gaming gak bisa main lagi apalah garena,"['tu', 'bg', 'budi', 'gaming', 'gak', 'bisa', 'main', 'lagi', 'apalah', 'garena']","['tu', 'bg', 'budi', 'gaming', 'gak', 'main', 'apalah', 'garena']","['tu', 'bg', 'budi', 'gaming', 'gak', 'main', 'apa', 'garena']",tu bg budi gaming gak main apa garena
Nabila Golden,5,2025-10-02 10:39:38,game ini menarik perhatian para semua pencinta game dan yap min jangan lupa perbaiki lagi ya min kadang agk ngeleg atau ada bug terimakasih sudah membaca,game ini menarik perhatian para semua pencinta game dan yap min jangan lupa perbaiki lagi ya min kadang agk ngeleg atau ada bug terimakasih sudah membaca,game ini menarik perhatian para semua pencinta game dan yap min jangan lupa perbaiki lagi ya min kadang agk ngeleg atau ada bug terimakasih sudah membaca,"['game', 'ini', 'menarik', 'perhatian', 'para', 'semua', 'pencinta', 'game', 'dan', 'yap', 'min', 'jangan', 'lupa', 'perbaiki', 'lagi', 'ya', 'min', 'kadang', 'agk', 'ngeleg', 'atau', 'ada', 'bug', 'terimakasih', 'sudah', 'membaca']","['game', 'menarik', 'perhatian', 'semua', 'pencinta', 'game', 'yap', 'min', 'jangan', 'lupa', 'perbaiki', 'min', 'kadang', 'agk', 'ngeleg', 'bug', 'terimakasih', 'membaca']","['game', 'tarik', 'perhati', 'semua', 'cinta', 'game', 'yap', 'min', 'jangan', 'lupa', 'baik', 'min', 'kadang', 'agk', 'ngeleg', 'bug', 'terimakasih', 'baca']",game tarik perhati semua cinta game yap min jangan lupa baik min kadang agk ngeleg bug terimakasih baca
Maulana Yusuf,5,2025-10-02 10:37:30,gem ini sangat cocok untuk saya,gem ini sangat cocok untuk saya,gem ini sangat cocok untuk saya,"['gem', 'ini', 'sangat', 'cocok', 'untuk', 'saya']","['gem', 'sangat', 'cocok']","['gem', 'sangat', 'cocok']",gem sangat cocok
Raden Alwi,1,2025-10-02 10:33:44,manarik,manarik,manarik,['manarik'],['manarik'],['manarik'],manarik
Alfis nurhabibi,5,2025-10-02 10:32:47,guwe pernah ff max e malahan ff biasa,guwe pernah ff max e malahan ff biasa,guwe pernah ff max e malahan ff biasa,"['guwe', 'pernah', 'ff', 'max', 'e', 'malahan', 'ff', 'biasa']","['guwe', 'pernah', 'ff', 'max', 'e', 'malahan', 'ff', 'biasa']","['guwe', 'pernah', 'ff', 'max', 'e', 'malah', 'ff', 'biasa']",guwe pernah ff max e malah ff biasa
Indonesia Raya,5,2025-10-02 10:32:47,Kamu bisa jadi Imlek dari hasil penelitian menunjukkan bahwa aku beli 1sx,kamu bisa jadi imlek dari hasil penelitian menunjukkan bahwa aku beli 1sx,kamu bisa jadi imlek dari hasil penelitian menunjukkan bahwa aku beli sx,"['kamu', 'bisa', 'jadi', 'imlek', 'dari', 'hasil', 'penelitian', 'menunjukkan', 'bahwa', 'aku', 'beli', 'sx']","['kamu', 'jadi', 'imlek', 'hasil', 'penelitian', 'menunjukkan', 'aku', 'beli', 'sx']","['kamu', 'jadi', 'imlek', 'hasil', 'teliti', 'tunjuk', 'aku', 'beli', 'sx']",kamu jadi imlek hasil teliti tunjuk aku beli sx
Gsdhdhfhfjcjfj,5,2025-10-02 10:28:55,sangat bagus sekaliii,sangat bagus sekaliii,sangat bagus sekaliii,"['sangat', 'bagus', 'sekaliii']","['sangat', 'bagus', 'sekaliii']","['sangat', 'bagus', 'sekaliii']",sangat bagus sekaliii
Arga Situmeang,5,2025-10-02 10:24:17,GARENA SAYA MAU SESUATU YAITU BANDEL YANG BAGUS GARENA SECARA GRATIS HGARENA PLIS,garena saya mau sesuatu yaitu bandel yang bagus garena secara gratis hgarena plis,garena saya mau sesuatu yaitu bandel yang bagus garena secara gratis hgarena plis,"['garena', 'saya', 'mau', 'sesuatu', 'yaitu', 'bandel', 'yang', 'bagus', 'garena', 'secara', 'gratis', 'hgarena', 'plis']","['garena', 'mau', 'bandel', 'bagus', 'garena', 'gratis', 'hgarena', 'plis']","['garena', 'mau', 'bandel', 'bagus', 'garena', 'gratis', 'hgarena', 'plis']",garena mau bandel bagus garena gratis hgarena plis
Rangga Habsi,5,2025-10-02 10:21:36,baguss dan seru ayo segera donlot sekaranggg,baguss dan seru ayo segera donlot sekaranggg,baguss dan seru ayo segera donlot sekaranggg,"['baguss', 'dan', 'seru', 'ayo', 'segera', 'donlot', 'sekaranggg']","['baguss', 'seru', 'ayo', 'segera', 'donlot', 'sekaranggg']","['baguss', 'seru', 'ayo', 'segera', 'donlot', 'sekaranggg']",baguss seru ayo segera donlot sekaranggg
Mania Marfel,1,2025-10-02 10:21:22,Game Kikir Garena pelit,game kikir garena pelit,game kikir garena pelit,"['game', 'kikir', 'garena', 'pelit']","['game', 'kikir', 'garena', 'pelit']","['game', 'kikir', 'garena', 'pelit']",game kikir garena pelit
Dontol Bule,5,2025-10-02 10:18:39,sangat seruh,sangat seruh,sangat seruh,"['sangat', 'seruh']","['sangat', 'seruh']","['sangat', 'seruh']",sangat seruh
El Dirgam el rafif,5,2025-10-02 10:17:29,kasikan diamaon10000,kasikan diamaon10000,kasikan diamaon,"['kasikan', 'diamaon']","['kasikan', 'diamaon']","['kasi', 'diamaon']",kasi diamaon
Sela Aulia,5,2025-10-02 10:13:58,bagus,bagus,bagus,['bagus'],['bagus'],['bagus'],bagus
Galuh TOR,1,2025-10-02 10:07:06,burik gak ada pintu,burik gak ada pintu,burik gak ada pintu,"['burik', 'gak', 'ada', 'pintu']","['burik', 'gak', 'pintu']","['burik', 'gak', 'pintu']",burik gak pintu
Muhsinin 1,5,2025-10-02 09:56:07,game nya seru,game nya seru,game nya seru,"['game', 'nya', 'seru']","['game', 'nya', 'seru']","['game', 'nya', 'seru']",game nya seru
Salwa Nursaras,5,2025-10-02 09:56:06,"sumpah ga bohong game nya bagus banget ,,tapi kadang pas lagi war game nya nge lag suka bikin kesel juga anjir apalagi pas turun beh sakit hati bet ini mah capek² naikin rank ehh malah turun tapi gapapa ko walaupun gitu aku tetep suka sama ff elevyu ff👍🏻🗿🤸🏻‍♀","sumpah ga bohong game nya bagus banget ,,tapi kadang pas lagi war game nya nge lag suka bikin kesel juga anjir apalagi pas turun beh sakit hati bet ini mah capek² naikin rank ehh malah turun tapi gapapa ko walaupun gitu aku tetep suka sama ff elevyu ff👍🏻🗿🤸🏻‍♀",sumpah ga bohong game nya bagus banget tapi kadang pas lagi war game nya nge lag suka bikin kesel juga anjir apalagi pas turun beh sakit hati bet ini mah capek naikin rank ehh malah turun tapi gapapa ko walaupun gitu aku tetep suka sama ff elevyu ff,"['sumpah', 'ga', 'bohong', 'game', 'nya', 'bagus', 'banget', 'tapi', 'kadang', 'pas', 'lagi', 'war', 'game', 'nya', 'nge', 'lag', 'suka', 'bikin', 'kesel', 'juga', 'anjir', 'apalagi', 'pas', 'turun', 'beh', 'sakit', 'hati', 'bet', 'ini', 'mah', 'capek', 'naikin', 'rank', 'ehh', 'malah', 'turun', 'tapi', 'gapapa', 'ko', 'walaupun', 'gitu', 'aku', 'tetep', 'suka', 'sama', 'ff', 'elevyu', 'ff']","['sumpah', 'ga', 'bohong', 'game', 'nya', 'bagus', 'banget', 'kadang', 'pas', 'war', 'game', 'nya', 'nge', 'lag', 'suka', 'bikin', 'kesel', 'anjir', 'pas', 'turun', 'beh', 'sakit', 'hati', 'bet', 'mah', 'capek', 'naikin', 'rank', 'ehh', 'malah', 'turun', 'gapapa', 'ko', 'walaupun', 'gitu', 'aku', 'tetep', 'suka', 'sama', 'ff', 'elevyu', 'ff']","['sumpah', 'ga', 'bohong', 'game', 'nya', 'bagus', 'banget', 'kadang', 'pas', 'war', 'game', 'nya', 'nge', 'lag', 'suka', 'bikin', 'kesel', 'anjir', 'pas', 'turun', 'beh', 'sakit', 'hati', 'bet', 'mah', 'capek', 'naikin', 'rank', 'ehh', 'malah', 'turun', 'gapapa', 'ko', 'walaupun', 'gitu', 'aku', 'tetep', 'suka', 'sama', 'ff', 'elevyu', 'ff']",sumpah ga bohong game nya bagus banget kadang pas war game nya nge lag suka bikin kesel anjir pas turun beh sakit hati bet mah capek naikin rank ehh malah turun gapapa ko walaupun gitu aku tetep suka sama ff elevyu ff
Zohdi Akbar,5,2025-10-02 09:41:05,game ini bagus banget tapi ada bug nya tolong dong admin perbaiki lagi kalo udah di perbaiki kabarin ya,game ini bagus banget tapi ada bug nya tolong dong admin perbaiki lagi kalo udah di perbaiki kabarin ya,game ini bagus banget tapi ada bug nya tolong dong admin perbaiki lagi kalo udah di perbaiki kabarin ya,"['game', 'ini', 'bagus', 'banget', 'tapi', 'ada', 'bug', 'nya', 'tolong', 'dong', 'admin', 'perbaiki', 'lagi', 'kalo', 'udah', 'di', 'perbaiki', 'kabarin', 'ya']","['game', 'bagus', 'banget', 'bug', 'nya', 'dong', 'admin', 'perbaiki', 'kalo', 'udah', 'perbaiki', 'kabarin']","['game', 'bagus', 'banget', 'bug', 'nya', 'dong', 'admin', 'baik', 'kalo', 'udah', 'baik', 'kabarin']",game bagus banget bug nya dong admin baik kalo udah baik kabarin
Nama Mana,5,2025-10-02 09:36:14,Karena game nya sangat seru,karena game nya sangat seru,karena game nya sangat seru,"['karena', 'game', 'nya', 'sangat', 'seru']","['game', 'nya', 'sangat', 'seru']","['game', 'nya', 'sangat', 'seru']",game nya sangat seru
Laurdent tamba,5,2025-10-02 09:31:25,sangat keren,sangat keren,sangat keren,"['sangat', 'keren']","['sangat', 'keren']","['sangat', 'keren']",sangat keren
Samsung Samsung04e,3,2025-10-02 09:23:53,karna bg buda tidak bisa main lagi garena babi,karna bg buda tidak bisa main lagi garena babi,karna bg buda tidak bisa main lagi garena babi,"['karna', 'bg', 'buda', 'tidak', 'bisa', 'main', 'lagi', 'garena', 'babi']","['karna', 'bg', 'buda', 'main', 'garena', 'babi']","['karna', 'bg', 'buda', 'main', 'garena', 'babi']",karna bg buda main garena babi
Hezel Valensia,1,2025-10-02 09:15:31,min bang budi sampe pensi loh min kok gitu mimin nya,min bang budi sampe pensi loh min kok gitu mimin nya,min bang budi sampe pensi loh min kok gitu mimin nya,"['min', 'bang', 'budi', 'sampe', 'pensi', 'loh', 'min', 'kok', 'gitu', 'mimin', 'nya']","['min', 'bang', 'budi', 'sampe', 'pensi', 'loh', 'min', 'kok', 'gitu', 'mimin', 'nya']","['min', 'bang', 'budi', 'sampe', 'pensi', 'loh', 'min', 'kok', 'gitu', 'mimin', 'nya']",min bang budi sampe pensi loh min kok gitu mimin nya
AryaDF A6,1,2025-10-02 09:11:20,game aneh banyak bug sama ga bisa pakai skil,game aneh banyak bug sama ga bisa pakai skil,game aneh banyak bug sama ga bisa pakai skil,"['game', 'aneh', 'banyak', 'bug', 'sama', 'ga', 'bisa', 'pakai', 'skil']","['game', 'aneh', 'banyak', 'bug', 'sama', 'ga', 'pakai', 'skil']","['game', 'aneh', 'banyak', 'bug', 'sama', 'ga', 'pakai', 'skil']",game aneh banyak bug sama ga pakai skil
Pebri Ardianto,1,2025-10-02 09:08:56,aku bener bener kecewa sama Mimin salah satu panutanku dari dulu sampe sekarang di buat pensi sama Mimin kecewa banget gua sama Mimin mending aku pensi aja daripada kehilangan panutan ku,aku bener bener kecewa sama mimin salah satu panutanku dari dulu sampe sekarang di buat pensi sama mimin kecewa banget gua sama mimin mending aku pensi aja daripada kehilangan panutan ku,aku bener bener kecewa sama mimin salah satu panutanku dari dulu sampe sekarang di buat pensi sama mimin kecewa banget gua sama mimin mending aku pensi aja daripada kehilangan panutan ku,"['aku', 'bener', 'bener', 'kecewa', 'sama', 'mimin', 'salah', 'satu', 'panutanku', 'dari', 'dulu', 'sampe', 'sekarang', 'di', 'buat', 'pensi', 'sama', 'mimin', 'kecewa', 'banget', 'gua', 'sama', 'mimin', 'mending', 'aku', 'pensi', 'aja', 'daripada', 'kehilangan', 'panutan', 'ku']","['aku', 'bener', 'bener', 'kecewa', 'sama', 'mimin', 'salah', 'satu', 'panutanku', 'dulu', 'sampe', 'sekarang', 'buat', 'pensi', 'sama', 'mimin', 'kecewa', 'banget', 'gua', 'sama', 'mimin', 'mending', 'aku', 'pensi', 'aja', 'kehilangan', 'panutan', 'ku']","['aku', 'bener', 'bener', 'kecewa', 'sama', 'mimin', 'salah', 'satu', 'panutan', 'dulu', 'sampe', 'sekarang', 'buat', 'pensi', 'sama', 'mimin', 'kecewa', 'banget', 'gua', 'sama', 'mimin', 'mending', 'aku', 'pensi', 'aja', 'hilang', 'panutan', 'ku']",aku bener bener kecewa sama mimin salah satu panutan dulu sampe sekarang buat pensi sama mimin kecewa banget gua sama mimin mending aku pensi aja hilang panutan ku
Ragna Ivander Darielle,5,2025-10-02 09:05:54,bagus sekali,bagus sekali,bagus sekali,"['bagus', 'sekali']","['bagus', 'sekali']","['bagus', 'sekali']",bagus sekali
Makbar Fadilla,5,2025-10-02 09:05:02,"lumayan, tapi tolong lah garena bantuin akun aku hoki, dan aku dapat temen kayak drag sistem tolong adill plesss","lumayan, tapi tolong lah garena bantuin akun aku hoki, dan aku dapat temen kayak drag sistem tolong adill plesss",lumayan tapi tolong lah garena bantuin akun aku hoki dan aku dapat temen kayak drag sistem tolong adill plesss,"['lumayan', 'tapi', 'tolong', 'lah', 'garena', 'bantuin', 'akun', 'aku', 'hoki', 'dan', 'aku', 'dapat', 'temen', 'kayak', 'drag', 'sistem', 'tolong', 'adill', 'plesss']","['lumayan', 'lah', 'garena', 'bantuin', 'akun', 'aku', 'hoki', 'aku', 'temen', 'kayak', 'drag', 'sistem', 'adill', 'plesss']","['lumayan', 'lah', 'garena', 'bantuin', 'akun', 'aku', 'hoki', 'aku', 'temen', 'kayak', 'drag', 'sistem', 'adill', 'plesss']",lumayan lah garena bantuin akun aku hoki aku temen kayak drag sistem adill plesss
Khairil Anwar,1,2025-10-02 09:03:51,ini kenapa min tiba tiba data ff saya ke hapus harus download ulang aku gak mau tau pokoknya kasih aku 10.000 DM min,ini kenapa min tiba tiba data ff saya ke hapus harus download ulang aku gak mau tau pokoknya kasih aku 10.000 dm min,ini kenapa min tiba tiba data ff saya ke hapus harus download ulang aku gak mau tau pokoknya kasih aku dm min,"['ini', 'kenapa', 'min', 'tiba', 'tiba', 'data', 'ff', 'saya', 'ke', 'hapus', 'harus', 'download', 'ulang', 'aku', 'gak', 'mau', 'tau', 'pokoknya', 'kasih', 'aku', 'dm', 'min']","['min', 'tiba', 'tiba', 'data', 'ff', 'hapus', 'download', 'ulang', 'aku', 'gak', 'mau', 'tau', 'pokoknya', 'kasih', 'aku', 'dm', 'min']","['min', 'tiba', 'tiba', 'data', 'ff', 'hapus', 'download', 'ulang', 'aku', 'gak', 'mau', 'tau', 'pokok', 'kasih', 'aku', 'dm', 'min']",min tiba tiba data ff hapus download ulang aku gak mau tau pokok kasih aku dm min
darmi cibro82,2,2025-10-02 08:57:03,"min kok akun saya tiba-tiba saja tidak bisa masuk dan ada tulisan""gagal mendapatkan config versi : 3""itu bukan emoji ya min Memeng seperti itu yang muncul mohon perbaiki atau bantu aku saya min😭😭","min kok akun saya tiba-tiba saja tidak bisa masuk dan ada tulisan""gagal mendapatkan config versi : 3""itu bukan emoji ya min memeng seperti itu yang muncul mohon perbaiki atau bantu aku saya min😭😭",min kok akun saya tibatiba saja tidak bisa masuk dan ada tulisangagal mendapatkan config versi itu bukan emoji ya min memeng seperti itu yang muncul mohon perbaiki atau bantu aku saya min,"['min', 'kok', 'akun', 'saya', 'tibatiba', 'saja', 'tidak', 'bisa', 'masuk', 'dan', 'ada', 'tulisangagal', 'mendapatkan', 'config', 'versi', 'itu', 'bukan', 'emoji', 'ya', 'min', 'memeng', 'seperti', 'itu', 'yang', 'muncul', 'mohon', 'perbaiki', 'atau', 'bantu', 'aku', 'saya', 'min']","['min', 'kok', 'akun', 'tibatiba', 'masuk', 'tulisangagal', 'mendapatkan', 'config', 'versi', 'bukan', 'emoji', 'min', 'memeng', 'muncul', 'mohon', 'perbaiki', 'bantu', 'aku', 'min']","['min', 'kok', 'akun', 'tibatiba', 'masuk', 'tulisangagal', 'dapat', 'config', 'versi', 'bukan', 'emoji', 'min', 'memeng', 'muncul', 'mohon', 'baik', 'bantu', 'aku', 'min']",min kok akun tibatiba masuk tulisangagal dapat config versi bukan emoji min memeng muncul mohon baik bantu aku min
Radit,5,2025-10-02 08:53:23,enak cuy,enak cuy,enak cuy,"['enak', 'cuy']","['enak', 'cuy']","['enak', 'cuy']",enak cuy
Son Aji,5,2025-10-02 08:52:33,karena. ffmax seru,karena. ffmax seru,karena ffmax seru,"['karena', 'ffmax', 'seru']","['ffmax', 'seru']","['ffmax', 'seru']",ffmax seru
Apip Pudin,5,2025-10-02 08:52:16,game nya sangat seru,game nya sangat seru,game nya sangat seru,"['game', 'nya', 'sangat', 'seru']","['game', 'nya', 'sangat', 'seru']","['game', 'nya', 'sangat', 'seru']",game nya sangat seru
Ofurube Jahat,5,2025-10-02 08:51:12,kurangi bug dong,kurangi bug dong,kurangi bug dong,"['kurangi', 'bug', 'dong']","['kurangi', 'bug', 'dong']","['kurang', 'bug', 'dong']",kurang bug dong
alif andra,5,2025-10-02 08:48:59,akun baru,akun baru,akun baru,"['akun', 'baru']","['akun', 'baru']","['akun', 'baru']",akun baru
Rizky GD,1,2025-10-02 08:44:57,napa si ngelag padahal sinyal kenceng banget kuota juga masih banyak anehhhh,napa si ngelag padahal sinyal kenceng banget kuota juga masih banyak anehhhh,napa si ngelag padahal sinyal kenceng banget kuota juga masih banyak anehhhh,"['napa', 'si', 'ngelag', 'padahal', 'sinyal', 'kenceng', 'banget', 'kuota', 'juga', 'masih', 'banyak', 'anehhhh']","['napa', 'si', 'ngelag', 'padahal', 'sinyal', 'kenceng', 'banget', 'kuota', 'banyak', 'anehhhh']","['napa', 'si', 'ngelag', 'padahal', 'sinyal', 'kenceng', 'banget', 'kuota', 'banyak', 'anehhhh']",napa si ngelag padahal sinyal kenceng banget kuota banyak anehhhh
Zum Khasanah,5,2025-10-02 08:42:42,min kuluarin rambut kakasih putih,min kuluarin rambut kakasih putih,min kuluarin rambut kakasih putih,"['min', 'kuluarin', 'rambut', 'kakasih', 'putih']","['min', 'kuluarin', 'rambut', 'kakasih', 'putih']","['min', 'kuluarin', 'rambut', 'kakasih', 'putih']",min kuluarin rambut kakasih putih
Oppo Oppo F1s,5,2025-10-02 08:32:26,Enak di mainkan,enak di mainkan,enak di mainkan,"['enak', 'di', 'mainkan']","['enak', 'mainkan']","['enak', 'main']",enak main
Agam Agam,5,2025-10-02 08:30:22,sangat bagus dan seru tapi ada bug yang harus di perbaiki yaitu bug damage,sangat bagus dan seru tapi ada bug yang harus di perbaiki yaitu bug damage,sangat bagus dan seru tapi ada bug yang harus di perbaiki yaitu bug damage,"['sangat', 'bagus', 'dan', 'seru', 'tapi', 'ada', 'bug', 'yang', 'harus', 'di', 'perbaiki', 'yaitu', 'bug', 'damage']","['sangat', 'bagus', 'seru', 'bug', 'perbaiki', 'bug', 'damage']","['sangat', 'bagus', 'seru', 'bug', 'baik', 'bug', 'damage']",sangat bagus seru bug baik bug damage
Kenco Yaco,1,2025-10-02 08:28:35,dah bintang 1,dah bintang 1,dah bintang,"['dah', 'bintang']","['dah', 'bintang']","['dah', 'bintang']",dah bintang
Emmy Nurul HIDAYAH,5,2025-10-02 08:24:01,bisa bermain tembak tembakan,bisa bermain tembak tembakan,bisa bermain tembak tembakan,"['bisa', 'bermain', 'tembak', 'tembakan']","['bermain', 'tembak', 'tembakan']","['main', 'tembak', 'tembak']",main tembak tembak
prasisma,5,2025-10-02 08:23:09,sangat bagus,sangat bagus,sangat bagus,"['sangat', 'bagus']","['sangat', 'bagus']","['sangat', 'bagus']",sangat bagus
Aldo Firdauzy,1,2025-10-02 08:21:20,lawak,lawak,lawak,['lawak'],['lawak'],['lawak'],lawak
Diphda Ayyasy,5,2025-10-02 08:14:34,bagus,bagus,bagus,['bagus'],['bagus'],['bagus'],bagus
M holik Alpaujan,5,2025-10-02 08:13:45,ff dihati,ff dihati,ff dihati,"['ff', 'dihati']","['ff', 'dihati']","['ff', 'hati']",ff hati
Melisa Djurian,5,2025-10-02 08:06:18,enak di main bisa mabar juga,enak di main bisa mabar juga,enak di main bisa mabar juga,"['enak', 'di', 'main', 'bisa', 'mabar', 'juga']","['enak', 'main', 'mabar']","['enak', 'main', 'mabar']",enak main mabar
Riyan Nyagilang,5,2025-10-02 08:01:35,iya,iya,iya,['iya'],['iya'],['iya'],iya
Mochamad Azriel,5,2025-10-02 07:56:40,Gamenya bagus harga-harganya juga pada murah gak kaya mobile legend pada mahal mending fre fire gak bikin stres mobile legend mah kalah truss🥰🥰🥰,gamenya bagus harga-harganya juga pada murah gak kaya mobile legend pada mahal mending fre fire gak bikin stres mobile legend mah kalah truss🥰🥰🥰,gamenya bagus hargaharganya juga pada murah gak kaya mobile legend pada mahal mending fre fire gak bikin stres mobile legend mah kalah truss,"['gamenya', 'bagus', 'hargaharganya', 'juga', 'pada', 'murah', 'gak', 'kaya', 'mobile', 'legend', 'pada', 'mahal', 'mending', 'fre', 'fire', 'gak', 'bikin', 'stres', 'mobile', 'legend', 'mah', 'kalah', 'truss']","['gamenya', 'bagus', 'hargaharganya', 'murah', 'gak', 'kaya', 'mobile', 'legend', 'mahal', 'mending', 'fre', 'fire', 'gak', 'bikin', 'stres', 'mobile', 'legend', 'mah', 'kalah', 'truss']","['gamenya', 'bagus', 'hargaharganya', 'murah', 'gak', 'kaya', 'mobile', 'legend', 'mahal', 'mending', 'fre', 'fire', 'gak', 'bikin', 'stres', 'mobile', 'legend', 'mah', 'kalah', 'truss']",gamenya bagus hargaharganya murah gak kaya mobile legend mahal mending fre fire gak bikin stres mobile legend mah kalah truss
Reza Alfa,5,2025-10-02 07:51:48,game bagus,game bagus,game bagus,"['game', 'bagus']","['game', 'bagus']","['game', 'bagus']",game bagus
Iros Iros,5,2025-10-02 07:50:39,Seru,seru,seru,['seru'],['seru'],['seru'],seru
Gon Opet,4,2025-10-02 07:50:27,ini harus nya di adakan mode offline kaya ml bisa nyoba skin apa aja sama bisa main walaupun computer supaya bisa ngalahin ml tolong garena atau develover nya baca plissss🙏🙏,ini harus nya di adakan mode offline kaya ml bisa nyoba skin apa aja sama bisa main walaupun computer supaya bisa ngalahin ml tolong garena atau develover nya baca plissss🙏🙏,ini harus nya di adakan mode offline kaya ml bisa nyoba skin apa aja sama bisa main walaupun computer supaya bisa ngalahin ml tolong garena atau develover nya baca plissss,"['ini', 'harus', 'nya', 'di', 'adakan', 'mode', 'offline', 'kaya', 'ml', 'bisa', 'nyoba', 'skin', 'apa', 'aja', 'sama', 'bisa', 'main', 'walaupun', 'computer', 'supaya', 'bisa', 'ngalahin', 'ml', 'tolong', 'garena', 'atau', 'develover', 'nya', 'baca', 'plissss']","['nya', 'adakan', 'mode', 'offline', 'kaya', 'ml', 'nyoba', 'skin', 'apa', 'aja', 'sama', 'main', 'walaupun', 'computer', 'ngalahin', 'ml', 'garena', 'develover', 'nya', 'baca', 'plissss']","['nya', 'adakan', 'mode', 'offline', 'kaya', 'ml', 'nyoba', 'skin', 'apa', 'aja', 'sama', 'main', 'walaupun', 'computer', 'ngalahin', 'ml', 'garena', 'develover', 'nya', 'baca', 'plissss']",nya adakan mode offline kaya ml nyoba skin apa aja sama main walaupun computer ngalahin ml garena develover nya baca plissss
Steven Dooff,2,2025-10-02 07:46:14,"setelah saya kembali memainkan game ini lagi saya merasa kecewa karna banyak bug yg merugikan player,banyak chiter yang gak di ban,jaringan yang harusnya bagus malah buruk,sistem cs rank yg tidak adil,karena musuh mendapatkan tim yg lebih pro/skilnya baik","setelah saya kembali memainkan game ini lagi saya merasa kecewa karna banyak bug yg merugikan player,banyak chiter yang gak di ban,jaringan yang harusnya bagus malah buruk,sistem cs rank yg tidak adil,karena musuh mendapatkan tim yg lebih pro/skilnya baik",setelah saya kembali memainkan game ini lagi saya merasa kecewa karna banyak bug yg merugikan playerbanyak chiter yang gak di banjaringan yang harusnya bagus malah buruksistem cs rank yg tidak adilkarena musuh mendapatkan tim yg lebih proskilnya baik,"['setelah', 'saya', 'kembali', 'memainkan', 'game', 'ini', 'lagi', 'saya', 'merasa', 'kecewa', 'karna', 'banyak', 'bug', 'yg', 'merugikan', 'playerbanyak', 'chiter', 'yang', 'gak', 'di', 'banjaringan', 'yang', 'harusnya', 'bagus', 'malah', 'buruksistem', 'cs', 'rank', 'yg', 'tidak', 'adilkarena', 'musuh', 'mendapatkan', 'tim', 'yg', 'lebih', 'proskilnya', 'baik']","['memainkan', 'game', 'merasa', 'kecewa', 'karna', 'banyak', 'bug', 'yg', 'merugikan', 'playerbanyak', 'chiter', 'gak', 'banjaringan', 'harusnya', 'bagus', 'malah', 'buruksistem', 'cs', 'rank', 'yg', 'adilkarena', 'musuh', 'mendapatkan', 'tim', 'yg', 'lebih', 'proskilnya', 'baik']","['main', 'game', 'rasa', 'kecewa', 'karna', 'banyak', 'bug', 'yg', 'rugi', 'playerbanyak', 'chiter', 'gak', 'banjaringan', 'harus', 'bagus', 'malah', 'buruksistem', 'cs', 'rank', 'yg', 'adilkarena', 'musuh', 'dapat', 'tim', 'yg', 'lebih', 'proskilnya', 'baik']",main game rasa kecewa karna banyak bug yg rugi playerbanyak chiter gak banjaringan harus bagus malah buruksistem cs rank yg adilkarena musuh dapat tim yg lebih proskilnya baik
Rizky Apriansyah,5,2025-10-02 07:43:31,semoga hoki saat gacha di free fire,semoga hoki saat gacha di free fire,semoga hoki saat gacha di free fire,"['semoga', 'hoki', 'saat', 'gacha', 'di', 'free', 'fire']","['semoga', 'hoki', 'gacha', 'free', 'fire']","['moga', 'hoki', 'gacha', 'free', 'fire']",moga hoki gacha free fire
vera,5,2025-10-02 07:34:57,bgi dm gerena,bgi dm gerena,bgi dm gerena,"['bgi', 'dm', 'gerena']","['bgi', 'dm', 'gerena']","['bgi', 'dm', 'gena']",bgi dm gena
De Ni,5,2025-10-02 07:31:06,sekali lagi bagi diamond 100,sekali lagi bagi diamond 100,sekali lagi bagi diamond,"['sekali', 'lagi', 'bagi', 'diamond']","['sekali', 'diamond']","['sekali', 'diamond']",sekali diamond
Igbal,1,2025-10-02 07:22:41,tolong bagus kan game ini bg budi 01 gaming knapa tidak bisa main rank memang game free fire burikkkkkkkkkk hapus aja tu game burikk iri ya garena liat bg budi main blodstrik,tolong bagus kan game ini bg budi 01 gaming knapa tidak bisa main rank memang game free fire burikkkkkkkkkk hapus aja tu game burikk iri ya garena liat bg budi main blodstrik,tolong bagus kan game ini bg budi gaming knapa tidak bisa main rank memang game free fire burikkkkkkkkkk hapus aja tu game burikk iri ya garena liat bg budi main blodstrik,"['tolong', 'bagus', 'kan', 'game', 'ini', 'bg', 'budi', 'gaming', 'knapa', 'tidak', 'bisa', 'main', 'rank', 'memang', 'game', 'free', 'fire', 'burikkkkkkkkkk', 'hapus', 'aja', 'tu', 'game', 'burikk', 'iri', 'ya', 'garena', 'liat', 'bg', 'budi', 'main', 'blodstrik']","['bagus', 'kan', 'game', 'bg', 'budi', 'gaming', 'knapa', 'main', 'rank', 'memang', 'game', 'free', 'fire', 'burikkkkkkkkkk', 'hapus', 'aja', 'tu', 'game', 'burikk', 'iri', 'garena', 'liat', 'bg', 'budi', 'main', 'blodstrik']","['bagus', 'kan', 'game', 'bg', 'budi', 'gaming', 'knapa', 'main', 'rank', 'memang', 'game', 'free', 'fire', 'burikkkkkkkkkk', 'hapus', 'aja', 'tu', 'game', 'burikk', 'iri', 'garena', 'liat', 'bg', 'budi', 'main', 'blodstrik']",bagus kan game bg budi gaming knapa main rank memang game free fire burikkkkkkkkkk hapus aja tu game burikk iri garena liat bg budi main blodstrik
Theo putra,5,2025-10-02 07:16:48,berikan saya akun ff bagus kali plis,berikan saya akun ff bagus kali plis,berikan saya akun ff bagus kali plis,"['berikan', 'saya', 'akun', 'ff', 'bagus', 'kali', 'plis']","['berikan', 'akun', 'ff', 'bagus', 'kali', 'plis']","['ikan', 'akun', 'ff', 'bagus', 'kali', 'plis']",ikan akun ff bagus kali plis
Rafa Bayu,5,2025-10-02 07:14:21,game sudah bagus kerenn bgt (colab lagi dong min) 🗿🗿,game sudah bagus kerenn bgt (colab lagi dong min) 🗿🗿,game sudah bagus kerenn bgt colab lagi dong min,"['game', 'sudah', 'bagus', 'kerenn', 'bgt', 'colab', 'lagi', 'dong', 'min']","['game', 'bagus', 'kerenn', 'bgt', 'colab', 'dong', 'min']","['game', 'bagus', 'kerenn', 'bgt', 'colab', 'dong', 'min']",game bagus kerenn bgt colab dong min
Dafa Ibnu,5,2025-10-02 07:10:08,bagus ni,bagus ni,bagus ni,"['bagus', 'ni']","['bagus', 'ni']","['bagus', 'ni']",bagus ni
Epandimas Epanhrp,4,2025-10-02 07:10:03,👍,👍,,[],[],[],
Muhamad nasrullah Anas,5,2025-10-02 07:09:24,"“Game-nya seru banget, grafiknya ringan tapi keren, cocok buat HP dengan spek apa pun.” “Mode permainan bervariasi, nggak cepat bosan.” “Event dan hadiah selalu menarik, bikin semangat main terus.” “Kontrol mudah dipahami, cocok buat pemula maupun pro.” “Komunitas besar, gampang cari teman mabar.” Kekurangannya Bermuda remastered gak ada di RANKED","“game-nya seru banget, grafiknya ringan tapi keren, cocok buat hp dengan spek apa pun.” “mode permainan bervariasi, nggak cepat bosan.” “event dan hadiah selalu menarik, bikin semangat main terus.” “kontrol mudah dipahami, cocok buat pemula maupun pro.” “komunitas besar, gampang cari teman mabar.” kekurangannya bermuda remastered gak ada di ranked",gamenya seru banget grafiknya ringan tapi keren cocok buat hp dengan spek apa pun mode permainan bervariasi nggak cepat bosan event dan hadiah selalu menarik bikin semangat main terus kontrol mudah dipahami cocok buat pemula maupun pro komunitas besar gampang cari teman mabar kekurangannya bermuda remastered gak ada di ranked,"['gamenya', 'seru', 'banget', 'grafiknya', 'ringan', 'tapi', 'keren', 'cocok', 'buat', 'hp', 'dengan', 'spek', 'apa', 'pun', 'mode', 'permainan', 'bervariasi', 'nggak', 'cepat', 'bosan', 'event', 'dan', 'hadiah', 'selalu', 'menarik', 'bikin', 'semangat', 'main', 'terus', 'kontrol', 'mudah', 'dipahami', 'cocok', 'buat', 'pemula', 'maupun', 'pro', 'komunitas', 'besar', 'gampang', 'cari', 'teman', 'mabar', 'kekurangannya', 'bermuda', 'remastered', 'gak', 'ada', 'di', 'ranked']","['gamenya', 'seru', 'banget', 'grafiknya', 'ringan', 'keren', 'cocok', 'buat', 'hp', 'spek', 'apa', 'mode', 'permainan', 'bervariasi', 'cepat', 'bosan', 'event', 'hadiah', 'selalu', 'menarik', 'bikin', 'semangat', 'main', 'terus', 'kontrol', 'mudah', 'dipahami', 'cocok', 'buat', 'pemula', 'maupun', 'pro', 'komunitas', 'besar', 'gampang', 'cari', 'teman', 'mabar', 'kekurangannya', 'bermuda', 'remastered', 'gak', 'ranked']","['gamenya', 'seru', 'banget', 'grafik', 'ringan', 'keren', 'cocok', 'buat', 'hp', 'spek', 'apa', 'mode', 'main', 'variasi', 'cepat', 'bosan', 'event', 'hadiah', 'selalu', 'tarik', 'bikin', 'semangat', 'main', 'terus', 'kontrol', 'mudah', 'paham', 'cocok', 'buat', 'mula', 'maupun', 'pro', 'komunitas', 'besar', 'gampang', 'cari', 'teman', 'mabar', 'kurang', 'muda', 'remastered', 'gak', 'ranked']",gamenya seru banget grafik ringan keren cocok buat hp spek apa mode main variasi cepat bosan event hadiah selalu tarik bikin semangat main terus kontrol mudah paham cocok buat mula maupun pro komunitas besar gampang cari teman mabar kurang muda remastered gak ranked
Alfaro Fathir,5,2025-10-02 07:04:43,game seru gw udah sultan main dari 2020,game seru gw udah sultan main dari 2020,game seru gw udah sultan main dari,"['game', 'seru', 'gw', 'udah', 'sultan', 'main', 'dari']","['game', 'seru', 'gw', 'udah', 'sultan', 'main']","['game', 'seru', 'gw', 'udah', 'sultan', 'main']",game seru gw udah sultan main
zexy zex,1,2025-10-02 07:02:46,"dua tiga tutup botol ini game macam pentol ahahaha, game banyak bug paling bikin emosi bug damege tolong perbaiki atau kasih saya diamond 🗿","dua tiga tutup botol ini game macam pentol ahahaha, game banyak bug paling bikin emosi bug damege tolong perbaiki atau kasih saya diamond 🗿",dua tiga tutup botol ini game macam pentol ahahaha game banyak bug paling bikin emosi bug damege tolong perbaiki atau kasih saya diamond,"['dua', 'tiga', 'tutup', 'botol', 'ini', 'game', 'macam', 'pentol', 'ahahaha', 'game', 'banyak', 'bug', 'paling', 'bikin', 'emosi', 'bug', 'damege', 'tolong', 'perbaiki', 'atau', 'kasih', 'saya', 'diamond']","['tiga', 'tutup', 'botol', 'game', 'macam', 'pentol', 'ahahaha', 'game', 'banyak', 'bug', 'paling', 'bikin', 'emosi', 'bug', 'damege', 'perbaiki', 'kasih', 'diamond']","['tiga', 'tutup', 'botol', 'game', 'macam', 'pentol', 'ahahaha', 'game', 'banyak', 'bug', 'paling', 'bikin', 'emosi', 'bug', 'damege', 'baik', 'kasih', 'diamond']",tiga tutup botol game macam pentol ahahaha game banyak bug paling bikin emosi bug damege baik kasih diamond
Adit Ainur,4,2025-10-02 06:42:05,bagus,bagus,bagus,['bagus'],['bagus'],['bagus'],bagus
Zazid Bustomi,1,2025-10-02 06:41:59,ini game bagus tapi saya udah pakai tampilan semut tapi masih ngeleg padahal udah punya paketan 4GB tolong perbaiki min,ini game bagus tapi saya udah pakai tampilan semut tapi masih ngeleg padahal udah punya paketan 4gb tolong perbaiki min,ini game bagus tapi saya udah pakai tampilan semut tapi masih ngeleg padahal udah punya paketan gb tolong perbaiki min,"['ini', 'game', 'bagus', 'tapi', 'saya', 'udah', 'pakai', 'tampilan', 'semut', 'tapi', 'masih', 'ngeleg', 'padahal', 'udah', 'punya', 'paketan', 'gb', 'tolong', 'perbaiki', 'min']","['game', 'bagus', 'udah', 'pakai', 'tampilan', 'semut', 'ngeleg', 'padahal', 'udah', 'punya', 'paketan', 'gb', 'perbaiki', 'min']","['game', 'bagus', 'udah', 'pakai', 'tampil', 'semut', 'ngeleg', 'padahal', 'udah', 'punya', 'paket', 'gb', 'baik', 'min']",game bagus udah pakai tampil semut ngeleg padahal udah punya paket gb baik min
infinixhot50i,5,2025-10-02 06:41:05,seru banget,seru banget,seru banget,"['seru', 'banget']","['seru', 'banget']","['seru', 'banget']",seru banget
Isbandi Kaidah,4,2025-10-02 06:39:04,aku cinta free firee,aku cinta free firee,aku cinta free firee,"['aku', 'cinta', 'free', 'firee']","['aku', 'cinta', 'free', 'firee']","['aku', 'cinta', 'free', 'firee']",aku cinta free firee
Rahma Rahma,5,2025-10-02 06:38:49,woi,woi,woi,['woi'],['woi'],['woi'],woi
PRAHWONO BS,5,2025-10-02 06:34:04,seruu bisaa ngilanginn sterss,seruu bisaa ngilanginn sterss,seruu bisaa ngilanginn sterss,"['seruu', 'bisaa', 'ngilanginn', 'sterss']","['seruu', 'bisaa', 'ngilanginn', 'sterss']","['seruu', 'bisaa', 'ngilanginn', 'sterss']",seruu bisaa ngilanginn sterss
Fatir arya wiguna,5,2025-10-02 06:33:47,gem ini sangat seru,gem ini sangat seru,gem ini sangat seru,"['gem', 'ini', 'sangat', 'seru']","['gem', 'sangat', 'seru']","['gem', 'sangat', 'seru']",gem sangat seru
Redmi,5,2025-10-02 06:33:37,indonesia,indonesia,indonesia,['indonesia'],['indonesia'],['indonesia'],indonesia
Muh Yasin,5,2025-10-02 06:31:56,sangat bagus 🫶🫶,sangat bagus 🫶🫶,sangat bagus,"['sangat', 'bagus']","['sangat', 'bagus']","['sangat', 'bagus']",sangat bagus
MUHAMMAD REHAN rehan,1,2025-10-02 06:31:04,macthing nya lama banget g mulai mulai,macthing nya lama banget g mulai mulai,macthing nya lama banget g mulai mulai,"['macthing', 'nya', 'lama', 'banget', 'g', 'mulai', 'mulai']","['macthing', 'nya', 'lama', 'banget', 'g', 'mulai', 'mulai']","['macthing', 'nya', 'lama', 'banget', 'g', 'mulai', 'mulai']",macthing nya lama banget g mulai mulai
Kalirejo New,1,2025-10-02 06:29:25,karena saya main cs dikasih tim drakor sistem mohon untuk di perbaiki karena bintang saya turun terus.,karena saya main cs dikasih tim drakor sistem mohon untuk di perbaiki karena bintang saya turun terus.,karena saya main cs dikasih tim drakor sistem mohon untuk di perbaiki karena bintang saya turun terus,"['karena', 'saya', 'main', 'cs', 'dikasih', 'tim', 'drakor', 'sistem', 'mohon', 'untuk', 'di', 'perbaiki', 'karena', 'bintang', 'saya', 'turun', 'terus']","['main', 'cs', 'dikasih', 'tim', 'drakor', 'sistem', 'mohon', 'perbaiki', 'bintang', 'turun', 'terus']","['main', 'cs', 'kasih', 'tim', 'drakor', 'sistem', 'mohon', 'baik', 'bintang', 'turun', 'terus']",main cs kasih tim drakor sistem mohon baik bintang turun terus
Ahmad Suparman,5,2025-10-02 06:23:53,keren makin banyak di gratisin makin banyak player nya plis shotgun permanen gratis plis garena,keren makin banyak di gratisin makin banyak player nya plis shotgun permanen gratis plis garena,keren makin banyak di gratisin makin banyak player nya plis shotgun permanen gratis plis garena,"['keren', 'makin', 'banyak', 'di', 'gratisin', 'makin', 'banyak', 'player', 'nya', 'plis', 'shotgun', 'permanen', 'gratis', 'plis', 'garena']","['keren', 'makin', 'banyak', 'gratisin', 'makin', 'banyak', 'player', 'nya', 'plis', 'shotgun', 'permanen', 'gratis', 'plis', 'garena']","['keren', 'makin', 'banyak', 'gratisin', 'makin', 'banyak', 'player', 'nya', 'plis', 'shotgun', 'permanen', 'gratis', 'plis', 'garena']",keren makin banyak gratisin makin banyak player nya plis shotgun permanen gratis plis garena
Martin Martin,5,2025-10-02 06:21:47,ff enak dimain kan,ff enak dimain kan,ff enak dimain kan,"['ff', 'enak', 'dimain', 'kan']","['ff', 'enak', 'dimain', 'kan']","['ff', 'enak', 'main', 'kan']",ff enak main kan
Bagas pujon gacor TRI SETIAWAN,4,2025-10-02 06:17:06,gamenya seru sihh tapi jangan yg susah buat main gamenya,gamenya seru sihh tapi jangan yg susah buat main gamenya,gamenya seru sihh tapi jangan yg susah buat main gamenya,"['gamenya', 'seru', 'sihh', 'tapi', 'jangan', 'yg', 'susah', 'buat', 'main', 'gamenya']","['gamenya', 'seru', 'sihh', 'jangan', 'yg', 'susah', 'buat', 'main', 'gamenya']","['gamenya', 'seru', 'sihh', 'jangan', 'yg', 'susah', 'buat', 'main', 'gamenya']",gamenya seru sihh jangan yg susah buat main gamenya
Krisna,1,2025-10-02 06:16:39,burik,burik,burik,['burik'],['burik'],['burik'],burik
Joe Rafa,1,2025-10-02 06:14:33,jelek,jelek,jelek,['jelek'],['jelek'],['jelek'],jelek
Jl Jf,5,2025-10-02 06:11:24,permainan nya bagus,permainan nya bagus,permainan nya bagus,"['permainan', 'nya', 'bagus']","['permainan', 'nya', 'bagus']","['main', 'nya', 'bagus']",main nya bagus
David Saputra,5,2025-10-02 06:10:29,gamenya bagus banget aku suka betul,gamenya bagus banget aku suka betul,gamenya bagus banget aku suka betul,"['gamenya', 'bagus', 'banget', 'aku', 'suka', 'betul']","['gamenya', 'bagus', 'banget', 'aku', 'suka', 'betul']","['gamenya', 'bagus', 'banget', 'aku', 'suka', 'betul']",gamenya bagus banget aku suka betul
FADLI Oktasatrio,1,2025-10-02 06:07:12,"game mementingkan duit dari pada player, dikit² diamond 😮‍💨","game mementingkan duit dari pada player, dikit² diamond 😮‍💨",game mementingkan duit dari pada player dikit diamond,"['game', 'mementingkan', 'duit', 'dari', 'pada', 'player', 'dikit', 'diamond']","['game', 'mementingkan', 'duit', 'player', 'dikit', 'diamond']","['game', 'penting', 'duit', 'player', 'dikit', 'diamond']",game penting duit player dikit diamond
Linda,5,2025-10-02 06:06:27,game play 😎😎👍,game play 😎😎👍,game play,"['game', 'play']","['game', 'play']","['game', 'play']",game play
Aldi Nos,5,2025-10-02 06:05:42,gua udanh kombek.ff lagih game nya bagus makin kesini ff makin bagus tapi ke inget ff jaman dulu jaman namanya tahun 2018 tengkyu,gua udanh kombek.ff lagih game nya bagus makin kesini ff makin bagus tapi ke inget ff jaman dulu jaman namanya tahun 2018 tengkyu,gua udanh kombekff lagih game nya bagus makin kesini ff makin bagus tapi ke inget ff jaman dulu jaman namanya tahun tengkyu,"['gua', 'udanh', 'kombekff', 'lagih', 'game', 'nya', 'bagus', 'makin', 'kesini', 'ff', 'makin', 'bagus', 'tapi', 'ke', 'inget', 'ff', 'jaman', 'dulu', 'jaman', 'namanya', 'tahun', 'tengkyu']","['gua', 'udanh', 'kombekff', 'lagih', 'game', 'nya', 'bagus', 'makin', 'kesini', 'ff', 'makin', 'bagus', 'inget', 'ff', 'jaman', 'dulu', 'jaman', 'namanya', 'tahun', 'tengkyu']","['gua', 'udanh', 'kombekff', 'lagih', 'game', 'nya', 'bagus', 'makin', 'kesini', 'ff', 'makin', 'bagus', 'inget', 'ff', 'jaman', 'dulu', 'jaman', 'nama', 'tahun', 'tengkyu']",gua udanh kombekff lagih game nya bagus makin kesini ff makin bagus inget ff jaman dulu jaman nama tahun tengkyu
Guyaxxx Man,3,2025-10-02 06:05:30,akun gw ilang knp,akun gw ilang knp,akun gw ilang knp,"['akun', 'gw', 'ilang', 'knp']","['akun', 'gw', 'ilang', 'knp']","['akun', 'gw', 'ilang', 'knp']",akun gw ilang knp
Febriana Dewi,5,2025-10-02 06:05:23,geme nya baik dan lebih jago main,geme nya baik dan lebih jago main,geme nya baik dan lebih jago main,"['geme', 'nya', 'baik', 'dan', 'lebih', 'jago', 'main']","['geme', 'nya', 'baik', 'lebih', 'jago', 'main']","['geme', 'nya', 'baik', 'lebih', 'jago', 'main']",geme nya baik lebih jago main
Sidi Arta,5,2025-10-02 06:00:21,made,made,made,['made'],['made'],['made'],made
Ahmad Yuda,5,2025-10-02 05:59:49,aku senang sekalian karna dapat bermain dengan nyaman,aku senang sekalian karna dapat bermain dengan nyaman,aku senang sekalian karna dapat bermain dengan nyaman,"['aku', 'senang', 'sekalian', 'karna', 'dapat', 'bermain', 'dengan', 'nyaman']","['aku', 'senang', 'sekalian', 'karna', 'bermain', 'nyaman']","['aku', 'senang', 'sekali', 'karna', 'main', 'nyaman']",aku senang sekali karna main nyaman
Phone Lmg,5,2025-10-02 05:54:39,gak ngelek blas sumpah,gak ngelek blas sumpah,gak ngelek blas sumpah,"['gak', 'ngelek', 'blas', 'sumpah']","['gak', 'ngelek', 'blas', 'sumpah']","['gak', 'ngelek', 'blas', 'sumpah']",gak ngelek blas sumpah
Didin Muhidin,3,2025-10-02 05:52:56,aga ngelag dikit,aga ngelag dikit,aga ngelag dikit,"['aga', 'ngelag', 'dikit']","['aga', 'ngelag', 'dikit']","['aga', 'ngelag', 'dikit']",aga ngelag dikit
Bintang Tang,4,2025-10-02 05:50:32,aku main dari 2020 sampai sekarang masih belum ada evo gun vektor aku nunggu itu dari lamaaa baget berharap bakal ada karna itu senjata favorit ku. jadi tolong buatkan Evo gun vektor kalau sudah rilis bakal top up sampai dpt.!,aku main dari 2020 sampai sekarang masih belum ada evo gun vektor aku nunggu itu dari lamaaa baget berharap bakal ada karna itu senjata favorit ku. jadi tolong buatkan evo gun vektor kalau sudah rilis bakal top up sampai dpt.!,aku main dari sampai sekarang masih belum ada evo gun vektor aku nunggu itu dari lamaaa baget berharap bakal ada karna itu senjata favorit ku jadi tolong buatkan evo gun vektor kalau sudah rilis bakal top up sampai dpt,"['aku', 'main', 'dari', 'sampai', 'sekarang', 'masih', 'belum', 'ada', 'evo', 'gun', 'vektor', 'aku', 'nunggu', 'itu', 'dari', 'lamaaa', 'baget', 'berharap', 'bakal', 'ada', 'karna', 'itu', 'senjata', 'favorit', 'ku', 'jadi', 'tolong', 'buatkan', 'evo', 'gun', 'vektor', 'kalau', 'sudah', 'rilis', 'bakal', 'top', 'up', 'sampai', 'dpt']","['aku', 'main', 'sekarang', 'evo', 'gun', 'vektor', 'aku', 'nunggu', 'lamaaa', 'baget', 'berharap', 'bakal', 'karna', 'senjata', 'favorit', 'ku', 'jadi', 'buatkan', 'evo', 'gun', 'vektor', 'kalau', 'rilis', 'bakal', 'top', 'up', 'dpt']","['aku', 'main', 'sekarang', 'evo', 'gun', 'vektor', 'aku', 'nunggu', 'lamaaa', 'baget', 'harap', 'bakal', 'karna', 'senjata', 'favorit', 'ku', 'jadi', 'buat', 'evo', 'gun', 'vektor', 'kalau', 'rilis', 'bakal', 'top', 'up', 'dpt']",aku main sekarang evo gun vektor aku nunggu lamaaa baget harap bakal karna senjata favorit ku jadi buat evo gun vektor kalau rilis bakal top up dpt
Yanto Toto,1,2025-10-02 05:45:01,parahh orang yang buat game ini rame malah di blacklist!!!!,parahh orang yang buat game ini rame malah di blacklist!!!!,parahh orang yang buat game ini rame malah di blacklist,"['parahh', 'orang', 'yang', 'buat', 'game', 'ini', 'rame', 'malah', 'di', 'blacklist']","['parahh', 'orang', 'buat', 'game', 'rame', 'malah', 'blacklist']","['parahh', 'orang', 'buat', 'game', 'rame', 'malah', 'blacklist']",parahh orang buat game rame malah blacklist
Habib Bulloh,5,2025-10-02 05:38:54,seru bagus dan ga bosenin,seru bagus dan ga bosenin,seru bagus dan ga bosenin,"['seru', 'bagus', 'dan', 'ga', 'bosenin']","['seru', 'bagus', 'ga', 'bosenin']","['seru', 'bagus', 'ga', 'bosenin']",seru bagus ga bosenin
Karimuddin Ibrahim,1,2025-10-02 05:38:18,nggak bagus lagi,nggak bagus lagi,nggak bagus lagi,"['nggak', 'bagus', 'lagi']",['bagus'],['bagus'],bagus
Ahmad Faqih,5,2025-10-02 05:29:46,game ini adalah game kesukaan ku,game ini adalah game kesukaan ku,game ini adalah game kesukaan ku,"['game', 'ini', 'adalah', 'game', 'kesukaan', 'ku']","['game', 'game', 'kesukaan', 'ku']","['game', 'game', 'suka', 'ku']",game game suka ku
Muhammad Fauzi,5,2025-10-02 05:27:18,game ini seru banget aku pengen bgt diamond gak pernah top up,game ini seru banget aku pengen bgt diamond gak pernah top up,game ini seru banget aku pengen bgt diamond gak pernah top up,"['game', 'ini', 'seru', 'banget', 'aku', 'pengen', 'bgt', 'diamond', 'gak', 'pernah', 'top', 'up']","['game', 'seru', 'banget', 'aku', 'pengen', 'bgt', 'diamond', 'gak', 'pernah', 'top', 'up']","['game', 'seru', 'banget', 'aku', 'ken', 'bgt', 'diamond', 'gak', 'pernah', 'top', 'up']",game seru banget aku ken bgt diamond gak pernah top up
rizki,5,2025-10-02 05:26:42,aku suka ff apa lagi ff colab sama ultaman,aku suka ff apa lagi ff colab sama ultaman,aku suka ff apa lagi ff colab sama ultaman,"['aku', 'suka', 'ff', 'apa', 'lagi', 'ff', 'colab', 'sama', 'ultaman']","['aku', 'suka', 'ff', 'apa', 'ff', 'colab', 'sama', 'ultaman']","['aku', 'suka', 'ff', 'apa', 'ff', 'colab', 'sama', 'ultaman']",aku suka ff apa ff colab sama ultaman
Ali Kapuas,5,2025-10-02 05:12:23,game nya bagus,game nya bagus,game nya bagus,"['game', 'nya', 'bagus']","['game', 'nya', 'bagus']","['game', 'nya', 'bagus']",game nya bagus
Marsil,5,2025-10-02 05:11:24,Garena baik😖😖,garena baik😖😖,garena baik,"['garena', 'baik']","['garena', 'baik']","['garena', 'baik']",garena baik
Adi Setiawan,5,2025-10-02 04:58:54,bagus dan kece dan menghilangin sedih 😁😁😁😁😁😁😁🧡🧡🧡🧡🧡🧡🧡🧡😁😁😁😁😁🧡😁😁😁😁😁😁😁😁😁😁😁😁😁😁😁😁😁😁😁😁😁😁😁😁 ................. .....................................................................,bagus dan kece dan menghilangin sedih 😁😁😁😁😁😁😁🧡🧡🧡🧡🧡🧡🧡🧡😁😁😁😁😁🧡😁😁😁😁😁😁😁😁😁😁😁😁😁😁😁😁😁😁😁😁😁😁😁😁 ................. .....................................................................,bagus dan kece dan menghilangin sedih,"['bagus', 'dan', 'kece', 'dan', 'menghilangin', 'sedih']","['bagus', 'kece', 'menghilangin', 'sedih']","['bagus', 'kece', 'menghilangin', 'sedih']",bagus kece menghilangin sedih
Gungde Gunawan,5,2025-10-02 04:51:58,seru,seru,seru,['seru'],['seru'],['seru'],seru
Bayu Abdillah,3,2025-10-02 04:51:38,Rodok gatel Soale jaringan ku gak ngeleg tambah ngeleg gatel untung wes tak hapus game free fire max dan free Fire biasa alhamdulliah gak ngeleg,rodok gatel soale jaringan ku gak ngeleg tambah ngeleg gatel untung wes tak hapus game free fire max dan free fire biasa alhamdulliah gak ngeleg,rodok gatel soale jaringan ku gak ngeleg tambah ngeleg gatel untung wes tak hapus game free fire max dan free fire biasa alhamdulliah gak ngeleg,"['rodok', 'gatel', 'soale', 'jaringan', 'ku', 'gak', 'ngeleg', 'tambah', 'ngeleg', 'gatel', 'untung', 'wes', 'tak', 'hapus', 'game', 'free', 'fire', 'max', 'dan', 'free', 'fire', 'biasa', 'alhamdulliah', 'gak', 'ngeleg']","['rodok', 'gatel', 'soale', 'jaringan', 'ku', 'gak', 'ngeleg', 'tambah', 'ngeleg', 'gatel', 'untung', 'wes', 'tak', 'hapus', 'game', 'free', 'fire', 'max', 'free', 'fire', 'biasa', 'alhamdulliah', 'gak', 'ngeleg']","['rodok', 'gatel', 'soale', 'jaring', 'ku', 'gak', 'ngeleg', 'tambah', 'ngeleg', 'gatel', 'untung', 'wes', 'tak', 'hapus', 'game', 'free', 'fire', 'max', 'free', 'fire', 'biasa', 'alhamdulliah', 'gak', 'ngeleg']",rodok gatel soale jaring ku gak ngeleg tambah ngeleg gatel untung wes tak hapus game free fire max free fire biasa alhamdulliah gak ngeleg
Dani Febiyan,5,2025-10-02 04:46:22,hoki,hoki,hoki,['hoki'],['hoki'],['hoki'],hoki
Adbul Aziz Adbul Aziz,5,2025-10-02 04:45:39,Free Fire Max UPDATE 1 tahun baru 2026 BOCORAN BUNDA EVO WINTERLAND LEGENDARY BUNDLE NEW,free fire max update 1 tahun baru 2026 bocoran bunda evo winterland legendary bundle new,free fire max update tahun baru bocoran bunda evo winterland legendary bundle new,"['free', 'fire', 'max', 'update', 'tahun', 'baru', 'bocoran', 'bunda', 'evo', 'winterland', 'legendary', 'bundle', 'new']","['free', 'fire', 'max', 'update', 'tahun', 'baru', 'bocoran', 'bunda', 'evo', 'winterland', 'legendary', 'bundle', 'new']","['free', 'fire', 'max', 'update', 'tahun', 'baru', 'bocor', 'bunda', 'evo', 'winterland', 'legendary', 'bundle', 'new']",free fire max update tahun baru bocor bunda evo winterland legendary bundle new
Moza Aqmal Ramadhan,5,2025-10-02 04:43:15,game sangat bagusss,game sangat bagusss,game sangat bagusss,"['game', 'sangat', 'bagusss']","['game', 'sangat', 'bagusss']","['game', 'sangat', 'bagusss']",game sangat bagusss
Nazurah Rakan,5,2025-10-02 04:41:24,bagus,bagus,bagus,['bagus'],['bagus'],['bagus'],bagus
Mola Zone,5,2025-10-02 04:31:50,bagi saya diamond,bagi saya diamond,bagi saya diamond,"['bagi', 'saya', 'diamond']",['diamond'],['diamond'],diamond
AIR_ PROJECT,5,2025-10-02 04:29:24,samgat seru walau aku masih noob,samgat seru walau aku masih noob,samgat seru walau aku masih noob,"['samgat', 'seru', 'walau', 'aku', 'masih', 'noob']","['samgat', 'seru', 'aku', 'noob']","['samgat', 'seru', 'aku', 'noob']",samgat seru aku noob
Dapur TriVa,5,2025-10-02 04:28:34,aku suka kali game nya,aku suka kali game nya,aku suka kali game nya,"['aku', 'suka', 'kali', 'game', 'nya']","['aku', 'suka', 'kali', 'game', 'nya']","['aku', 'suka', 'kali', 'game', 'nya']",aku suka kali game nya
Jordy Juan,5,2025-10-02 04:24:36,ff buagus bangettttttt pake bangget gacor btw diamond gratis min hehehehe,ff buagus bangettttttt pake bangget gacor btw diamond gratis min hehehehe,ff buagus bangettttttt pake bangget gacor btw diamond gratis min hehehehe,"['ff', 'buagus', 'bangettttttt', 'pake', 'bangget', 'gacor', 'btw', 'diamond', 'gratis', 'min', 'hehehehe']","['ff', 'buagus', 'bangettttttt', 'pake', 'bangget', 'gacor', 'btw', 'diamond', 'gratis', 'min', 'hehehehe']","['ff', 'buagus', 'bangettttttt', 'pake', 'bangget', 'gacor', 'btw', 'diamond', 'gratis', 'min', 'hehehehe']",ff buagus bangettttttt pake bangget gacor btw diamond gratis min hehehehe
Dzakwan Khalill,5,2025-10-02 04:24:11,sangat bagus gamenya,sangat bagus gamenya,sangat bagus gamenya,"['sangat', 'bagus', 'gamenya']","['sangat', 'bagus', 'gamenya']","['sangat', 'bagus', 'gamenya']",sangat bagus gamenya
Adit Gcr,1,2025-10-02 04:16:04,kok bang budi di Blaskist Garena,kok bang budi di blaskist garena,kok bang budi di blaskist garena,"['kok', 'bang', 'budi', 'di', 'blaskist', 'garena']","['kok', 'bang', 'budi', 'blaskist', 'garena']","['kok', 'bang', 'budi', 'blaskist', 'garena']",kok bang budi blaskist garena
dirly gustian rhamadoni,1,2025-10-02 04:15:33,bang budi gak bisa main aku pun gak main knp bang budi gak bisa main gitu lohhh,bang budi gak bisa main aku pun gak main knp bang budi gak bisa main gitu lohhh,bang budi gak bisa main aku pun gak main knp bang budi gak bisa main gitu lohhh,"['bang', 'budi', 'gak', 'bisa', 'main', 'aku', 'pun', 'gak', 'main', 'knp', 'bang', 'budi', 'gak', 'bisa', 'main', 'gitu', 'lohhh']","['bang', 'budi', 'gak', 'main', 'aku', 'gak', 'main', 'knp', 'bang', 'budi', 'gak', 'main', 'gitu', 'lohhh']","['bang', 'budi', 'gak', 'main', 'aku', 'gak', 'main', 'knp', 'bang', 'budi', 'gak', 'main', 'gitu', 'lohhh']",bang budi gak main aku gak main knp bang budi gak main gitu lohhh
ummu salma,3,2025-10-02 04:04:36,gem nya bagus tapi kalau udah Pepeng malah gak mati tolong Garena di perbaiki,gem nya bagus tapi kalau udah pepeng malah gak mati tolong garena di perbaiki,gem nya bagus tapi kalau udah pepeng malah gak mati tolong garena di perbaiki,"['gem', 'nya', 'bagus', 'tapi', 'kalau', 'udah', 'pepeng', 'malah', 'gak', 'mati', 'tolong', 'garena', 'di', 'perbaiki']","['gem', 'nya', 'bagus', 'kalau', 'udah', 'pepeng', 'malah', 'gak', 'mati', 'garena', 'perbaiki']","['gem', 'nya', 'bagus', 'kalau', 'udah', 'pepeng', 'malah', 'gak', 'mati', 'garena', 'baik']",gem nya bagus kalau udah pepeng malah gak mati garena baik
Nazwa sandi Mahrani,5,2025-10-02 04:02:23,dari kmren pengen downlod bagus bet game nya,dari kmren pengen downlod bagus bet game nya,dari kmren pengen downlod bagus bet game nya,"['dari', 'kmren', 'pengen', 'downlod', 'bagus', 'bet', 'game', 'nya']","['kmren', 'pengen', 'downlod', 'bagus', 'bet', 'game', 'nya']","['kmren', 'ken', 'downlod', 'bagus', 'bet', 'game', 'nya']",kmren ken downlod bagus bet game nya
Fajar Rukmana,5,2025-10-02 04:01:05,baik,baik,baik,['baik'],['baik'],['baik'],baik
Patra Wakulu,5,2025-10-02 03:55:14,sangat baik,sangat baik,sangat baik,"['sangat', 'baik']","['sangat', 'baik']","['sangat', 'baik']",sangat baik
Farrel Arifin,2,2025-10-02 03:53:18,ga bisa di loginin maleh ah,ga bisa di loginin maleh ah,ga bisa di loginin maleh ah,"['ga', 'bisa', 'di', 'loginin', 'maleh', 'ah']","['ga', 'loginin', 'maleh', 'ah']","['ga', 'loginin', 'maleh', 'ah']",ga loginin maleh ah
Yustice Deki,5,2025-10-02 03:30:04,Aku sangat menyukai gem ini dan tapi aku tidak pede karena peremku 1,aku sangat menyukai gem ini dan tapi aku tidak pede karena peremku 1,aku sangat menyukai gem ini dan tapi aku tidak pede karena peremku,"['aku', 'sangat', 'menyukai', 'gem', 'ini', 'dan', 'tapi', 'aku', 'tidak', 'pede', 'karena', 'peremku']","['aku', 'sangat', 'menyukai', 'gem', 'aku', 'pede', 'peremku']","['aku', 'sangat', 'suka', 'gem', 'aku', 'pede', 'rem']",aku sangat suka gem aku pede rem
Rafiy Aja,5,2025-10-02 03:28:04,gem ini sangat seru,gem ini sangat seru,gem ini sangat seru,"['gem', 'ini', 'sangat', 'seru']","['gem', 'sangat', 'seru']","['gem', 'sangat', 'seru']",gem sangat seru
Alka Bara,5,2025-10-02 03:26:51,game nya bagus,game nya bagus,game nya bagus,"['game', 'nya', 'bagus']","['game', 'nya', 'bagus']","['game', 'nya', 'bagus']",game nya bagus
Hapis Alimah,5,2025-10-02 03:15:15,game sangat seru,game sangat seru,game sangat seru,"['game', 'sangat', 'seru']","['game', 'sangat', 'seru']","['game', 'sangat', 'seru']",game sangat seru
Zik,1,2025-10-02 03:11:18,tiba tiba ke bl padahal GK pernah ngrcit,tiba tiba ke bl padahal gk pernah ngrcit,tiba tiba ke bl padahal gk pernah ngrcit,"['tiba', 'tiba', 'ke', 'bl', 'padahal', 'gk', 'pernah', 'ngrcit']","['tiba', 'tiba', 'bl', 'padahal', 'gk', 'pernah', 'ngrcit']","['tiba', 'tiba', 'bl', 'padahal', 'gk', 'pernah', 'ngrcit']",tiba tiba bl padahal gk pernah ngrcit
Dwi Ananta,5,2025-10-02 03:06:08,game nya seru dan ada juga skin senjata yang keren keren dan juga ada pakaian ya bagus',game nya seru dan ada juga skin senjata yang keren keren dan juga ada pakaian ya bagus',game nya seru dan ada juga skin senjata yang keren keren dan juga ada pakaian ya bagus,"['game', 'nya', 'seru', 'dan', 'ada', 'juga', 'skin', 'senjata', 'yang', 'keren', 'keren', 'dan', 'juga', 'ada', 'pakaian', 'ya', 'bagus']","['game', 'nya', 'seru', 'skin', 'senjata', 'keren', 'keren', 'pakaian', 'bagus']","['game', 'nya', 'seru', 'skin', 'senjata', 'keren', 'keren', 'pakai', 'bagus']",game nya seru skin senjata keren keren pakai bagus
gethebush 15,5,2025-10-02 03:05:39,cok,cok,cok,['cok'],['cok'],['cok'],cok
Yanuardi Yunus,5,2025-10-02 02:56:28,seru,seru,seru,['seru'],['seru'],['seru'],seru
Rioo Rioozzc,1,2025-10-02 02:53:33,woi Garena gem burik lu jangan blacklist bang Budi 01 anj,woi garena gem burik lu jangan blacklist bang budi 01 anj,woi garena gem burik lu jangan blacklist bang budi anj,"['woi', 'garena', 'gem', 'burik', 'lu', 'jangan', 'blacklist', 'bang', 'budi', 'anj']","['woi', 'garena', 'gem', 'burik', 'lu', 'jangan', 'blacklist', 'bang', 'budi', 'anj']","['woi', 'garena', 'gem', 'burik', 'lu', 'jangan', 'blacklist', 'bang', 'budi', 'anj']",woi garena gem burik lu jangan blacklist bang budi anj
Riski Asipa,5,2025-10-02 02:49:08,Et dah ini parah banget sih udah tolol dan bodoh lagi alah sialan emang bodoh bat sumpah parah ini si,et dah ini parah banget sih udah tolol dan bodoh lagi alah sialan emang bodoh bat sumpah parah ini si,et dah ini parah banget sih udah tolol dan bodoh lagi alah sialan emang bodoh bat sumpah parah ini si,"['et', 'dah', 'ini', 'parah', 'banget', 'sih', 'udah', 'tolol', 'dan', 'bodoh', 'lagi', 'alah', 'sialan', 'emang', 'bodoh', 'bat', 'sumpah', 'parah', 'ini', 'si']","['et', 'dah', 'parah', 'banget', 'sih', 'udah', 'tolol', 'bodoh', 'alah', 'sialan', 'emang', 'bodoh', 'bat', 'sumpah', 'parah', 'si']","['et', 'dah', 'parah', 'banget', 'sih', 'udah', 'tolol', 'bodoh', 'alah', 'sial', 'emang', 'bodoh', 'bat', 'sumpah', 'parah', 'si']",et dah parah banget sih udah tolol bodoh alah sial emang bodoh bat sumpah parah si
Novi Yanti,1,2025-10-02 02:44:15,game bapuk dimainin kocag😹,game bapuk dimainin kocag😹,game bapuk dimainin kocag,"['game', 'bapuk', 'dimainin', 'kocag']","['game', 'bapuk', 'dimainin', 'kocag']","['game', 'bapuk', 'dimainin', 'kocag']",game bapuk dimainin kocag
Rifky Ahmad rizqillah,1,2025-10-02 02:40:58,"NERF RYDEN KØNTØL, UDAH BERAPA PATCH KAGAK LU NERF ÀÑJÎNG, GARENA KØNTØL. BIKIN SKILL AKTIF NGOTAK DIKIT KØNTØL, GARENA TØLØL.","nerf ryden køntøl, udah berapa patch kagak lu nerf àñjîng, garena køntøl. bikin skill aktif ngotak dikit køntøl, garena tøløl.",nerf ryden kntl udah berapa patch kagak lu nerf jng garena kntl bikin skill aktif ngotak dikit kntl garena tll,"['nerf', 'ryden', 'kntl', 'udah', 'berapa', 'patch', 'kagak', 'lu', 'nerf', 'jng', 'garena', 'kntl', 'bikin', 'skill', 'aktif', 'ngotak', 'dikit', 'kntl', 'garena', 'tll']","['nerf', 'ryden', 'kntl', 'udah', 'berapa', 'patch', 'kagak', 'lu', 'nerf', 'jng', 'garena', 'kntl', 'bikin', 'skill', 'aktif', 'ngotak', 'dikit', 'kntl', 'garena', 'tll']","['nerf', 'ryden', 'kntl', 'udah', 'berapa', 'patch', 'kagak', 'lu', 'nerf', 'jng', 'garena', 'kntl', 'bikin', 'skill', 'aktif', 'ngotak', 'dikit', 'kntl', 'garena', 'tll']",nerf ryden kntl udah berapa patch kagak lu nerf jng garena kntl bikin skill aktif ngotak dikit kntl garena tll
Hamizan Raihan,5,2025-10-02 02:05:04,👍🏻👍🏻👍🏻👍🏻👍🏻👍🏻👍🏻mantap Garena ff nya,👍🏻👍🏻👍🏻👍🏻👍🏻👍🏻👍🏻mantap garena ff nya,mantap garena ff nya,"['mantap', 'garena', 'ff', 'nya']","['mantap', 'garena', 'ff', 'nya']","['mantap', 'garena', 'ff', 'nya']",mantap garena ff nya
saipul bahri,5,2025-10-02 02:04:51,sbie embek r,sbie embek r,sbie embek r,"['sbie', 'embek', 'r']","['sbie', 'embek', 'r']","['sbie', 'embek', 'r']",sbie embek r
Bocil epep Epep (Jamet malang),1,2025-10-02 02:00:46,woy balikin v nya bang budi 01gaming,woy balikin v nya bang budi 01gaming,woy balikin v nya bang budi gaming,"['woy', 'balikin', 'v', 'nya', 'bang', 'budi', 'gaming']","['woy', 'balikin', 'v', 'nya', 'bang', 'budi', 'gaming']","['woy', 'balikin', 'v', 'nya', 'bang', 'budi', 'gaming']",woy balikin v nya bang budi gaming
Ifan Setiawan,1,2025-10-02 01:59:20,Alasan saya berikan satu bintang karena saya bermain game ini selalu membuat hp saya kentang setian terimakasih,alasan saya berikan satu bintang karena saya bermain game ini selalu membuat hp saya kentang setian terimakasih,alasan saya berikan satu bintang karena saya bermain game ini selalu membuat hp saya kentang setian terimakasih,"['alasan', 'saya', 'berikan', 'satu', 'bintang', 'karena', 'saya', 'bermain', 'game', 'ini', 'selalu', 'membuat', 'hp', 'saya', 'kentang', 'setian', 'terimakasih']","['alasan', 'berikan', 'satu', 'bintang', 'bermain', 'game', 'selalu', 'membuat', 'hp', 'kentang', 'setian', 'terimakasih']","['alas', 'ikan', 'satu', 'bintang', 'main', 'game', 'selalu', 'buat', 'hp', 'kentang', 'seti', 'terimakasih']",alas ikan satu bintang main game selalu buat hp kentang seti terimakasih
Setya Yoga,1,2025-10-02 01:39:29,geme kikir jangan download,geme kikir jangan download,geme kikir jangan download,"['geme', 'kikir', 'jangan', 'download']","['geme', 'kikir', 'jangan', 'download']","['geme', 'kikir', 'jangan', 'download']",geme kikir jangan download
Irfi Putri,5,2025-10-02 01:36:26,game terbaik yang ku temui,game terbaik yang ku temui,game terbaik yang ku temui,"['game', 'terbaik', 'yang', 'ku', 'temui']","['game', 'terbaik', 'ku', 'temui']","['game', 'baik', 'ku', 'temu']",game baik ku temu
Ga Lang,1,2025-10-02 01:32:27,eror tolong di perbaiki lagi,eror tolong di perbaiki lagi,eror tolong di perbaiki lagi,"['eror', 'tolong', 'di', 'perbaiki', 'lagi']","['eror', 'perbaiki']","['eror', 'baik']",eror baik
Anas Semboy,5,2025-10-02 01:31:21,pertama gua main ff,pertama gua main ff,pertama gua main ff,"['pertama', 'gua', 'main', 'ff']","['pertama', 'gua', 'main', 'ff']","['pertama', 'gua', 'main', 'ff']",pertama gua main ff
restu tegar,1,2025-10-02 01:28:50,gem nya gak jelas gem rusak pokok nya ini gem gak jelas marusak hp,gem nya gak jelas gem rusak pokok nya ini gem gak jelas marusak hp,gem nya gak jelas gem rusak pokok nya ini gem gak jelas marusak hp,"['gem', 'nya', 'gak', 'jelas', 'gem', 'rusak', 'pokok', 'nya', 'ini', 'gem', 'gak', 'jelas', 'marusak', 'hp']","['gem', 'nya', 'gak', 'jelas', 'gem', 'rusak', 'pokok', 'nya', 'gem', 'gak', 'jelas', 'marusak', 'hp']","['gem', 'nya', 'gak', 'jelas', 'gem', 'rusak', 'pokok', 'nya', 'gem', 'gak', 'jelas', 'marusak', 'hp']",gem nya gak jelas gem rusak pokok nya gem gak jelas marusak hp
Naura fauzahra putri,4,2025-10-02 01:05:42,game sigma bagus bngt,game sigma bagus bngt,game sigma bagus bngt,"['game', 'sigma', 'bagus', 'bngt']","['game', 'sigma', 'bagus', 'bngt']","['game', 'sigma', 'bagus', 'bngt']",game sigma bagus bngt
Upin Alif,5,2025-10-02 01:02:38,HP patah patah pas main geme padahal penyimpanan nya masih banyak geme gk jelas garena asu,hp patah patah pas main geme padahal penyimpanan nya masih banyak geme gk jelas garena asu,hp patah patah pas main geme padahal penyimpanan nya masih banyak geme gk jelas garena asu,"['hp', 'patah', 'patah', 'pas', 'main', 'geme', 'padahal', 'penyimpanan', 'nya', 'masih', 'banyak', 'geme', 'gk', 'jelas', 'garena', 'asu']","['hp', 'patah', 'patah', 'pas', 'main', 'geme', 'padahal', 'penyimpanan', 'nya', 'banyak', 'geme', 'gk', 'jelas', 'garena', 'asu']","['hp', 'patah', 'patah', 'pas', 'main', 'geme', 'padahal', 'simpan', 'nya', 'banyak', 'geme', 'gk', 'jelas', 'garena', 'asu']",hp patah patah pas main geme padahal simpan nya banyak geme gk jelas garena asu
Bibi Sawit,1,2025-10-02 00:56:18,game buruk kurang pintu,game buruk kurang pintu,game buruk kurang pintu,"['game', 'buruk', 'kurang', 'pintu']","['game', 'buruk', 'kurang', 'pintu']","['game', 'buruk', 'kurang', 'pintu']",game buruk kurang pintu
ibrahim firdaus firdaus,1,2025-10-02 00:44:36,dongo benerin sinyal aja dulu tolol,dongo benerin sinyal aja dulu tolol,dongo benerin sinyal aja dulu tolol,"['dongo', 'benerin', 'sinyal', 'aja', 'dulu', 'tolol']","['dongo', 'benerin', 'sinyal', 'aja', 'dulu', 'tolol']","['dongo', 'benerin', 'sinyal', 'aja', 'dulu', 'tolol']",dongo benerin sinyal aja dulu tolol
Hanzz_ aja,5,2025-10-02 00:42:18,game nya Sangat bagus TPI tolong hilangin honor scorrr nya,game nya sangat bagus tpi tolong hilangin honor scorrr nya,game nya sangat bagus tpi tolong hilangin honor scorrr nya,"['game', 'nya', 'sangat', 'bagus', 'tpi', 'tolong', 'hilangin', 'honor', 'scorrr', 'nya']","['game', 'nya', 'sangat', 'bagus', 'tpi', 'hilangin', 'honor', 'scorrr', 'nya']","['game', 'nya', 'sangat', 'bagus', 'tpi', 'hilangin', 'honor', 'scorrr', 'nya']",game nya sangat bagus tpi hilangin honor scorrr nya
ini punya putra Z,5,2025-10-02 00:42:07,enak sekali rasanya aku ingin menjadi seorang p emimpin,enak sekali rasanya aku ingin menjadi seorang p emimpin,enak sekali rasanya aku ingin menjadi seorang p emimpin,"['enak', 'sekali', 'rasanya', 'aku', 'ingin', 'menjadi', 'seorang', 'p', 'emimpin']","['enak', 'sekali', 'rasanya', 'aku', 'menjadi', 'seorang', 'p', 'emimpin']","['enak', 'sekali', 'rasa', 'aku', 'jadi', 'orang', 'p', 'emimpin']",enak sekali rasa aku jadi orang p emimpin
sabunmandi,5,2025-10-02 00:35:47,bagus juga buat hp 2rm 🤣🤣🤣,bagus juga buat hp 2rm 🤣🤣🤣,bagus juga buat hp rm,"['bagus', 'juga', 'buat', 'hp', 'rm']","['bagus', 'buat', 'hp', 'rm']","['bagus', 'buat', 'hp', 'rm']",bagus buat hp rm
Yoga Andiva,5,2025-10-02 00:26:33,sangat bisamenghibur saat sedang tidak mood,sangat bisamenghibur saat sedang tidak mood,sangat bisamenghibur saat sedang tidak mood,"['sangat', 'bisamenghibur', 'saat', 'sedang', 'tidak', 'mood']","['sangat', 'bisamenghibur', 'sedang', 'mood']","['sangat', 'bisamenghibur', 'sedang', 'mood']",sangat bisamenghibur sedang mood
Rina Bengkulu,5,2025-10-02 00:20:22,ff ini seru dari pada Roblox,ff ini seru dari pada roblox,ff ini seru dari pada roblox,"['ff', 'ini', 'seru', 'dari', 'pada', 'roblox']","['ff', 'seru', 'roblox']","['ff', 'seru', 'roblox']",ff seru roblox
Marjan Marjan. A,5,2025-10-02 00:16:17,haya pls deh kasih bintang,haya pls deh kasih bintang,haya pls deh kasih bintang,"['haya', 'pls', 'deh', 'kasih', 'bintang']","['haya', 'pls', 'deh', 'kasih', 'bintang']","['haya', 'pls', 'deh', 'kasih', 'bintang']",haya pls deh kasih bintang
"M,razendra Razendra",4,2025-10-02 00:11:34,karena Garena baik sama aku,karena garena baik sama aku,karena garena baik sama aku,"['karena', 'garena', 'baik', 'sama', 'aku']","['garena', 'baik', 'sama', 'aku']","['garena', 'baik', 'sama', 'aku']",garena baik sama aku
Jolu Kampalosot,5,2025-10-02 00:11:11,aku sangat senang,aku sangat senang,aku sangat senang,"['aku', 'sangat', 'senang']","['aku', 'sangat', 'senang']","['aku', 'sangat', 'senang']",aku sangat senang
Iyoh Soheriah,5,2025-10-02 00:08:51,game ini sangat seru dan banyak pemain yang baik,game ini sangat seru dan banyak pemain yang baik,game ini sangat seru dan banyak pemain yang baik,"['game', 'ini', 'sangat', 'seru', 'dan', 'banyak', 'pemain', 'yang', 'baik']","['game', 'sangat', 'seru', 'banyak', 'pemain', 'baik']","['game', 'sangat', 'seru', 'banyak', 'main', 'baik']",game sangat seru banyak main baik
Vivo Y22,5,2025-10-02 00:06:09,ff game kesukaan ku,ff game kesukaan ku,ff game kesukaan ku,"['ff', 'game', 'kesukaan', 'ku']","['ff', 'game', 'kesukaan', 'ku']","['ff', 'game', 'suka', 'ku']",ff game suka ku
Muhammad Alif,5,2025-10-02 00:04:16,game yang sangat bagus dan menyenangkan 😄😄,game yang sangat bagus dan menyenangkan 😄😄,game yang sangat bagus dan menyenangkan,"['game', 'yang', 'sangat', 'bagus', 'dan', 'menyenangkan']","['game', 'sangat', 'bagus', 'menyenangkan']","['game', 'sangat', 'bagus', 'senang']",game sangat bagus senang
Humardani Humardani,3,2025-10-02 00:02:54,puas,puas,puas,['puas'],['puas'],['puas'],puas
Sipa Alzahra,5,2025-10-02 00:01:06,permainan nan yang bagus,permainan nan yang bagus,permainan nan yang bagus,"['permainan', 'nan', 'yang', 'bagus']","['permainan', 'nan', 'bagus']","['main', 'nan', 'bagus']",main nan bagus
santhozz Gama,5,2025-10-01 23:53:02,fd ke bangke sg headsot kepala 3 x tidak knok,fd ke bangke sg headsot kepala 3 x tidak knok,fd ke bangke sg headsot kepala x tidak knok,"['fd', 'ke', 'bangke', 'sg', 'headsot', 'kepala', 'x', 'tidak', 'knok']","['fd', 'bangke', 'sg', 'headsot', 'kepala', 'x', 'knok']","['fd', 'bangke', 'sg', 'headsot', 'kepala', 'x', 'knok']",fd bangke sg headsot kepala x knok
Jaka baik,1,2025-10-01 23:31:39,aplikasi apa inii jelekkkk bngettt😖,aplikasi apa inii jelekkkk bngettt😖,aplikasi apa inii jelekkkk bngettt,"['aplikasi', 'apa', 'inii', 'jelekkkk', 'bngettt']","['aplikasi', 'apa', 'inii', 'jelekkkk', 'bngettt']","['aplikasi', 'apa', 'ini', 'jelekkkk', 'bngettt']",aplikasi apa ini jelekkkk bngettt
Nikco Dwi Marvellino,5,2025-10-01 23:26:51,sqngat bagus,sqngat bagus,sqngat bagus,"['sqngat', 'bagus']","['sqngat', 'bagus']","['sqngat', 'bagus']",sqngat bagus
Fai Mal,4,2025-10-01 23:24:27,bagus sih tpi ksih DM lah Garena 200 ajaaaa,bagus sih tpi ksih dm lah garena 200 ajaaaa,bagus sih tpi ksih dm lah garena ajaaaa,"['bagus', 'sih', 'tpi', 'ksih', 'dm', 'lah', 'garena', 'ajaaaa']","['bagus', 'sih', 'tpi', 'ksih', 'dm', 'lah', 'garena', 'ajaaaa']","['bagus', 'sih', 'tpi', 'ksih', 'dm', 'lah', 'garena', 'ajaaaa']",bagus sih tpi ksih dm lah garena ajaaaa
Ali Ibrahim,5,2025-10-01 23:15:54,terimakasih atas garena karena saya besar bersama game ini dari 2018 saya mulai main dan sampai sekarang masih main juga game nya tambah bagus daripada sejak dulu kalau lagi gabut atau lagi mood pasti saya login mabar bersama teman teman saya gameplay yang bagus mantap dan main cr'ran 1v1 kek pokoknya game nya seruuuuuuuuuuuuuuuu banget,terimakasih atas garena karena saya besar bersama game ini dari 2018 saya mulai main dan sampai sekarang masih main juga game nya tambah bagus daripada sejak dulu kalau lagi gabut atau lagi mood pasti saya login mabar bersama teman teman saya gameplay yang bagus mantap dan main cr'ran 1v1 kek pokoknya game nya seruuuuuuuuuuuuuuuu banget,terimakasih atas garena karena saya besar bersama game ini dari saya mulai main dan sampai sekarang masih main juga game nya tambah bagus daripada sejak dulu kalau lagi gabut atau lagi mood pasti saya login mabar bersama teman teman saya gameplay yang bagus mantap dan main crran v kek pokoknya game nya seruuuuuuuuuuuuuuuu banget,"['terimakasih', 'atas', 'garena', 'karena', 'saya', 'besar', 'bersama', 'game', 'ini', 'dari', 'saya', 'mulai', 'main', 'dan', 'sampai', 'sekarang', 'masih', 'main', 'juga', 'game', 'nya', 'tambah', 'bagus', 'daripada', 'sejak', 'dulu', 'kalau', 'lagi', 'gabut', 'atau', 'lagi', 'mood', 'pasti', 'saya', 'login', 'mabar', 'bersama', 'teman', 'teman', 'saya', 'gameplay', 'yang', 'bagus', 'mantap', 'dan', 'main', 'crran', 'v', 'kek', 'pokoknya', 'game', 'nya', 'seruuuuuuuuuuuuuuuu', 'banget']","['terimakasih', 'atas', 'garena', 'besar', 'bersama', 'game', 'mulai', 'main', 'sekarang', 'main', 'game', 'nya', 'tambah', 'bagus', 'sejak', 'dulu', 'kalau', 'gabut', 'mood', 'login', 'mabar', 'bersama', 'teman', 'teman', 'gameplay', 'bagus', 'mantap', 'main', 'crran', 'v', 'kek', 'pokoknya', 'game', 'nya', 'seruuuuuuuuuuuuuuuu', 'banget']","['terimakasih', 'atas', 'garena', 'besar', 'sama', 'game', 'mulai', 'main', 'sekarang', 'main', 'game', 'nya', 'tambah', 'bagus', 'sejak', 'dulu', 'kalau', 'gabut', 'mood', 'login', 'mabar', 'sama', 'teman', 'teman', 'gameplay', 'bagus', 'mantap', 'main', 'crran', 'v', 'kek', 'pokok', 'game', 'nya', 'seruuuuuuuuuuuuuuuu', 'banget']",terimakasih atas garena besar sama game mulai main sekarang main game nya tambah bagus sejak dulu kalau gabut mood login mabar sama teman teman gameplay bagus mantap main crran v kek pokok game nya seruuuuuuuuuuuuuuuu banget
000 000,1,2025-10-01 23:10:12,ini game udah kikir makin lama bukannya ngurang malah nambah kikir,ini game udah kikir makin lama bukannya ngurang malah nambah kikir,ini game udah kikir makin lama bukannya ngurang malah nambah kikir,"['ini', 'game', 'udah', 'kikir', 'makin', 'lama', 'bukannya', 'ngurang', 'malah', 'nambah', 'kikir']","['game', 'udah', 'kikir', 'makin', 'lama', 'bukannya', 'ngurang', 'malah', 'nambah', 'kikir']","['game', 'udah', 'kikir', 'makin', 'lama', 'bukan', 'ngurang', 'malah', 'nambah', 'kikir']",game udah kikir makin lama bukan ngurang malah nambah kikir
Kamisinnubun Yowakim,5,2025-10-01 23:05:05,🥰🥰🥰🥰🥰👍🔥🙏aku 🥰 terimakasih mama karna mama sudah download game ini🥰,🥰🥰🥰🥰🥰👍🔥🙏aku 🥰 terimakasih mama karna mama sudah download game ini🥰,aku terimakasih mama karna mama sudah download game ini,"['aku', 'terimakasih', 'mama', 'karna', 'mama', 'sudah', 'download', 'game', 'ini']","['aku', 'terimakasih', 'mama', 'karna', 'mama', 'download', 'game']","['aku', 'terimakasih', 'mama', 'karna', 'mama', 'download', 'game']",aku terimakasih mama karna mama download game
Sri Mahanum,5,2025-10-01 23:02:56,ok main enak mantap,ok main enak mantap,ok main enak mantap,"['ok', 'main', 'enak', 'mantap']","['main', 'enak', 'mantap']","['main', 'enak', 'mantap']",main enak mantap
YUNI mugiyati,5,2025-10-01 22:57:44,anjay,anjay,anjay,['anjay'],['anjay'],['anjay'],anjay
Romawati Beratu,5,2025-10-01 22:55:16,Aku,aku,aku,['aku'],['aku'],['aku'],aku
Yuni Apriani,5,2025-10-01 22:48:13,saya ingin akun ff yg bagus,saya ingin akun ff yg bagus,saya ingin akun ff yg bagus,"['saya', 'ingin', 'akun', 'ff', 'yg', 'bagus']","['akun', 'ff', 'yg', 'bagus']","['akun', 'ff', 'yg', 'bagus']",akun ff yg bagus
Yudistira,5,2025-10-01 22:46:47,update tambahin lagi ya min,update tambahin lagi ya min,update tambahin lagi ya min,"['update', 'tambahin', 'lagi', 'ya', 'min']","['update', 'tambahin', 'min']","['update', 'tambahin', 'min']",update tambahin min
Muhammad Mahesa,1,2025-10-01 22:42:29,"garena kau tau dak babi kalau tau ya cak kau lah tinkah laku nyo ff dulu lah bagu malah di jeleki kan banyak orang pensi karena apa karena ff dak seru seperti dulu banyak bak di ff sekarang peak di hapus belom lagi banyak efet yang dulu di keluar lagi kan lah sudah pasaran jadi nyo garena jadikan ff seperti dulu kalau ff seperti dulu pasti banyak bocil ff main lagi aku pegen sekalai lagi denger bocil alok ""bang gip alok bang ""kata bocil jaman dulu bukan jaman sekarang bang sekarang sudah bedah","garena kau tau dak babi kalau tau ya cak kau lah tinkah laku nyo ff dulu lah bagu malah di jeleki kan banyak orang pensi karena apa karena ff dak seru seperti dulu banyak bak di ff sekarang peak di hapus belom lagi banyak efet yang dulu di keluar lagi kan lah sudah pasaran jadi nyo garena jadikan ff seperti dulu kalau ff seperti dulu pasti banyak bocil ff main lagi aku pegen sekalai lagi denger bocil alok ""bang gip alok bang ""kata bocil jaman dulu bukan jaman sekarang bang sekarang sudah bedah",garena kau tau dak babi kalau tau ya cak kau lah tinkah laku nyo ff dulu lah bagu malah di jeleki kan banyak orang pensi karena apa karena ff dak seru seperti dulu banyak bak di ff sekarang peak di hapus belom lagi banyak efet yang dulu di keluar lagi kan lah sudah pasaran jadi nyo garena jadikan ff seperti dulu kalau ff seperti dulu pasti banyak bocil ff main lagi aku pegen sekalai lagi denger bocil alok bang gip alok bang kata bocil jaman dulu bukan jaman sekarang bang sekarang sudah bedah,"['garena', 'kau', 'tau', 'dak', 'babi', 'kalau', 'tau', 'ya', 'cak', 'kau', 'lah', 'tinkah', 'laku', 'nyo', 'ff', 'dulu', 'lah', 'bagu', 'malah', 'di', 'jeleki', 'kan', 'banyak', 'orang', 'pensi', 'karena', 'apa', 'karena', 'ff', 'dak', 'seru', 'seperti', 'dulu', 'banyak', 'bak', 'di', 'ff', 'sekarang', 'peak', 'di', 'hapus', 'belom', 'lagi', 'banyak', 'efet', 'yang', 'dulu', 'di', 'keluar', 'lagi', 'kan', 'lah', 'sudah', 'pasaran', 'jadi', 'nyo', 'garena', 'jadikan', 'ff', 'seperti', 'dulu', 'kalau', 'ff', 'seperti', 'dulu', 'pasti', 'banyak', 'bocil', 'ff', 'main', 'lagi', 'aku', 'pegen', 'sekalai', 'lagi', 'denger', 'bocil', 'alok', 'bang', 'gip', 'alok', 'bang', 'kata', 'bocil', 'jaman', 'dulu', 'bukan', 'jaman', 'sekarang', 'bang', 'sekarang', 'sudah', 'bedah']","['garena', 'kau', 'tau', 'dak', 'babi', 'kalau', 'tau', 'cak', 'kau', 'lah', 'tinkah', 'laku', 'nyo', 'ff', 'dulu', 'lah', 'bagu', 'malah', 'jeleki', 'kan', 'banyak', 'orang', 'pensi', 'apa', 'ff', 'dak', 'seru', 'dulu', 'banyak', 'bak', 'ff', 'sekarang', 'peak', 'hapus', 'belom', 'banyak', 'efet', 'dulu', 'keluar', 'kan', 'lah', 'pasaran', 'jadi', 'nyo', 'garena', 'jadikan', 'ff', 'dulu', 'kalau', 'ff', 'dulu', 'banyak', 'bocil', 'ff', 'main', 'aku', 'pegen', 'sekalai', 'denger', 'bocil', 'alok', 'bang', 'gip', 'alok', 'bang', 'kata', 'bocil', 'jaman', 'dulu', 'bukan', 'jaman', 'sekarang', 'bang', 'sekarang', 'bedah']","['garena', 'kau', 'tau', 'dak', 'babi', 'kalau', 'tau', 'cak', 'kau', 'lah', 'tin', 'laku', 'nyo', 'ff', 'dulu', 'lah', 'bagu', 'malah', 'jelek', 'kan', 'banyak', 'orang', 'pensi', 'apa', 'ff', 'dak', 'seru', 'dulu', 'banyak', 'bak', 'ff', 'sekarang', 'peak', 'hapus', 'bom', 'banyak', 'efet', 'dulu', 'keluar', 'kan', 'lah', 'pasar', 'jadi', 'nyo', 'garena', 'jadi', 'ff', 'dulu', 'kalau', 'ff', 'dulu', 'banyak', 'bocil', 'ff', 'main', 'aku', 'gen', 'sekala', 'denger', 'bocil', 'alok', 'bang', 'gip', 'alok', 'bang', 'kata', 'bocil', 'jaman', 'dulu', 'bukan', 'jaman', 'sekarang', 'bang', 'sekarang', 'bedah']",garena kau tau dak babi kalau tau cak kau lah tin laku nyo ff dulu lah bagu malah jelek kan banyak orang pensi apa ff dak seru dulu banyak bak ff sekarang peak hapus bom banyak efet dulu keluar kan lah pasar jadi nyo garena jadi ff dulu kalau ff dulu banyak bocil ff main aku gen sekala denger bocil alok bang gip alok bang kata bocil jaman dulu bukan jaman sekarang bang sekarang bedah
Rambo Sting,3,2025-10-01 22:40:27,Kenapa ada bacaan aneh ngak bisa login,kenapa ada bacaan aneh ngak bisa login,kenapa ada bacaan aneh ngak bisa login,"['kenapa', 'ada', 'bacaan', 'aneh', 'ngak', 'bisa', 'login']","['bacaan', 'aneh', 'ngak', 'login']","['baca', 'aneh', 'ngak', 'login']",baca aneh ngak login
Ahmad Anam,5,2025-10-01 22:38:31,sanggat keren,sanggat keren,sanggat keren,"['sanggat', 'keren']","['sanggat', 'keren']","['sanggat', 'keren']",sanggat keren
wawan rena,5,2025-10-01 22:24:03,bagus,bagus,bagus,['bagus'],['bagus'],['bagus'],bagus
ALFIKRI M,5,2025-10-01 22:19:40,mantap,mantap,mantap,['mantap'],['mantap'],['mantap'],mantap
Sundari Dandhiyafa,4,2025-10-01 21:55:14,bagus banyak pilihan skin,bagus banyak pilihan skin,bagus banyak pilihan skin,"['bagus', 'banyak', 'pilihan', 'skin']","['bagus', 'banyak', 'pilihan', 'skin']","['bagus', 'banyak', 'pilih', 'skin']",bagus banyak pilih skin
Indra Fernando,5,2025-10-01 20:29:19,anjay,anjay,anjay,['anjay'],['anjay'],['anjay'],anjay
Braga Bragaps,4,2025-10-01 19:27:16,game nya seru,game nya seru,game nya seru,"['game', 'nya', 'seru']","['game', 'nya', 'seru']","['game', 'nya', 'seru']",game nya seru
Unknown People,4,2025-10-01 19:06:04,"tolong perbaiki bug damagenya dong, masa awm 2 hit ga mati, m1887 juga 2 hit ga mati, dulu mati kok masa sekarang engga","tolong perbaiki bug damagenya dong, masa awm 2 hit ga mati, m1887 juga 2 hit ga mati, dulu mati kok masa sekarang engga",tolong perbaiki bug damagenya dong masa awm hit ga mati m juga hit ga mati dulu mati kok masa sekarang engga,"['tolong', 'perbaiki', 'bug', 'damagenya', 'dong', 'masa', 'awm', 'hit', 'ga', 'mati', 'm', 'juga', 'hit', 'ga', 'mati', 'dulu', 'mati', 'kok', 'masa', 'sekarang', 'engga']","['perbaiki', 'bug', 'damagenya', 'dong', 'masa', 'awm', 'hit', 'ga', 'mati', 'm', 'hit', 'ga', 'mati', 'dulu', 'mati', 'kok', 'masa', 'sekarang', 'engga']","['baik', 'bug', 'damagenya', 'dong', 'masa', 'awm', 'hit', 'ga', 'mati', 'm', 'hit', 'ga', 'mati', 'dulu', 'mati', 'kok', 'masa', 'sekarang', 'engga']",baik bug damagenya dong masa awm hit ga mati m hit ga mati dulu mati kok masa sekarang engga
Dede Solehudin,5,2025-10-01 18:29:45,mantap,mantap,mantap,['mantap'],['mantap'],['mantap'],mantap
Aldiansyah Aldin,5,2025-10-01 18:25:39,sangat meng hibur,sangat meng hibur,sangat meng hibur,"['sangat', 'meng', 'hibur']","['sangat', 'meng', 'hibur']","['sangat', 'meng', 'hibur']",sangat meng hibur
ANRI Pasaribu,5,2025-10-01 18:24:30,mantap,mantap,mantap,['mantap'],['mantap'],['mantap'],mantap
Fery Kasim,5,2025-10-01 17:52:39,game free memang mantap 😍 sekali,game free memang mantap 😍 sekali,game free memang mantap sekali,"['game', 'free', 'memang', 'mantap', 'sekali']","['game', 'free', 'memang', 'mantap', 'sekali']","['game', 'free', 'memang', 'mantap', 'sekali']",game free memang mantap sekali
Dona Pontia,1,2025-10-01 17:45:01,buat budi bisa main jing dasar gk tau diri jadi game,buat budi bisa main jing dasar gk tau diri jadi game,buat budi bisa main jing dasar gk tau diri jadi game,"['buat', 'budi', 'bisa', 'main', 'jing', 'dasar', 'gk', 'tau', 'diri', 'jadi', 'game']","['buat', 'budi', 'main', 'jing', 'dasar', 'gk', 'tau', 'diri', 'jadi', 'game']","['buat', 'budi', 'main', 'jing', 'dasar', 'gk', 'tau', 'diri', 'jadi', 'game']",buat budi main jing dasar gk tau diri jadi game
jincurikikyubi 29,1,2025-10-01 17:25:34,"anj pas ngeleg 2x beli spesial airdrop malah kepotong,kirain beneran ada lagi ternyata cuma lag,balikin 17rb gua woy","anj pas ngeleg 2x beli spesial airdrop malah kepotong,kirain beneran ada lagi ternyata cuma lag,balikin 17rb gua woy",anj pas ngeleg x beli spesial airdrop malah kepotongkirain beneran ada lagi ternyata cuma lagbalikin rb gua woy,"['anj', 'pas', 'ngeleg', 'x', 'beli', 'spesial', 'airdrop', 'malah', 'kepotongkirain', 'beneran', 'ada', 'lagi', 'ternyata', 'cuma', 'lagbalikin', 'rb', 'gua', 'woy']","['anj', 'pas', 'ngeleg', 'x', 'beli', 'spesial', 'airdrop', 'malah', 'kepotongkirain', 'beneran', 'ternyata', 'cuma', 'lagbalikin', 'rb', 'gua', 'woy']","['anj', 'pas', 'ngeleg', 'x', 'beli', 'spesial', 'airdrop', 'malah', 'kepotongkirain', 'beneran', 'nyata', 'cuma', 'lagbalikin', 'rb', 'gua', 'woy']",anj pas ngeleg x beli spesial airdrop malah kepotongkirain beneran nyata cuma lagbalikin rb gua woy
Yoga,5,2025-10-01 17:22:46,free fire aku bermasalah on mic nya,free fire aku bermasalah on mic nya,free fire aku bermasalah on mic nya,"['free', 'fire', 'aku', 'bermasalah', 'on', 'mic', 'nya']","['free', 'fire', 'aku', 'bermasalah', 'on', 'mic', 'nya']","['free', 'fire', 'aku', 'masalah', 'on', 'mic', 'nya']",free fire aku masalah on mic nya
Ariel Muhamad Rizki,5,2025-10-01 17:18:31,game nyaaa bagus banget,game nyaaa bagus banget,game nyaaa bagus banget,"['game', 'nyaaa', 'bagus', 'banget']","['game', 'nyaaa', 'bagus', 'banget']","['game', 'nyaaa', 'bagus', 'banget']",game nyaaa bagus banget
Erwin Setiawan,5,2025-10-01 17:09:53,kalo maen ini seri kalo gak maen rugi ke geratisannya,kalo maen ini seri kalo gak maen rugi ke geratisannya,kalo maen ini seri kalo gak maen rugi ke geratisannya,"['kalo', 'maen', 'ini', 'seri', 'kalo', 'gak', 'maen', 'rugi', 'ke', 'geratisannya']","['kalo', 'maen', 'seri', 'kalo', 'gak', 'maen', 'rugi', 'geratisannya']","['kalo', 'maen', 'seri', 'kalo', 'gak', 'maen', 'rugi', 'geratisannya']",kalo maen seri kalo gak maen rugi geratisannya
Rido,5,2025-10-01 16:54:11,bagus,bagus,bagus,['bagus'],['bagus'],['bagus'],bagus
Karyati linggau,5,2025-10-01 16:45:04,ipuki,ipuki,ipuki,['ipuki'],['ipuki'],['ipuk'],ipuk
Ades Hellfrog,4,2025-10-01 16:16:46,game mengisi ke gabutan,game mengisi ke gabutan,game mengisi ke gabutan,"['game', 'mengisi', 'ke', 'gabutan']","['game', 'mengisi', 'gabutan']","['game', 'isi', 'gabutan']",game isi gabutan
Weli Merita,5,2025-10-01 16:14:47,ancak game ndo ado pintu,ancak game ndo ado pintu,ancak game ndo ado pintu,"['ancak', 'game', 'ndo', 'ado', 'pintu']","['ancak', 'game', 'ndo', 'ado', 'pintu']","['ancak', 'game', 'ndo', 'ado', 'pintu']",ancak game ndo ado pintu
Risna123,5,2025-10-01 16:02:25,👍,👍,,[],[],[],
Aulia Alief,5,2025-10-01 15:53:31,gem ini seru banget ada pentempuran nya dan bisa menghidup kan temen yg sudah mati ayo semua dowlof,gem ini seru banget ada pentempuran nya dan bisa menghidup kan temen yg sudah mati ayo semua dowlof,gem ini seru banget ada pentempuran nya dan bisa menghidup kan temen yg sudah mati ayo semua dowlof,"['gem', 'ini', 'seru', 'banget', 'ada', 'pentempuran', 'nya', 'dan', 'bisa', 'menghidup', 'kan', 'temen', 'yg', 'sudah', 'mati', 'ayo', 'semua', 'dowlof']","['gem', 'seru', 'banget', 'pentempuran', 'nya', 'menghidup', 'kan', 'temen', 'yg', 'mati', 'ayo', 'semua', 'dowlof']","['gem', 'seru', 'banget', 'pentempuran', 'nya', 'hidup', 'kan', 'temen', 'yg', 'mati', 'ayo', 'semua', 'dowlof']",gem seru banget pentempuran nya hidup kan temen yg mati ayo semua dowlof
Riwanda,1,2025-10-01 15:29:35,"game aneh,bisa akun aku di suspan padahal aku gada gunain cheat atau hal hal yg merugikan game tpi akun aku kenak ban permanen,memang aneh nih game,cape cape main dari sesoan 20 elite pass malah di ban😭","game aneh,bisa akun aku di suspan padahal aku gada gunain cheat atau hal hal yg merugikan game tpi akun aku kenak ban permanen,memang aneh nih game,cape cape main dari sesoan 20 elite pass malah di ban😭",game anehbisa akun aku di suspan padahal aku gada gunain cheat atau hal hal yg merugikan game tpi akun aku kenak ban permanenmemang aneh nih gamecape cape main dari sesoan elite pass malah di ban,"['game', 'anehbisa', 'akun', 'aku', 'di', 'suspan', 'padahal', 'aku', 'gada', 'gunain', 'cheat', 'atau', 'hal', 'hal', 'yg', 'merugikan', 'game', 'tpi', 'akun', 'aku', 'kenak', 'ban', 'permanenmemang', 'aneh', 'nih', 'gamecape', 'cape', 'main', 'dari', 'sesoan', 'elite', 'pass', 'malah', 'di', 'ban']","['game', 'anehbisa', 'akun', 'aku', 'suspan', 'padahal', 'aku', 'gada', 'gunain', 'cheat', 'yg', 'merugikan', 'game', 'tpi', 'akun', 'aku', 'kenak', 'ban', 'permanenmemang', 'aneh', 'nih', 'gamecape', 'cape', 'main', 'sesoan', 'elite', 'pass', 'malah', 'ban']","['game', 'anehbisa', 'akun', 'aku', 'suspan', 'padahal', 'aku', 'gada', 'gunain', 'cheat', 'yg', 'rugi', 'game', 'tpi', 'akun', 'aku', 'nak', 'ban', 'permanenmemang', 'aneh', 'nih', 'gamecape', 'cape', 'main', 'sesoan', 'elite', 'pass', 'malah', 'ban']",game anehbisa akun aku suspan padahal aku gada gunain cheat yg rugi game tpi akun aku nak ban permanenmemang aneh nih gamecape cape main sesoan elite pass malah ban
Gatot total,4,2025-10-01 15:26:48,cinta Laura* 5,cinta laura* 5,cinta laura,"['cinta', 'laura']","['cinta', 'laura']","['cinta', 'laura']",cinta laura
Nadhif Rj4,5,2025-10-01 15:15:34,Karena di punya barak dan baju gratis meskipun dia pake diamon tapi pake diamon pasti skin bagus sekali,karena di punya barak dan baju gratis meskipun dia pake diamon tapi pake diamon pasti skin bagus sekali,karena di punya barak dan baju gratis meskipun dia pake diamon tapi pake diamon pasti skin bagus sekali,"['karena', 'di', 'punya', 'barak', 'dan', 'baju', 'gratis', 'meskipun', 'dia', 'pake', 'diamon', 'tapi', 'pake', 'diamon', 'pasti', 'skin', 'bagus', 'sekali']","['punya', 'barak', 'baju', 'gratis', 'meskipun', 'pake', 'diamon', 'pake', 'diamon', 'skin', 'bagus', 'sekali']","['punya', 'barak', 'baju', 'gratis', 'meski', 'pake', 'diamon', 'pake', 'diamon', 'skin', 'bagus', 'sekali']",punya barak baju gratis meski pake diamon pake diamon skin bagus sekali
Farel Hafiz,5,2025-10-01 15:12:29,indonesia,indonesia,indonesia,['indonesia'],['indonesia'],['indonesia'],indonesia
Arya Fadillah,5,2025-10-01 15:01:12,mantap,mantap,mantap,['mantap'],['mantap'],['mantap'],mantap
fa qih,5,2025-10-01 14:58:09,tapi saya suka kesel jika lose streak,tapi saya suka kesel jika lose streak,tapi saya suka kesel jika lose streak,"['tapi', 'saya', 'suka', 'kesel', 'jika', 'lose', 'streak']","['suka', 'kesel', 'lose', 'streak']","['suka', 'kesel', 'lose', 'streak']",suka kesel lose streak
Fira PubgMobile1,5,2025-10-01 14:52:47,seru,seru,seru,['seru'],['seru'],['seru'],seru
NimaImut,5,2025-10-01 14:40:24,sangat puas,sangat puas,sangat puas,"['sangat', 'puas']","['sangat', 'puas']","['sangat', 'puas']",sangat puas
Cahkulonkae,5,2025-10-01 14:29:48,baik,baik,baik,['baik'],['baik'],['baik'],baik
ADZAN ANDY KOKASIM,1,2025-10-01 14:27:21,makin kikir,makin kikir,makin kikir,"['makin', 'kikir']","['makin', 'kikir']","['makin', 'kikir']",makin kikir
Gio Seno,1,2025-10-01 14:20:09,karena musuhnya pro dan efennya mahal,karena musuhnya pro dan efennya mahal,karena musuhnya pro dan efennya mahal,"['karena', 'musuhnya', 'pro', 'dan', 'efennya', 'mahal']","['musuhnya', 'pro', 'efennya', 'mahal']","['musuh', 'pro', 'efennya', 'mahal']",musuh pro efennya mahal
Nurul01 Huda,5,2025-10-01 14:09:04,gem nya bagus sekali,gem nya bagus sekali,gem nya bagus sekali,"['gem', 'nya', 'bagus', 'sekali']","['gem', 'nya', 'bagus', 'sekali']","['gem', 'nya', 'bagus', 'sekali']",gem nya bagus sekali
Siti Aulia,5,2025-10-01 14:04:40,karena kangen banget sama frefire sekarang,karena kangen banget sama frefire sekarang,karena kangen banget sama frefire sekarang,"['karena', 'kangen', 'banget', 'sama', 'frefire', 'sekarang']","['kangen', 'banget', 'sama', 'frefire', 'sekarang']","['kangen', 'banget', 'sama', 'frefire', 'sekarang']",kangen banget sama frefire sekarang
aya brzenska,1,2025-10-01 14:00:45,knp di ksi tim yg bot semua si? berturut turut loh? game be go,knp di ksi tim yg bot semua si? berturut turut loh? game be go,knp di ksi tim yg bot semua si berturut turut loh game be go,"['knp', 'di', 'ksi', 'tim', 'yg', 'bot', 'semua', 'si', 'berturut', 'turut', 'loh', 'game', 'be', 'go']","['knp', 'ksi', 'tim', 'yg', 'bot', 'semua', 'si', 'berturut', 'turut', 'loh', 'game', 'be', 'go']","['knp', 'ksi', 'tim', 'yg', 'bot', 'semua', 'si', 'turut', 'turut', 'loh', 'game', 'be', 'go']",knp ksi tim yg bot semua si turut turut loh game be go
rico prtm,1,2025-10-01 14:00:44,mantap lag,mantap lag,mantap lag,"['mantap', 'lag']","['mantap', 'lag']","['mantap', 'lag']",mantap lag
Yuda Saputra,1,2025-10-01 13:59:44,"garena -🧠 dri dlu bug analog ga di perbaiki, masa setiap main analog nya pindah², mikir lah!!, colab sana sini tpi bug ga di urus tolol, huuuu muka admin ny mirip pusong","garena -🧠 dri dlu bug analog ga di perbaiki, masa setiap main analog nya pindah², mikir lah!!, colab sana sini tpi bug ga di urus tolol, huuuu muka admin ny mirip pusong",garena dri dlu bug analog ga di perbaiki masa setiap main analog nya pindah mikir lah colab sana sini tpi bug ga di urus tolol huuuu muka admin ny mirip pusong,"['garena', 'dri', 'dlu', 'bug', 'analog', 'ga', 'di', 'perbaiki', 'masa', 'setiap', 'main', 'analog', 'nya', 'pindah', 'mikir', 'lah', 'colab', 'sana', 'sini', 'tpi', 'bug', 'ga', 'di', 'urus', 'tolol', 'huuuu', 'muka', 'admin', 'ny', 'mirip', 'pusong']","['garena', 'dri', 'dlu', 'bug', 'analog', 'ga', 'perbaiki', 'masa', 'main', 'analog', 'nya', 'pindah', 'mikir', 'lah', 'colab', 'sana', 'sini', 'tpi', 'bug', 'ga', 'urus', 'tolol', 'huuuu', 'muka', 'admin', 'ny', 'mirip', 'pusong']","['garena', 'dri', 'dlu', 'bug', 'analog', 'ga', 'baik', 'masa', 'main', 'analog', 'nya', 'pindah', 'mikir', 'lah', 'colab', 'sana', 'sini', 'tpi', 'bug', 'ga', 'urus', 'tolol', 'huuuu', 'muka', 'admin', 'ny', 'mirip', 'pusong']",garena dri dlu bug analog ga baik masa main analog nya pindah mikir lah colab sana sini tpi bug ga urus tolol huuuu muka admin ny mirip pusong
Ahmad Fadel,5,2025-10-01 13:59:05,game bagus nggak ada masalah biasa saja,game bagus nggak ada masalah biasa saja,game bagus nggak ada masalah biasa saja,"['game', 'bagus', 'nggak', 'ada', 'masalah', 'biasa', 'saja']","['game', 'bagus', 'masalah', 'biasa']","['game', 'bagus', 'masalah', 'biasa']",game bagus masalah biasa
Caca Sumbawa,5,2025-10-01 13:58:14,1 kata bagus aj sih,1 kata bagus aj sih,kata bagus aj sih,"['kata', 'bagus', 'aj', 'sih']","['kata', 'bagus', 'aj', 'sih']","['kata', 'bagus', 'aj', 'sih']",kata bagus aj sih
Novri Anto,4,2025-10-01 13:57:38,paling gk suka sama bl,paling gk suka sama bl,paling gk suka sama bl,"['paling', 'gk', 'suka', 'sama', 'bl']","['paling', 'gk', 'suka', 'sama', 'bl']","['paling', 'gk', 'suka', 'sama', 'bl']",paling gk suka sama bl
Wildan Syah,4,2025-10-01 13:50:55,saya suka,saya suka,saya suka,"['saya', 'suka']",['suka'],['suka'],suka
Fahmi Irawan,5,2025-10-01 13:50:53,enak,enak,enak,['enak'],['enak'],['enak'],enak
Raya Rehan,5,2025-10-01 13:50:51,game nya sangat seru bisa mabar dan bisa juga kita menjelajahi hal unik,game nya sangat seru bisa mabar dan bisa juga kita menjelajahi hal unik,game nya sangat seru bisa mabar dan bisa juga kita menjelajahi hal unik,"['game', 'nya', 'sangat', 'seru', 'bisa', 'mabar', 'dan', 'bisa', 'juga', 'kita', 'menjelajahi', 'hal', 'unik']","['game', 'nya', 'sangat', 'seru', 'mabar', 'menjelajahi', 'unik']","['game', 'nya', 'sangat', 'seru', 'mabar', 'jajah', 'unik']",game nya sangat seru mabar jajah unik
Ricky laurineva,5,2025-10-01 13:50:50,MANTAP GARENA KASIH AKU LAGI KESULTANAN AKU INGIN MELENG KAPI SEGALAH NYA,mantap garena kasih aku lagi kesultanan aku ingin meleng kapi segalah nya,mantap garena kasih aku lagi kesultanan aku ingin meleng kapi segalah nya,"['mantap', 'garena', 'kasih', 'aku', 'lagi', 'kesultanan', 'aku', 'ingin', 'meleng', 'kapi', 'segalah', 'nya']","['mantap', 'garena', 'kasih', 'aku', 'kesultanan', 'aku', 'meleng', 'kapi', 'segalah', 'nya']","['mantap', 'garena', 'kasih', 'aku', 'sultan', 'aku', 'meleng', 'kapi', 'sega', 'nya']",mantap garena kasih aku sultan aku meleng kapi sega nya
Mumtaz Ziyo Al falih,5,2025-10-01 13:50:32,HAHAHAHAHAHAHA GAME INI BEST NYAAAA AKU MAIN GAME INI SEMUA KAWAN AKU SEMUA MAIN TERUS HAAHHAHAHAHA ASYIKKKKK!!!!!!!!!,hahahahahahaha game ini best nyaaaa aku main game ini semua kawan aku semua main terus haahhahahaha asyikkkkk!!!!!!!!!,hahahahahahaha game ini best nyaaaa aku main game ini semua kawan aku semua main terus haahhahahaha asyikkkkk,"['hahahahahahaha', 'game', 'ini', 'best', 'nyaaaa', 'aku', 'main', 'game', 'ini', 'semua', 'kawan', 'aku', 'semua', 'main', 'terus', 'haahhahahaha', 'asyikkkkk']","['hahahahahahaha', 'game', 'best', 'nyaaaa', 'aku', 'main', 'game', 'semua', 'kawan', 'aku', 'semua', 'main', 'terus', 'haahhahahaha', 'asyikkkkk']","['hahahahahahaha', 'game', 'best', 'nyaaaa', 'aku', 'main', 'game', 'semua', 'kawan', 'aku', 'semua', 'main', 'terus', 'haahhahahaha', 'asyikkkkk']",hahahahahahaha game best nyaaaa aku main game semua kawan aku semua main terus haahhahahaha asyikkkkk
Fabian Pratama Lubis,1,2025-10-01 13:49:20,game banyak bug,game banyak bug,game banyak bug,"['game', 'banyak', 'bug']","['game', 'banyak', 'bug']","['game', 'banyak', 'bug']",game banyak bug
Younk Bocah,5,2025-10-01 13:47:18,OK,ok,ok,['ok'],[],[],
Iki Iki,1,2025-10-01 13:43:41,game sampah udah gm tapi tim bot kaya yang bikin 😹😹,game sampah udah gm tapi tim bot kaya yang bikin 😹😹,game sampah udah gm tapi tim bot kaya yang bikin,"['game', 'sampah', 'udah', 'gm', 'tapi', 'tim', 'bot', 'kaya', 'yang', 'bikin']","['game', 'sampah', 'udah', 'gm', 'tim', 'bot', 'kaya', 'bikin']","['game', 'sampah', 'udah', 'gm', 'tim', 'bot', 'kaya', 'bikin']",game sampah udah gm tim bot kaya bikin
Cafeanggrek Tigadolok,5,2025-10-01 13:43:06,sangat seru,sangat seru,sangat seru,"['sangat', 'seru']","['sangat', 'seru']","['sangat', 'seru']",sangat seru
Galang Arkenzie,1,2025-10-01 13:37:01,game anjingggg banyak bugg,game anjingggg banyak bugg,game anjingggg banyak bugg,"['game', 'anjingggg', 'banyak', 'bugg']","['game', 'anjingggg', 'banyak', 'bugg']","['game', 'anjingggg', 'banyak', 'bugg']",game anjingggg banyak bugg
Ika Ika,5,2025-10-01 13:34:55,emuach,emuach,emuach,['emuach'],['emuach'],['emuach'],emuach
Lidia lidia,1,2025-10-01 13:34:44,made nod haj,made nod haj,made nod haj,"['made', 'nod', 'haj']","['made', 'nod', 'haj']","['made', 'nod', 'haj']",made nod haj
Dani,5,2025-10-01 13:30:16,game ini cocok untuk hp KENTANG seperti Anda harus bergeser ke IPHONE 20 PROMAX,game ini cocok untuk hp kentang seperti anda harus bergeser ke iphone 20 promax,game ini cocok untuk hp kentang seperti anda harus bergeser ke iphone promax,"['game', 'ini', 'cocok', 'untuk', 'hp', 'kentang', 'seperti', 'anda', 'harus', 'bergeser', 'ke', 'iphone', 'promax']","['game', 'cocok', 'hp', 'kentang', 'bergeser', 'iphone', 'promax']","['game', 'cocok', 'hp', 'kentang', 'geser', 'iphone', 'promax']",game cocok hp kentang geser iphone promax
Siti Roisah,5,2025-10-01 13:29:10,"game ini aku saranin untuk orang tolol yang mau uangnya diperas sama event event fiksi dan sarana untuk membanting/merusak hp karena lag,bug,cheat dll sehat selalu garena, sering - sering keluarin event fiksi dan jangan lupa perbanyakin bug bug nya biar orang tambah streeeeesssss......","game ini aku saranin untuk orang tolol yang mau uangnya diperas sama event event fiksi dan sarana untuk membanting/merusak hp karena lag,bug,cheat dll sehat selalu garena, sering - sering keluarin event fiksi dan jangan lupa perbanyakin bug bug nya biar orang tambah streeeeesssss......",game ini aku saranin untuk orang tolol yang mau uangnya diperas sama event event fiksi dan sarana untuk membantingmerusak hp karena lagbugcheat dll sehat selalu garena sering sering keluarin event fiksi dan jangan lupa perbanyakin bug bug nya biar orang tambah streeeeesssss,"['game', 'ini', 'aku', 'saranin', 'untuk', 'orang', 'tolol', 'yang', 'mau', 'uangnya', 'diperas', 'sama', 'event', 'event', 'fiksi', 'dan', 'sarana', 'untuk', 'membantingmerusak', 'hp', 'karena', 'lagbugcheat', 'dll', 'sehat', 'selalu', 'garena', 'sering', 'sering', 'keluarin', 'event', 'fiksi', 'dan', 'jangan', 'lupa', 'perbanyakin', 'bug', 'bug', 'nya', 'biar', 'orang', 'tambah', 'streeeeesssss']","['game', 'aku', 'saranin', 'orang', 'tolol', 'mau', 'uangnya', 'diperas', 'sama', 'event', 'event', 'fiksi', 'sarana', 'membantingmerusak', 'hp', 'lagbugcheat', 'sehat', 'selalu', 'garena', 'sering', 'sering', 'keluarin', 'event', 'fiksi', 'jangan', 'lupa', 'perbanyakin', 'bug', 'bug', 'nya', 'biar', 'orang', 'tambah', 'streeeeesssss']","['game', 'aku', 'saranin', 'orang', 'tolol', 'mau', 'uang', 'peras', 'sama', 'event', 'event', 'fiksi', 'sarana', 'membantingmerusak', 'hp', 'lagbugcheat', 'sehat', 'selalu', 'garena', 'sering', 'sering', 'keluarin', 'event', 'fiksi', 'jangan', 'lupa', 'perbanyakin', 'bug', 'bug', 'nya', 'biar', 'orang', 'tambah', 'streeeeesssss']",game aku saranin orang tolol mau uang peras sama event event fiksi sarana membantingmerusak hp lagbugcheat sehat selalu garena sering sering keluarin event fiksi jangan lupa perbanyakin bug bug nya biar orang tambah streeeeesssss
Rigiri Giri,1,2025-10-01 13:26:53,tolong jangan pake Kouta🗿😹,tolong jangan pake kouta🗿😹,tolong jangan pake kouta,"['tolong', 'jangan', 'pake', 'kouta']","['jangan', 'pake', 'kouta']","['jangan', 'pake', 'kouta']",jangan pake kouta
Apriyanti Rayyan,1,2025-10-01 13:25:01,game kikir,game kikir,game kikir,"['game', 'kikir']","['game', 'kikir']","['game', 'kikir']",game kikir
Rehan Rehan apta diara,2,2025-10-01 13:23:36,musuh gak pernah dikasih bot ajg😡😡😡,musuh gak pernah dikasih bot ajg😡😡😡,musuh gak pernah dikasih bot ajg,"['musuh', 'gak', 'pernah', 'dikasih', 'bot', 'ajg']","['musuh', 'gak', 'pernah', 'dikasih', 'bot', 'ajg']","['musuh', 'gak', 'pernah', 'kasih', 'bot', 'ajg']",musuh gak pernah kasih bot ajg
Eni Lailati,1,2025-10-01 13:23:26,woy Garena kikir diamond gua 1600 habis dan cuma dapet skateboard hiu,woy garena kikir diamond gua 1600 habis dan cuma dapet skateboard hiu,woy garena kikir diamond gua habis dan cuma dapet skateboard hiu,"['woy', 'garena', 'kikir', 'diamond', 'gua', 'habis', 'dan', 'cuma', 'dapet', 'skateboard', 'hiu']","['woy', 'garena', 'kikir', 'diamond', 'gua', 'habis', 'cuma', 'dapet', 'skateboard', 'hiu']","['woy', 'garena', 'kikir', 'diamond', 'gua', 'habis', 'cuma', 'dapet', 'skateboard', 'hiu']",woy garena kikir diamond gua habis cuma dapet skateboard hiu
Sakila Amuria,3,2025-10-01 13:19:26,Game nya bagus,game nya bagus,game nya bagus,"['game', 'nya', 'bagus']","['game', 'nya', 'bagus']","['game', 'nya', 'bagus']",game nya bagus
Sijunjung 2024,1,2025-10-01 13:18:56,gw pensi main epep mek karena konten kreator bng Budi 01 di blacklist sama pihak Garena dan dari segi game nya udah Ndak menarik lagi gw jadi bosan,gw pensi main epep mek karena konten kreator bng budi 01 di blacklist sama pihak garena dan dari segi game nya udah ndak menarik lagi gw jadi bosan,gw pensi main epep mek karena konten kreator bng budi di blacklist sama pihak garena dan dari segi game nya udah ndak menarik lagi gw jadi bosan,"['gw', 'pensi', 'main', 'epep', 'mek', 'karena', 'konten', 'kreator', 'bng', 'budi', 'di', 'blacklist', 'sama', 'pihak', 'garena', 'dan', 'dari', 'segi', 'game', 'nya', 'udah', 'ndak', 'menarik', 'lagi', 'gw', 'jadi', 'bosan']","['gw', 'pensi', 'main', 'epep', 'mek', 'konten', 'kreator', 'bng', 'budi', 'blacklist', 'sama', 'pihak', 'garena', 'segi', 'game', 'nya', 'udah', 'ndak', 'menarik', 'gw', 'jadi', 'bosan']","['gw', 'pensi', 'main', 'epep', 'mek', 'konten', 'kreator', 'bng', 'budi', 'blacklist', 'sama', 'pihak', 'garena', 'segi', 'game', 'nya', 'udah', 'ndak', 'tarik', 'gw', 'jadi', 'bosan']",gw pensi main epep mek konten kreator bng budi blacklist sama pihak garena segi game nya udah ndak tarik gw jadi bosan
Lexz 11,1,2025-10-01 13:18:36,"saya kasih bintang satu karena ada bug isu jaringan, padahal sinyal saya lancar!!!! tapi kenapa lagggggg!!!!!! bug ini sangat meresahkan bagi saya karena ketika saya berhadapan dengan musuh tiba' lag!!! saya harap bug ini segera di fixxxx karena sangat meresahkan!!!! dan yg terkena bug ini bukan hanya saya tetapi org lain juga, dan org lain pun juga sangat marah pastinya karena ada bug ini, huhhh😮‍💨 jadi tolong di perbaiki dlu game nya!!!!!!!! SEKALI LAGI SANGAT MERESAHKAN!!!!!!","saya kasih bintang satu karena ada bug isu jaringan, padahal sinyal saya lancar!!!! tapi kenapa lagggggg!!!!!! bug ini sangat meresahkan bagi saya karena ketika saya berhadapan dengan musuh tiba' lag!!! saya harap bug ini segera di fixxxx karena sangat meresahkan!!!! dan yg terkena bug ini bukan hanya saya tetapi org lain juga, dan org lain pun juga sangat marah pastinya karena ada bug ini, huhhh😮‍💨 jadi tolong di perbaiki dlu game nya!!!!!!!! sekali lagi sangat meresahkan!!!!!!",saya kasih bintang satu karena ada bug isu jaringan padahal sinyal saya lancar tapi kenapa lagggggg bug ini sangat meresahkan bagi saya karena ketika saya berhadapan dengan musuh tiba lag saya harap bug ini segera di fixxxx karena sangat meresahkan dan yg terkena bug ini bukan hanya saya tetapi org lain juga dan org lain pun juga sangat marah pastinya karena ada bug ini huhhh jadi tolong di perbaiki dlu game nya sekali lagi sangat meresahkan,"['saya', 'kasih', 'bintang', 'satu', 'karena', 'ada', 'bug', 'isu', 'jaringan', 'padahal', 'sinyal', 'saya', 'lancar', 'tapi', 'kenapa', 'lagggggg', 'bug', 'ini', 'sangat', 'meresahkan', 'bagi', 'saya', 'karena', 'ketika', 'saya', 'berhadapan', 'dengan', 'musuh', 'tiba', 'lag', 'saya', 'harap', 'bug', 'ini', 'segera', 'di', 'fixxxx', 'karena', 'sangat', 'meresahkan', 'dan', 'yg', 'terkena', 'bug', 'ini', 'bukan', 'hanya', 'saya', 'tetapi', 'org', 'lain', 'juga', 'dan', 'org', 'lain', 'pun', 'juga', 'sangat', 'marah', 'pastinya', 'karena', 'ada', 'bug', 'ini', 'huhhh', 'jadi', 'tolong', 'di', 'perbaiki', 'dlu', 'game', 'nya', 'sekali', 'lagi', 'sangat', 'meresahkan']","['kasih', 'bintang', 'satu', 'bug', 'isu', 'jaringan', 'padahal', 'sinyal', 'lancar', 'lagggggg', 'bug', 'sangat', 'meresahkan', 'berhadapan', 'musuh', 'tiba', 'lag', 'harap', 'bug', 'segera', 'fixxxx', 'sangat', 'meresahkan', 'yg', 'terkena', 'bug', 'bukan', 'org', 'org', 'sangat', 'marah', 'pastinya', 'bug', 'huhhh', 'jadi', 'perbaiki', 'dlu', 'game', 'nya', 'sekali', 'sangat', 'meresahkan']","['kasih', 'bintang', 'satu', 'bug', 'isu', 'jaring', 'padahal', 'sinyal', 'lancar', 'lagggggg', 'bug', 'sangat', 'resah', 'hadap', 'musuh', 'tiba', 'lag', 'harap', 'bug', 'segera', 'fixxxx', 'sangat', 'resah', 'yg', 'kena', 'bug', 'bukan', 'org', 'org', 'sangat', 'marah', 'pasti', 'bug', 'huhhh', 'jadi', 'baik', 'dlu', 'game', 'nya', 'sekali', 'sangat', 'resah']",kasih bintang satu bug isu jaring padahal sinyal lancar lagggggg bug sangat resah hadap musuh tiba lag harap bug segera fixxxx sangat resah yg kena bug bukan org org sangat marah pasti bug huhhh jadi baik dlu game nya sekali sangat resah
Maya Sari,5,2025-10-01 13:17:14,bagus,bagus,bagus,['bagus'],['bagus'],['bagus'],bagus
Tomi Tomo,5,2025-10-01 13:15:52,mantap,mantap,mantap,['mantap'],['mantap'],['mantap'],mantap
Rafa Arif,4,2025-10-01 13:11:20,Garena tolong benerin bug invisibel gara gara itu aku minus dan gak boyah,garena tolong benerin bug invisibel gara gara itu aku minus dan gak boyah,garena tolong benerin bug invisibel gara gara itu aku minus dan gak boyah,"['garena', 'tolong', 'benerin', 'bug', 'invisibel', 'gara', 'gara', 'itu', 'aku', 'minus', 'dan', 'gak', 'boyah']","['garena', 'benerin', 'bug', 'invisibel', 'gara', 'gara', 'aku', 'minus', 'gak', 'boyah']","['garena', 'benerin', 'bug', 'invisibel', 'gara', 'gara', 'aku', 'minus', 'gak', 'boyah']",garena benerin bug invisibel gara gara aku minus gak boyah
RAY YEHEZKIEL,5,2025-10-01 13:09:10,bagus dan seru tapi hilangin bug,bagus dan seru tapi hilangin bug,bagus dan seru tapi hilangin bug,"['bagus', 'dan', 'seru', 'tapi', 'hilangin', 'bug']","['bagus', 'seru', 'hilangin', 'bug']","['bagus', 'seru', 'hilangin', 'bug']",bagus seru hilangin bug
Nadia Ashifa,5,2025-10-01 13:08:10,game nya seru bangettttttttyt ff memang nomor 1,game nya seru bangettttttttyt ff memang nomor 1,game nya seru bangettttttttyt ff memang nomor,"['game', 'nya', 'seru', 'bangettttttttyt', 'ff', 'memang', 'nomor']","['game', 'nya', 'seru', 'bangettttttttyt', 'ff', 'memang', 'nomor']","['game', 'nya', 'seru', 'bangettttttttyt', 'ff', 'memang', 'nomor']",game nya seru bangettttttttyt ff memang nomor
Harapan Doa,5,2025-10-01 13:05:43,bagus😍😍😍😍,bagus😍😍😍😍,bagus,['bagus'],['bagus'],['bagus'],bagus
Muhammad Mahdi02,5,2025-10-01 13:04:32,bagus,bagus,bagus,['bagus'],['bagus'],['bagus'],bagus
Devan,1,2025-10-01 13:03:26,"semakin gak seru, orang terima endorse dari game lain malah di band","semakin gak seru, orang terima endorse dari game lain malah di band",semakin gak seru orang terima endorse dari game lain malah di band,"['semakin', 'gak', 'seru', 'orang', 'terima', 'endorse', 'dari', 'game', 'lain', 'malah', 'di', 'band']","['semakin', 'gak', 'seru', 'orang', 'terima', 'endorse', 'game', 'malah', 'band']","['makin', 'gak', 'seru', 'orang', 'terima', 'endorse', 'game', 'malah', 'band']",makin gak seru orang terima endorse game malah band
Kristian Yahausanga,5,2025-10-01 13:03:04,suda lama tidak main gem ini dan sekarang di coba lagi karna Masi bot,suda lama tidak main gem ini dan sekarang di coba lagi karna masi bot,suda lama tidak main gem ini dan sekarang di coba lagi karna masi bot,"['suda', 'lama', 'tidak', 'main', 'gem', 'ini', 'dan', 'sekarang', 'di', 'coba', 'lagi', 'karna', 'masi', 'bot']","['suda', 'lama', 'main', 'gem', 'sekarang', 'coba', 'karna', 'masi', 'bot']","['suda', 'lama', 'main', 'gem', 'sekarang', 'coba', 'karna', 'mas', 'bot']",suda lama main gem sekarang coba karna mas bot
Noval Aja,5,2025-10-01 13:01:19,bagus,bagus,bagus,['bagus'],['bagus'],['bagus'],bagus
Aang,1,2025-10-01 12:58:21,"parah lu min, masa Budi 01 lu bl, padahal ff blm tentu terkenal tanpa dia","parah lu min, masa budi 01 lu bl, padahal ff blm tentu terkenal tanpa dia",parah lu min masa budi lu bl padahal ff blm tentu terkenal tanpa dia,"['parah', 'lu', 'min', 'masa', 'budi', 'lu', 'bl', 'padahal', 'ff', 'blm', 'tentu', 'terkenal', 'tanpa', 'dia']","['parah', 'lu', 'min', 'masa', 'budi', 'lu', 'bl', 'padahal', 'ff', 'blm', 'terkenal']","['parah', 'lu', 'min', 'masa', 'budi', 'lu', 'bl', 'padahal', 'ff', 'blm', 'kenal']",parah lu min masa budi lu bl padahal ff blm kenal
Darwis Danial,5,2025-10-01 12:54:49,ok baik lancar,ok baik lancar,ok baik lancar,"['ok', 'baik', 'lancar']","['baik', 'lancar']","['baik', 'lancar']",baik lancar
Dzaky Agus,5,2025-10-01 12:53:18,game ini sangat seru tapi kasih lah diamond gratinya,game ini sangat seru tapi kasih lah diamond gratinya,game ini sangat seru tapi kasih lah diamond gratinya,"['game', 'ini', 'sangat', 'seru', 'tapi', 'kasih', 'lah', 'diamond', 'gratinya']","['game', 'sangat', 'seru', 'kasih', 'lah', 'diamond', 'gratinya']","['game', 'sangat', 'seru', 'kasih', 'lah', 'diamond', 'gratinya']",game sangat seru kasih lah diamond gratinya
Ponda Aja,5,2025-10-01 12:50:36,mantap,mantap,mantap,['mantap'],['mantap'],['mantap'],mantap
mengung Yun,5,2025-10-01 12:48:28,ff adalah game terbaik di dunia,ff adalah game terbaik di dunia,ff adalah game terbaik di dunia,"['ff', 'adalah', 'game', 'terbaik', 'di', 'dunia']","['ff', 'game', 'terbaik', 'dunia']","['ff', 'game', 'baik', 'dunia']",ff game baik dunia
Ani Rukhmawati,5,2025-10-01 12:46:48,josjis,josjis,josjis,['josjis'],['josjis'],['josjis'],josjis
Adnan Zaidan,5,2025-10-01 12:40:00,sangat memuaskan,sangat memuaskan,sangat memuaskan,"['sangat', 'memuaskan']","['sangat', 'memuaskan']","['sangat', 'muas']",sangat muas
Rehan Surya,5,2025-10-01 12:39:43,bagus bg ff in sya mau maen terus jdi nya,bagus bg ff in sya mau maen terus jdi nya,bagus bg ff in sya mau maen terus jdi nya,"['bagus', 'bg', 'ff', 'in', 'sya', 'mau', 'maen', 'terus', 'jdi', 'nya']","['bagus', 'bg', 'ff', 'in', 'sya', 'mau', 'maen', 'terus', 'jdi', 'nya']","['bagus', 'bg', 'ff', 'in', 'sya', 'mau', 'maen', 'terus', 'jdi', 'nya']",bagus bg ff in sya mau maen terus jdi nya
Hilya Arsy,5,2025-10-01 12:39:00,asik,asik,asik,['asik'],['asik'],['asik'],asik
Marfel Nehe,1,2025-10-01 12:35:51,we need old peak,we need old peak,we need old peak,"['we', 'need', 'old', 'peak']","['we', 'need', 'old', 'peak']","['we', 'need', 'old', 'peak']",we need old peak
Samsungcahyo,5,2025-10-01 12:32:30,game ini sangat seru,game ini sangat seru,game ini sangat seru,"['game', 'ini', 'sangat', 'seru']","['game', 'sangat', 'seru']","['game', 'sangat', 'seru']",game sangat seru
Muhammad pito,5,2025-10-01 12:25:29,kalau kalian coba pasti ketagihan buruan coba,kalau kalian coba pasti ketagihan buruan coba,kalau kalian coba pasti ketagihan buruan coba,"['kalau', 'kalian', 'coba', 'pasti', 'ketagihan', 'buruan', 'coba']","['kalau', 'kalian', 'coba', 'ketagihan', 'buruan', 'coba']","['kalau', 'kalian', 'coba', 'tagih', 'buru', 'coba']",kalau kalian coba tagih buru coba
can gil,5,2025-10-01 12:21:48,"ytta, aja","ytta, aja",ytta aja,"['ytta', 'aja']","['ytta', 'aja']","['ytta', 'aja']",ytta aja
FARHAN Ramadhani,1,2025-10-01 12:21:47,Lawan udh ke headshot malah kgk mati game kgk jelas,lawan udh ke headshot malah kgk mati game kgk jelas,lawan udh ke headshot malah kgk mati game kgk jelas,"['lawan', 'udh', 'ke', 'headshot', 'malah', 'kgk', 'mati', 'game', 'kgk', 'jelas']","['lawan', 'udh', 'headshot', 'malah', 'kgk', 'mati', 'game', 'kgk', 'jelas']","['lawan', 'udh', 'headshot', 'malah', 'kgk', 'mati', 'game', 'kgk', 'jelas']",lawan udh headshot malah kgk mati game kgk jelas
Pong Apong,5,2025-10-01 12:16:37,bagusss bgt woyyy,bagusss bgt woyyy,bagusss bgt woyyy,"['bagusss', 'bgt', 'woyyy']","['bagusss', 'bgt', 'woyyy']","['bagusss', 'bgt', 'woyyy']",bagusss bgt woyyy
ayik m,5,2025-10-01 12:16:21,bagus,bagus,bagus,['bagus'],['bagus'],['bagus'],bagus
Subaer,1,2025-10-01 12:11:19,karna aku malas main karna jaringan ku ngeleg terus,karna aku malas main karna jaringan ku ngeleg terus,karna aku malas main karna jaringan ku ngeleg terus,"['karna', 'aku', 'malas', 'main', 'karna', 'jaringan', 'ku', 'ngeleg', 'terus']","['karna', 'aku', 'malas', 'main', 'karna', 'jaringan', 'ku', 'ngeleg', 'terus']","['karna', 'aku', 'malas', 'main', 'karna', 'jaring', 'ku', 'ngeleg', 'terus']",karna aku malas main karna jaring ku ngeleg terus
Rossi34 jawaelang,1,2025-10-01 12:09:28,"t a i, bedain sistem, afk sama nge lag lah jing, Gua lagi nge lag tiba-tiba open map, langsung di gb musuh, Sistem garena burik kek game nya","t a i, bedain sistem, afk sama nge lag lah jing, gua lagi nge lag tiba-tiba open map, langsung di gb musuh, sistem garena burik kek game nya",t a i bedain sistem afk sama nge lag lah jing gua lagi nge lag tibatiba open map langsung di gb musuh sistem garena burik kek game nya,"['t', 'a', 'i', 'bedain', 'sistem', 'afk', 'sama', 'nge', 'lag', 'lah', 'jing', 'gua', 'lagi', 'nge', 'lag', 'tibatiba', 'open', 'map', 'langsung', 'di', 'gb', 'musuh', 'sistem', 'garena', 'burik', 'kek', 'game', 'nya']","['t', 'a', 'i', 'bedain', 'sistem', 'afk', 'sama', 'nge', 'lag', 'lah', 'jing', 'gua', 'nge', 'lag', 'tibatiba', 'open', 'map', 'langsung', 'gb', 'musuh', 'sistem', 'garena', 'burik', 'kek', 'game', 'nya']","['t', 'a', 'i', 'bedain', 'sistem', 'afk', 'sama', 'nge', 'lag', 'lah', 'jing', 'gua', 'nge', 'lag', 'tibatiba', 'open', 'map', 'langsung', 'gb', 'musuh', 'sistem', 'garena', 'burik', 'kek', 'game', 'nya']",t a i bedain sistem afk sama nge lag lah jing gua nge lag tibatiba open map langsung gb musuh sistem garena burik kek game nya
Dffe Jjtjtj,3,2025-10-01 12:07:33,maaf karena kasih 3 bintang karena kalau pakai wifi jaringan nya sibuk padahal lagi di rumah sinyalny kuat loh,maaf karena kasih 3 bintang karena kalau pakai wifi jaringan nya sibuk padahal lagi di rumah sinyalny kuat loh,maaf karena kasih bintang karena kalau pakai wifi jaringan nya sibuk padahal lagi di rumah sinyalny kuat loh,"['maaf', 'karena', 'kasih', 'bintang', 'karena', 'kalau', 'pakai', 'wifi', 'jaringan', 'nya', 'sibuk', 'padahal', 'lagi', 'di', 'rumah', 'sinyalny', 'kuat', 'loh']","['maaf', 'kasih', 'bintang', 'kalau', 'pakai', 'wifi', 'jaringan', 'nya', 'sibuk', 'padahal', 'rumah', 'sinyalny', 'kuat', 'loh']","['maaf', 'kasih', 'bintang', 'kalau', 'pakai', 'wifi', 'jaring', 'nya', 'sibuk', 'padahal', 'rumah', 'sinyalny', 'kuat', 'loh']",maaf kasih bintang kalau pakai wifi jaring nya sibuk padahal rumah sinyalny kuat loh
Atep Taryana,5,2025-10-01 12:05:06,bagus,bagus,bagus,['bagus'],['bagus'],['bagus'],bagus
Muhammad Rival,5,2025-10-01 12:03:28,keren,keren,keren,['keren'],['keren'],['keren'],keren
Fauzan,5,2025-10-01 12:02:54,gem nya bagus seru 100%,gem nya bagus seru 100%,gem nya bagus seru,"['gem', 'nya', 'bagus', 'seru']","['gem', 'nya', 'bagus', 'seru']","['gem', 'nya', 'bagus', 'seru']",gem nya bagus seru
Anjay,1,2025-10-01 12:00:32,bang Budi nya gabisa main ff lagi,bang budi nya gabisa main ff lagi,bang budi nya gabisa main ff lagi,"['bang', 'budi', 'nya', 'gabisa', 'main', 'ff', 'lagi']","['bang', 'budi', 'nya', 'gabisa', 'main', 'ff']","['bang', 'budi', 'nya', 'gabisa', 'main', 'ff']",bang budi nya gabisa main ff
Adi Veredi,5,2025-10-01 11:55:34,geme ini seruh garena bagi diamon gratis dong,geme ini seruh garena bagi diamon gratis dong,geme ini seruh garena bagi diamon gratis dong,"['geme', 'ini', 'seruh', 'garena', 'bagi', 'diamon', 'gratis', 'dong']","['geme', 'seruh', 'garena', 'diamon', 'gratis', 'dong']","['geme', 'seruh', 'garena', 'diamon', 'gratis', 'dong']",geme seruh garena diamon gratis dong
Ng Sandy,5,2025-10-01 11:55:02,1000000 konfkbbh djjg,1000000 konfkbbh djjg,konfkbbh djjg,"['konfkbbh', 'djjg']","['konfkbbh', 'djjg']","['konfkbbh', 'djjg']",konfkbbh djjg
Jagal Drame,1,2025-10-01 11:52:46,bang Budi kena blacklist Garena ajg,bang budi kena blacklist garena ajg,bang budi kena blacklist garena ajg,"['bang', 'budi', 'kena', 'blacklist', 'garena', 'ajg']","['bang', 'budi', 'kena', 'blacklist', 'garena', 'ajg']","['bang', 'budi', 'kena', 'blacklist', 'garena', 'ajg']",bang budi kena blacklist garena ajg
Sari Susari,5,2025-10-01 11:51:39,sangatt baguss,sangatt baguss,sangatt baguss,"['sangatt', 'baguss']","['sangatt', 'baguss']","['sangatt', 'baguss']",sangatt baguss
Tracia Intopiana,5,2025-10-01 11:50:23,banyak teman dan juga seru seperti nyata,banyak teman dan juga seru seperti nyata,banyak teman dan juga seru seperti nyata,"['banyak', 'teman', 'dan', 'juga', 'seru', 'seperti', 'nyata']","['banyak', 'teman', 'seru', 'nyata']","['banyak', 'teman', 'seru', 'nyata']",banyak teman seru nyata
Lalu Muhammad Satriadi,1,2025-10-01 11:48:41,We need old peak,we need old peak,we need old peak,"['we', 'need', 'old', 'peak']","['we', 'need', 'old', 'peak']","['we', 'need', 'old', 'peak']",we need old peak
Juli Anto,2,2025-10-01 11:47:42,"Gagal terhubung ke server terus,,apa masalahnya nih???","gagal terhubung ke server terus,,apa masalahnya nih???",gagal terhubung ke server terusapa masalahnya nih,"['gagal', 'terhubung', 'ke', 'server', 'terusapa', 'masalahnya', 'nih']","['gagal', 'terhubung', 'server', 'terusapa', 'masalahnya', 'nih']","['gagal', 'hubung', 'server', 'terusapa', 'masalah', 'nih']",gagal hubung server terusapa masalah nih
Delima Sonita,5,2025-10-01 11:42:21,sangat bagus inih permainan paling bagus,sangat bagus inih permainan paling bagus,sangat bagus inih permainan paling bagus,"['sangat', 'bagus', 'inih', 'permainan', 'paling', 'bagus']","['sangat', 'bagus', 'inih', 'permainan', 'paling', 'bagus']","['sangat', 'bagus', 'inih', 'main', 'paling', 'bagus']",sangat bagus inih main paling bagus
Muhammad Mamad,5,2025-10-01 11:34:20,garena tolong lah aku habis banyak uang untuk beli barang tidak berguna di masah depan tapi aku spin kok gk hoki hoki garena pliss perbaiki,garena tolong lah aku habis banyak uang untuk beli barang tidak berguna di masah depan tapi aku spin kok gk hoki hoki garena pliss perbaiki,garena tolong lah aku habis banyak uang untuk beli barang tidak berguna di masah depan tapi aku spin kok gk hoki hoki garena pliss perbaiki,"['garena', 'tolong', 'lah', 'aku', 'habis', 'banyak', 'uang', 'untuk', 'beli', 'barang', 'tidak', 'berguna', 'di', 'masah', 'depan', 'tapi', 'aku', 'spin', 'kok', 'gk', 'hoki', 'hoki', 'garena', 'pliss', 'perbaiki']","['garena', 'lah', 'aku', 'habis', 'banyak', 'uang', 'beli', 'barang', 'berguna', 'masah', 'depan', 'aku', 'spin', 'kok', 'gk', 'hoki', 'hoki', 'garena', 'pliss', 'perbaiki']","['garena', 'lah', 'aku', 'habis', 'banyak', 'uang', 'beli', 'barang', 'guna', 'masah', 'depan', 'aku', 'spin', 'kok', 'gk', 'hoki', 'hoki', 'garena', 'pliss', 'baik']",garena lah aku habis banyak uang beli barang guna masah depan aku spin kok gk hoki hoki garena pliss baik
Gopalmeena Gopalmeena,5,2025-10-01 11:32:33,gopal,gopal,gopal,['gopal'],['gopal'],['gopal'],gopal
raziq hanan,5,2025-10-01 11:29:38,gacorr,gacorr,gacorr,['gacorr'],['gacorr'],['gacorr'],gacorr
Exel Rafael,3,2025-10-01 11:29:13,"game nya sebenarnya seru TPI seruan ml, ff cocok nya di mainin pas puasa","game nya sebenarnya seru tpi seruan ml, ff cocok nya di mainin pas puasa",game nya sebenarnya seru tpi seruan ml ff cocok nya di mainin pas puasa,"['game', 'nya', 'sebenarnya', 'seru', 'tpi', 'seruan', 'ml', 'ff', 'cocok', 'nya', 'di', 'mainin', 'pas', 'puasa']","['game', 'nya', 'sebenarnya', 'seru', 'tpi', 'seruan', 'ml', 'ff', 'cocok', 'nya', 'mainin', 'pas', 'puasa']","['game', 'nya', 'benar', 'seru', 'tpi', 'seru', 'ml', 'ff', 'cocok', 'nya', 'mainin', 'pas', 'puasa']",game nya benar seru tpi seru ml ff cocok nya mainin pas puasa
Sudah Biasa,5,2025-10-01 11:25:46,yah,yah,yah,['yah'],['yah'],['yah'],yah
Alvin Rayyaan,5,2025-10-01 11:23:18,"semangat terus ff jangan menyerah saya dukung ff, ff di selalu di hati","semangat terus ff jangan menyerah saya dukung ff, ff di selalu di hati",semangat terus ff jangan menyerah saya dukung ff ff di selalu di hati,"['semangat', 'terus', 'ff', 'jangan', 'menyerah', 'saya', 'dukung', 'ff', 'ff', 'di', 'selalu', 'di', 'hati']","['semangat', 'terus', 'ff', 'jangan', 'menyerah', 'dukung', 'ff', 'ff', 'selalu', 'hati']","['semangat', 'terus', 'ff', 'jangan', 'serah', 'dukung', 'ff', 'ff', 'selalu', 'hati']",semangat terus ff jangan serah dukung ff ff selalu hati
Eduh Ghjj,1,2025-10-01 11:22:00,anj gua kesar kali tolong Garena sinyal yang padah bagus tapi 999+ kalo gini terus gua hapus ff,anj gua kesar kali tolong garena sinyal yang padah bagus tapi 999+ kalo gini terus gua hapus ff,anj gua kesar kali tolong garena sinyal yang padah bagus tapi kalo gini terus gua hapus ff,"['anj', 'gua', 'kesar', 'kali', 'tolong', 'garena', 'sinyal', 'yang', 'padah', 'bagus', 'tapi', 'kalo', 'gini', 'terus', 'gua', 'hapus', 'ff']","['anj', 'gua', 'kesar', 'kali', 'garena', 'sinyal', 'padah', 'bagus', 'kalo', 'gini', 'terus', 'gua', 'hapus', 'ff']","['anj', 'gua', 'sar', 'kali', 'garena', 'sinyal', 'padah', 'bagus', 'kalo', 'gin', 'terus', 'gua', 'hapus', 'ff']",anj gua sar kali garena sinyal padah bagus kalo gin terus gua hapus ff
Cece Lia,5,2025-10-01 11:18:37,mabarr bangg,mabarr bangg,mabarr bangg,"['mabarr', 'bangg']","['mabarr', 'bangg']","['mabarr', 'bangg']",mabarr bangg
Oppo Reno8t,5,2025-10-01 11:12:09,game ini seru dan membuat belajar menembak,game ini seru dan membuat belajar menembak,game ini seru dan membuat belajar menembak,"['game', 'ini', 'seru', 'dan', 'membuat', 'belajar', 'menembak']","['game', 'seru', 'membuat', 'belajar', 'menembak']","['game', 'seru', 'buat', 'ajar', 'tembak']",game seru buat ajar tembak
Radit Radit,4,2025-10-01 11:09:56,menurut saya game nya bagus tapi tolong Garena kenapa akun saya kena pelanggaran dan tulisan ada pemain yang sedang dalam proses investigasi padahal saya tidak cheat dan bug tolong di benarkan,menurut saya game nya bagus tapi tolong garena kenapa akun saya kena pelanggaran dan tulisan ada pemain yang sedang dalam proses investigasi padahal saya tidak cheat dan bug tolong di benarkan,menurut saya game nya bagus tapi tolong garena kenapa akun saya kena pelanggaran dan tulisan ada pemain yang sedang dalam proses investigasi padahal saya tidak cheat dan bug tolong di benarkan,"['menurut', 'saya', 'game', 'nya', 'bagus', 'tapi', 'tolong', 'garena', 'kenapa', 'akun', 'saya', 'kena', 'pelanggaran', 'dan', 'tulisan', 'ada', 'pemain', 'yang', 'sedang', 'dalam', 'proses', 'investigasi', 'padahal', 'saya', 'tidak', 'cheat', 'dan', 'bug', 'tolong', 'di', 'benarkan']","['game', 'nya', 'bagus', 'garena', 'akun', 'kena', 'pelanggaran', 'tulisan', 'pemain', 'sedang', 'proses', 'investigasi', 'padahal', 'cheat', 'bug', 'benarkan']","['game', 'nya', 'bagus', 'garena', 'akun', 'kena', 'langgar', 'tulis', 'main', 'sedang', 'proses', 'investigasi', 'padahal', 'cheat', 'bug', 'benar']",game nya bagus garena akun kena langgar tulis main sedang proses investigasi padahal cheat bug benar
Al Firdaus,5,2025-10-01 11:08:53,ff nya bagus banget update lagi biar tam ah Agus,ff nya bagus banget update lagi biar tam ah agus,ff nya bagus banget update lagi biar tam ah agus,"['ff', 'nya', 'bagus', 'banget', 'update', 'lagi', 'biar', 'tam', 'ah', 'agus']","['ff', 'nya', 'bagus', 'banget', 'update', 'biar', 'tam', 'ah', 'agus']","['ff', 'nya', 'bagus', 'banget', 'update', 'biar', 'tam', 'ah', 'agus']",ff nya bagus banget update biar tam ah agus
kidd napper,5,2025-10-01 11:07:53,FF selalu di hatiku,ff selalu di hatiku,ff selalu di hatiku,"['ff', 'selalu', 'di', 'hatiku']","['ff', 'selalu', 'hatiku']","['ff', 'selalu', 'hati']",ff selalu hati
Sandy Audom,1,2025-10-01 11:05:27,jaringan nya leg,jaringan nya leg,jaringan nya leg,"['jaringan', 'nya', 'leg']","['jaringan', 'nya', 'leg']","['jaring', 'nya', 'leg']",jaring nya leg
Cahya Khaliq,5,2025-10-01 11:03:32,permainan ini sangat menyenangkan dan sangat cocok untuk orang yang jomblo sepertiku,permainan ini sangat menyenangkan dan sangat cocok untuk orang yang jomblo sepertiku,permainan ini sangat menyenangkan dan sangat cocok untuk orang yang jomblo sepertiku,"['permainan', 'ini', 'sangat', 'menyenangkan', 'dan', 'sangat', 'cocok', 'untuk', 'orang', 'yang', 'jomblo', 'sepertiku']","['permainan', 'sangat', 'menyenangkan', 'sangat', 'cocok', 'orang', 'jomblo', 'sepertiku']","['main', 'sangat', 'senang', 'sangat', 'cocok', 'orang', 'jomblo', 'seperti']",main sangat senang sangat cocok orang jomblo seperti
Mutia,5,2025-10-01 11:03:08,sagat bagus,sagat bagus,sagat bagus,"['sagat', 'bagus']","['sagat', 'bagus']","['sagat', 'bagus']",sagat bagus
Hindun Hindasah,5,2025-10-01 11:02:29,B aj,b aj,b aj,"['b', 'aj']","['b', 'aj']","['b', 'aj']",b aj
valdz aja,2,2025-10-01 10:56:29,bug demeg benerin,bug demeg benerin,bug demeg benerin,"['bug', 'demeg', 'benerin']","['bug', 'demeg', 'benerin']","['bug', 'deg', 'benerin']",bug deg benerin
Fahmi,5,2025-10-01 10:52:13,gem nya sagat bagus tapi bisa kah top apin dm 😅tolong garena,gem nya sagat bagus tapi bisa kah top apin dm 😅tolong garena,gem nya sagat bagus tapi bisa kah top apin dm tolong garena,"['gem', 'nya', 'sagat', 'bagus', 'tapi', 'bisa', 'kah', 'top', 'apin', 'dm', 'tolong', 'garena']","['gem', 'nya', 'sagat', 'bagus', 'top', 'apin', 'dm', 'garena']","['gem', 'nya', 'sagat', 'bagus', 'top', 'apin', 'dm', 'garena']",gem nya sagat bagus top apin dm garena
Deri Deri,5,2025-10-01 10:51:39,mantap!!🫶,mantap!!🫶,mantap,['mantap'],['mantap'],['mantap'],mantap
Telaso Peler,1,2025-10-01 10:50:17,burik,burik,burik,['burik'],['burik'],['burik'],burik
Daren,5,2025-10-01 10:48:46,sangat baik semoga dapet hadiah ya,sangat baik semoga dapet hadiah ya,sangat baik semoga dapet hadiah ya,"['sangat', 'baik', 'semoga', 'dapet', 'hadiah', 'ya']","['sangat', 'baik', 'semoga', 'dapet', 'hadiah']","['sangat', 'baik', 'moga', 'dapet', 'hadiah']",sangat baik moga dapet hadiah
Halija Halija995,4,2025-10-01 10:47:24,"sayaa kasih bintang 4 karnaaa sekrang selalu susah untuk login, padahal jaringan BAgusss, tolong pihak FF di perbaiki masalah login kami inii🙏","sayaa kasih bintang 4 karnaaa sekrang selalu susah untuk login, padahal jaringan bagusss, tolong pihak ff di perbaiki masalah login kami inii🙏",sayaa kasih bintang karnaaa sekrang selalu susah untuk login padahal jaringan bagusss tolong pihak ff di perbaiki masalah login kami inii,"['sayaa', 'kasih', 'bintang', 'karnaaa', 'sekrang', 'selalu', 'susah', 'untuk', 'login', 'padahal', 'jaringan', 'bagusss', 'tolong', 'pihak', 'ff', 'di', 'perbaiki', 'masalah', 'login', 'kami', 'inii']","['sayaa', 'kasih', 'bintang', 'karnaaa', 'sekrang', 'selalu', 'susah', 'login', 'padahal', 'jaringan', 'bagusss', 'pihak', 'ff', 'perbaiki', 'masalah', 'login', 'inii']","['sayaa', 'kasih', 'bintang', 'karnaaa', 'sekrang', 'selalu', 'susah', 'login', 'padahal', 'jaring', 'bagusss', 'pihak', 'ff', 'baik', 'masalah', 'login', 'ini']",sayaa kasih bintang karnaaa sekrang selalu susah login padahal jaring bagusss pihak ff baik masalah login ini
Osep Hermawan,5,2025-10-01 10:36:06,boleh..,boleh..,boleh,['boleh'],[],[],
Peri Yana,3,2025-10-01 10:35:51,booyah pass makin jelek,booyah pass makin jelek,booyah pass makin jelek,"['booyah', 'pass', 'makin', 'jelek']","['booyah', 'pass', 'makin', 'jelek']","['booyah', 'pass', 'makin', 'jelek']",booyah pass makin jelek
fatmawati,1,2025-10-01 10:31:49,tolong lah game nya di perbaiki udah banyak bug kalau banyak bug jangan pelit juga lah masa kita udah nyepin berkali-kali gak dapat tolong di perbaiki ya 🙏🙏,tolong lah game nya di perbaiki udah banyak bug kalau banyak bug jangan pelit juga lah masa kita udah nyepin berkali-kali gak dapat tolong di perbaiki ya 🙏🙏,tolong lah game nya di perbaiki udah banyak bug kalau banyak bug jangan pelit juga lah masa kita udah nyepin berkalikali gak dapat tolong di perbaiki ya,"['tolong', 'lah', 'game', 'nya', 'di', 'perbaiki', 'udah', 'banyak', 'bug', 'kalau', 'banyak', 'bug', 'jangan', 'pelit', 'juga', 'lah', 'masa', 'kita', 'udah', 'nyepin', 'berkalikali', 'gak', 'dapat', 'tolong', 'di', 'perbaiki', 'ya']","['lah', 'game', 'nya', 'perbaiki', 'udah', 'banyak', 'bug', 'kalau', 'banyak', 'bug', 'jangan', 'pelit', 'lah', 'masa', 'udah', 'nyepin', 'berkalikali', 'gak', 'perbaiki']","['lah', 'game', 'nya', 'baik', 'udah', 'banyak', 'bug', 'kalau', 'banyak', 'bug', 'jangan', 'pelit', 'lah', 'masa', 'udah', 'nyepin', 'berkalikali', 'gak', 'baik']",lah game nya baik udah banyak bug kalau banyak bug jangan pelit lah masa udah nyepin berkalikali gak baik
Reyzta,5,2025-10-01 10:31:41,bagus,bagus,bagus,['bagus'],['bagus'],['bagus'],bagus
Alfian Rohali,4,2025-10-01 10:31:23,"aku kasih bintang 4 karena, kan aku login tiba tiba muncul tulisan starting,nah kukira itu update,kan aku tunggu lama banget gak bisa bisa, tolong perbaiki","aku kasih bintang 4 karena, kan aku login tiba tiba muncul tulisan starting,nah kukira itu update,kan aku tunggu lama banget gak bisa bisa, tolong perbaiki",aku kasih bintang karena kan aku login tiba tiba muncul tulisan startingnah kukira itu updatekan aku tunggu lama banget gak bisa bisa tolong perbaiki,"['aku', 'kasih', 'bintang', 'karena', 'kan', 'aku', 'login', 'tiba', 'tiba', 'muncul', 'tulisan', 'startingnah', 'kukira', 'itu', 'updatekan', 'aku', 'tunggu', 'lama', 'banget', 'gak', 'bisa', 'bisa', 'tolong', 'perbaiki']","['aku', 'kasih', 'bintang', 'kan', 'aku', 'login', 'tiba', 'tiba', 'muncul', 'tulisan', 'startingnah', 'kukira', 'updatekan', 'aku', 'tunggu', 'lama', 'banget', 'gak', 'perbaiki']","['aku', 'kasih', 'bintang', 'kan', 'aku', 'login', 'tiba', 'tiba', 'muncul', 'tulis', 'startingnah', 'kira', 'updatekan', 'aku', 'tunggu', 'lama', 'banget', 'gak', 'baik']",aku kasih bintang kan aku login tiba tiba muncul tulis startingnah kira updatekan aku tunggu lama banget gak baik
Dwi Retno,1,2025-10-01 10:30:07,bot semua tim gua,bot semua tim gua,bot semua tim gua,"['bot', 'semua', 'tim', 'gua']","['bot', 'semua', 'tim', 'gua']","['bot', 'semua', 'tim', 'gua']",bot semua tim gua
Glows Stone,1,2025-10-01 10:27:58,bug damage ga pernah di fix,bug damage ga pernah di fix,bug damage ga pernah di fix,"['bug', 'damage', 'ga', 'pernah', 'di', 'fix']","['bug', 'damage', 'ga', 'pernah', 'fix']","['bug', 'damage', 'ga', 'pernah', 'fix']",bug damage ga pernah fix
Rizky Aditia,3,2025-10-01 10:25:39,"kenapa aku kasi bintang tiga karena ada lag,tapi pas aku main malah ngeleg terus keluar","kenapa aku kasi bintang tiga karena ada lag,tapi pas aku main malah ngeleg terus keluar",kenapa aku kasi bintang tiga karena ada lagtapi pas aku main malah ngeleg terus keluar,"['kenapa', 'aku', 'kasi', 'bintang', 'tiga', 'karena', 'ada', 'lagtapi', 'pas', 'aku', 'main', 'malah', 'ngeleg', 'terus', 'keluar']","['aku', 'kasi', 'bintang', 'tiga', 'lagtapi', 'pas', 'aku', 'main', 'malah', 'ngeleg', 'terus', 'keluar']","['aku', 'kasi', 'bintang', 'tiga', 'lagtapi', 'pas', 'aku', 'main', 'malah', 'ngeleg', 'terus', 'keluar']",aku kasi bintang tiga lagtapi pas aku main malah ngeleg terus keluar
Gio Fidel Lamasigi,5,2025-10-01 10:22:36,game ini sangat bagus,game ini sangat bagus,game ini sangat bagus,"['game', 'ini', 'sangat', 'bagus']","['game', 'sangat', 'bagus']","['game', 'sangat', 'bagus']",game sangat bagus
Rafka Ardiansyah,5,2025-10-01 10:18:44,gem bangsat garena bangsat,gem bangsat garena bangsat,gem bangsat garena bangsat,"['gem', 'bangsat', 'garena', 'bangsat']","['gem', 'bangsat', 'garena', 'bangsat']","['gem', 'bangsat', 'garena', 'bangsat']",gem bangsat garena bangsat
Yopi Zaenal,5,2025-10-01 10:16:37,kowk,kowk,kowk,['kowk'],['kowk'],['kowk'],kowk
Reza Sugito,1,2025-10-01 10:15:48,game kikir patut dikasih bintang 1 🤮,game kikir patut dikasih bintang 1 🤮,game kikir patut dikasih bintang,"['game', 'kikir', 'patut', 'dikasih', 'bintang']","['game', 'kikir', 'patut', 'dikasih', 'bintang']","['game', 'kikir', 'patut', 'kasih', 'bintang']",game kikir patut kasih bintang
M ibnu Ataditya,5,2025-10-01 10:13:39,mungkinkah sekarang?😞,mungkinkah sekarang?😞,mungkinkah sekarang,"['mungkinkah', 'sekarang']","['mungkinkah', 'sekarang']","['mungkin', 'sekarang']",mungkin sekarang
Bocah tolol,1,2025-10-01 10:09:15,gem nya gk enak banyak beban di manamana garena mati aamiin,gem nya gk enak banyak beban di manamana garena mati aamiin,gem nya gk enak banyak beban di manamana garena mati aamiin,"['gem', 'nya', 'gk', 'enak', 'banyak', 'beban', 'di', 'manamana', 'garena', 'mati', 'aamiin']","['gem', 'nya', 'gk', 'enak', 'banyak', 'beban', 'manamana', 'garena', 'mati', 'aamiin']","['gem', 'nya', 'gk', 'enak', 'banyak', 'beban', 'manamana', 'garena', 'mati', 'aamiin']",gem nya gk enak banyak beban manamana garena mati aamiin
Rifki Adiya wardana,1,2025-10-01 10:08:38,ga ada pintu,ga ada pintu,ga ada pintu,"['ga', 'ada', 'pintu']","['ga', 'pintu']","['ga', 'pintu']",ga pintu
Opkevin Situmorang,5,2025-10-01 10:07:03,saya suka banget main ff,saya suka banget main ff,saya suka banget main ff,"['saya', 'suka', 'banget', 'main', 'ff']","['suka', 'banget', 'main', 'ff']","['suka', 'banget', 'main', 'ff']",suka banget main ff
Dani Wiyono,3,2025-10-01 10:03:12,"ga bisa berkata"" cari uang susah","ga bisa berkata"" cari uang susah",ga bisa berkata cari uang susah,"['ga', 'bisa', 'berkata', 'cari', 'uang', 'susah']","['ga', 'berkata', 'cari', 'uang', 'susah']","['ga', 'kata', 'cari', 'uang', 'susah']",ga kata cari uang susah
Wingga,5,2025-10-01 09:56:21,game ini sangat seru!,game ini sangat seru!,game ini sangat seru,"['game', 'ini', 'sangat', 'seru']","['game', 'sangat', 'seru']","['game', 'sangat', 'seru']",game sangat seru
Miftahul Anam,5,2025-10-01 09:55:15,min dm donk garena,min dm donk garena,min dm donk garena,"['min', 'dm', 'donk', 'garena']","['min', 'dm', 'donk', 'garena']","['min', 'dm', 'donk', 'garena']",min dm donk garena
namzz gcr,1,2025-10-01 09:48:52,game cacat langka lawang game burik,game cacat langka lawang game burik,game cacat langka lawang game burik,"['game', 'cacat', 'langka', 'lawang', 'game', 'burik']","['game', 'cacat', 'langka', 'lawang', 'game', 'burik']","['game', 'cacat', 'langka', 'lawang', 'game', 'burik']",game cacat langka lawang game burik
Sri Sukaesih,4,2025-10-01 09:44:59,pilss ini kenapa ya game ini tuh bagus cumann.. kalo main jaringan nya tuh jelek tapi kalo main yg lain bagus itu kenapa ya padahal saya sudah rank heroik... tapi suka bgt nge lag padahal jaringan saya bagus..?,pilss ini kenapa ya game ini tuh bagus cumann.. kalo main jaringan nya tuh jelek tapi kalo main yg lain bagus itu kenapa ya padahal saya sudah rank heroik... tapi suka bgt nge lag padahal jaringan saya bagus..?,pilss ini kenapa ya game ini tuh bagus cumann kalo main jaringan nya tuh jelek tapi kalo main yg lain bagus itu kenapa ya padahal saya sudah rank heroik tapi suka bgt nge lag padahal jaringan saya bagus,"['pilss', 'ini', 'kenapa', 'ya', 'game', 'ini', 'tuh', 'bagus', 'cumann', 'kalo', 'main', 'jaringan', 'nya', 'tuh', 'jelek', 'tapi', 'kalo', 'main', 'yg', 'lain', 'bagus', 'itu', 'kenapa', 'ya', 'padahal', 'saya', 'sudah', 'rank', 'heroik', 'tapi', 'suka', 'bgt', 'nge', 'lag', 'padahal', 'jaringan', 'saya', 'bagus']","['pilss', 'game', 'tuh', 'bagus', 'cumann', 'kalo', 'main', 'jaringan', 'nya', 'tuh', 'jelek', 'kalo', 'main', 'yg', 'bagus', 'padahal', 'rank', 'heroik', 'suka', 'bgt', 'nge', 'lag', 'padahal', 'jaringan', 'bagus']","['pilss', 'game', 'tuh', 'bagus', 'cumann', 'kalo', 'main', 'jaring', 'nya', 'tuh', 'jelek', 'kalo', 'main', 'yg', 'bagus', 'padahal', 'rank', 'heroik', 'suka', 'bgt', 'nge', 'lag', 'padahal', 'jaring', 'bagus']",pilss game tuh bagus cumann kalo main jaring nya tuh jelek kalo main yg bagus padahal rank heroik suka bgt nge lag padahal jaring bagus
Kenzo Pradana,5,2025-10-01 09:39:23,kirim dm donk garena pliss,kirim dm donk garena pliss,kirim dm donk garena pliss,"['kirim', 'dm', 'donk', 'garena', 'pliss']","['kirim', 'dm', 'donk', 'garena', 'pliss']","['kirim', 'dm', 'donk', 'garena', 'pliss']",kirim dm donk garena pliss
M.Naufal Saefi Multazam,5,2025-10-01 09:35:46,bewan sini kau,bewan sini kau,bewan sini kau,"['bewan', 'sini', 'kau']","['bewan', 'sini', 'kau']","['bewan', 'sini', 'kau']",bewan sini kau
Olivia Barek Blikon,5,2025-10-01 09:32:36,sangat bagus,sangat bagus,sangat bagus,"['sangat', 'bagus']","['sangat', 'bagus']","['sangat', 'bagus']",sangat bagus
Danil Sanjaya,5,2025-10-01 09:32:05,game nya sangat menyenangkan,game nya sangat menyenangkan,game nya sangat menyenangkan,"['game', 'nya', 'sangat', 'menyenangkan']","['game', 'nya', 'sangat', 'menyenangkan']","['game', 'nya', 'sangat', 'senang']",game nya sangat senang
Muhammad. Andika Muhammad. andika,5,2025-10-01 09:31:44,epep aku sudah jadi bintang' aku cuma bisa bantu kayak gini nih kalo ada yang berat dan tidak janan gitu lah yang berat,epep aku sudah jadi bintang' aku cuma bisa bantu kayak gini nih kalo ada yang berat dan tidak janan gitu lah yang berat,epep aku sudah jadi bintang aku cuma bisa bantu kayak gini nih kalo ada yang berat dan tidak janan gitu lah yang berat,"['epep', 'aku', 'sudah', 'jadi', 'bintang', 'aku', 'cuma', 'bisa', 'bantu', 'kayak', 'gini', 'nih', 'kalo', 'ada', 'yang', 'berat', 'dan', 'tidak', 'janan', 'gitu', 'lah', 'yang', 'berat']","['epep', 'aku', 'jadi', 'bintang', 'aku', 'cuma', 'bantu', 'kayak', 'gini', 'nih', 'kalo', 'berat', 'janan', 'gitu', 'lah', 'berat']","['epep', 'aku', 'jadi', 'bintang', 'aku', 'cuma', 'bantu', 'kayak', 'gin', 'nih', 'kalo', 'berat', 'janan', 'gitu', 'lah', 'berat']",epep aku jadi bintang aku cuma bantu kayak gin nih kalo berat janan gitu lah berat
Rahcel Ganteng1232,5,2025-10-01 09:22:08,sangat seruuu,sangat seruuu,sangat seruuu,"['sangat', 'seruuu']","['sangat', 'seruuu']","['sangat', 'seruuu']",sangat seruuu
Fiqri Algvr,5,2025-10-01 09:17:25,sangat seru,sangat seru,sangat seru,"['sangat', 'seru']","['sangat', 'seru']","['sangat', 'seru']",sangat seru
Fahri Aliansyah,5,2025-10-01 09:15:09,DM gratit,dm gratit,dm gratit,"['dm', 'gratit']","['dm', 'gratit']","['dm', 'gratit']",dm gratit
Umam 01,5,2025-10-01 09:14:13,gemya sangat keren tolong kasi aku kehokian,gemya sangat keren tolong kasi aku kehokian,gemya sangat keren tolong kasi aku kehokian,"['gemya', 'sangat', 'keren', 'tolong', 'kasi', 'aku', 'kehokian']","['gemya', 'sangat', 'keren', 'kasi', 'aku', 'kehokian']","['gemya', 'sangat', 'keren', 'kasi', 'aku', 'hoki']",gemya sangat keren kasi aku hoki
Mirza Ukail,5,2025-10-01 09:09:18,bagus,bagus,bagus,['bagus'],['bagus'],['bagus'],bagus
Keeptinatun,5,2025-10-01 09:04:47,mantap,mantap,mantap,['mantap'],['mantap'],['mantap'],mantap
zikRiinsomnia,5,2025-10-01 08:55:21,mantap,mantap,mantap,['mantap'],['mantap'],['mantap'],mantap
Dayan dayan,4,2025-10-01 08:53:02,saya suka gemes nya karena,saya suka gemes nya karena,saya suka gemes nya karena,"['saya', 'suka', 'gemes', 'nya', 'karena']","['suka', 'gemes', 'nya']","['suka', 'gemes', 'nya']",suka gemes nya
Irfan Yusran,5,2025-10-01 08:52:59,game ini burik,game ini burik,game ini burik,"['game', 'ini', 'burik']","['game', 'burik']","['game', 'burik']",game burik
Ardiansah Ardi,5,2025-10-01 08:51:16,ok,ok,ok,['ok'],[],[],
Tarjo Kdi,5,2025-10-01 08:48:54,ini sangat cocok untuk kesedihan,ini sangat cocok untuk kesedihan,ini sangat cocok untuk kesedihan,"['ini', 'sangat', 'cocok', 'untuk', 'kesedihan']","['sangat', 'cocok', 'kesedihan']","['sangat', 'cocok', 'sedih']",sangat cocok sedih
Murni Yati,2,2025-10-01 08:46:13,game Burik,game burik,game burik,"['game', 'burik']","['game', 'burik']","['game', 'burik']",game burik
Ida Nur faizah,5,2025-10-01 08:45:11,game ni sangat seru sekali,game ni sangat seru sekali,game ni sangat seru sekali,"['game', 'ni', 'sangat', 'seru', 'sekali']","['game', 'ni', 'sangat', 'seru', 'sekali']","['game', 'ni', 'sangat', 'seru', 'sekali']",game ni sangat seru sekali
achnoval68,1,2025-10-01 08:44:49,bg budi akunnya di blacklist oleh garena jadi aku kasih app ff bintang 1,bg budi akunnya di blacklist oleh garena jadi aku kasih app ff bintang 1,bg budi akunnya di blacklist oleh garena jadi aku kasih app ff bintang,"['bg', 'budi', 'akunnya', 'di', 'blacklist', 'oleh', 'garena', 'jadi', 'aku', 'kasih', 'app', 'ff', 'bintang']","['bg', 'budi', 'akunnya', 'blacklist', 'garena', 'jadi', 'aku', 'kasih', 'app', 'ff', 'bintang']","['bg', 'budi', 'akun', 'blacklist', 'garena', 'jadi', 'aku', 'kasih', 'app', 'ff', 'bintang']",bg budi akun blacklist garena jadi aku kasih app ff bintang
Prastyo Handoko,5,2025-10-01 08:40:44,gamenya bagus ff di hati,gamenya bagus ff di hati,gamenya bagus ff di hati,"['gamenya', 'bagus', 'ff', 'di', 'hati']","['gamenya', 'bagus', 'ff', 'hati']","['gamenya', 'bagus', 'ff', 'hati']",gamenya bagus ff hati
Ari Prayoga,1,2025-10-01 08:34:49,"burikkkk mau main malah kena band, bg budi aja habis main bs aja gak bisa main buriik","burikkkk mau main malah kena band, bg budi aja habis main bs aja gak bisa main buriik",burikkkk mau main malah kena band bg budi aja habis main bs aja gak bisa main buriik,"['burikkkk', 'mau', 'main', 'malah', 'kena', 'band', 'bg', 'budi', 'aja', 'habis', 'main', 'bs', 'aja', 'gak', 'bisa', 'main', 'buriik']","['burikkkk', 'mau', 'main', 'malah', 'kena', 'band', 'bg', 'budi', 'aja', 'habis', 'main', 'bs', 'aja', 'gak', 'main', 'buriik']","['burikkkk', 'mau', 'main', 'malah', 'kena', 'band', 'bg', 'budi', 'aja', 'habis', 'main', 'bs', 'aja', 'gak', 'main', 'buriik']",burikkkk mau main malah kena band bg budi aja habis main bs aja gak main buriik
Rizqi Oke,1,2025-10-01 08:31:50,game kikir😹😹😹,game kikir😹😹😹,game kikir,"['game', 'kikir']","['game', 'kikir']","['game', 'kikir']",game kikir
Nella Nola,5,2025-10-01 08:29:55,Klo di sosial islad banyakkin cowo nya napa!!,klo di sosial islad banyakkin cowo nya napa!!,klo di sosial islad banyakkin cowo nya napa,"['klo', 'di', 'sosial', 'islad', 'banyakkin', 'cowo', 'nya', 'napa']","['klo', 'sosial', 'islad', 'banyakkin', 'cowo', 'nya', 'napa']","['klo', 'sosial', 'islad', 'banyakkin', 'cowo', 'nya', 'napa']",klo sosial islad banyakkin cowo nya napa
HS buluk,5,2025-10-01 08:18:25,saya di kasih hoki sama free fire and Garena jadi saya bintang 5,saya di kasih hoki sama free fire and garena jadi saya bintang 5,saya di kasih hoki sama free fire and garena jadi saya bintang,"['saya', 'di', 'kasih', 'hoki', 'sama', 'free', 'fire', 'and', 'garena', 'jadi', 'saya', 'bintang']","['kasih', 'hoki', 'sama', 'free', 'fire', 'and', 'garena', 'jadi', 'bintang']","['kasih', 'hoki', 'sama', 'free', 'fire', 'and', 'garena', 'jadi', 'bintang']",kasih hoki sama free fire and garena jadi bintang
Rafi Anwar,5,2025-10-01 08:12:33,senang game nya sangat menyenangkan,senang game nya sangat menyenangkan,senang game nya sangat menyenangkan,"['senang', 'game', 'nya', 'sangat', 'menyenangkan']","['senang', 'game', 'nya', 'sangat', 'menyenangkan']","['senang', 'game', 'nya', 'sangat', 'senang']",senang game nya sangat senang
Arya renata,1,2025-10-01 08:08:59,min. kenapa Saya pakai wifi sinyal ya leg banget ya. padahal saya main game lain baik baik aja tolong ya min. di benerin,min. kenapa saya pakai wifi sinyal ya leg banget ya. padahal saya main game lain baik baik aja tolong ya min. di benerin,min kenapa saya pakai wifi sinyal ya leg banget ya padahal saya main game lain baik baik aja tolong ya min di benerin,"['min', 'kenapa', 'saya', 'pakai', 'wifi', 'sinyal', 'ya', 'leg', 'banget', 'ya', 'padahal', 'saya', 'main', 'game', 'lain', 'baik', 'baik', 'aja', 'tolong', 'ya', 'min', 'di', 'benerin']","['min', 'pakai', 'wifi', 'sinyal', 'leg', 'banget', 'padahal', 'main', 'game', 'baik', 'baik', 'aja', 'min', 'benerin']","['min', 'pakai', 'wifi', 'sinyal', 'leg', 'banget', 'padahal', 'main', 'game', 'baik', 'baik', 'aja', 'min', 'benerin']",min pakai wifi sinyal leg banget padahal main game baik baik aja min benerin
Gus Tomi,1,2025-10-01 08:00:57,gw beli spesial aidrop belum masuk Cok dm nya,gw beli spesial aidrop belum masuk cok dm nya,gw beli spesial aidrop belum masuk cok dm nya,"['gw', 'beli', 'spesial', 'aidrop', 'belum', 'masuk', 'cok', 'dm', 'nya']","['gw', 'beli', 'spesial', 'aidrop', 'masuk', 'cok', 'dm', 'nya']","['gw', 'beli', 'spesial', 'aidrop', 'masuk', 'cok', 'dm', 'nya']",gw beli spesial aidrop masuk cok dm nya
Dian Ganteng08,1,2025-10-01 07:56:38,jujur gw sebagai panutan budi01 kecewa sama Garena kenapa di ben gua gak bakal main. ff lagi kecewa Poko nya,jujur gw sebagai panutan budi01 kecewa sama garena kenapa di ben gua gak bakal main. ff lagi kecewa poko nya,jujur gw sebagai panutan budi kecewa sama garena kenapa di ben gua gak bakal main ff lagi kecewa poko nya,"['jujur', 'gw', 'sebagai', 'panutan', 'budi', 'kecewa', 'sama', 'garena', 'kenapa', 'di', 'ben', 'gua', 'gak', 'bakal', 'main', 'ff', 'lagi', 'kecewa', 'poko', 'nya']","['jujur', 'gw', 'panutan', 'budi', 'kecewa', 'sama', 'garena', 'ben', 'gua', 'gak', 'bakal', 'main', 'ff', 'kecewa', 'poko', 'nya']","['jujur', 'gw', 'panutan', 'budi', 'kecewa', 'sama', 'garena', 'ben', 'gua', 'gak', 'bakal', 'main', 'ff', 'kecewa', 'poko', 'nya']",jujur gw panutan budi kecewa sama garena ben gua gak bakal main ff kecewa poko nya
Baharudin132,5,2025-10-01 07:52:57,game yg sangat seru dan menyenangkan dan selalu menemani saya,game yg sangat seru dan menyenangkan dan selalu menemani saya,game yg sangat seru dan menyenangkan dan selalu menemani saya,"['game', 'yg', 'sangat', 'seru', 'dan', 'menyenangkan', 'dan', 'selalu', 'menemani', 'saya']","['game', 'yg', 'sangat', 'seru', 'menyenangkan', 'selalu', 'menemani']","['game', 'yg', 'sangat', 'seru', 'senang', 'selalu', 'tani']",game yg sangat seru senang selalu tani
Rezkyy Celekk19,4,2025-10-01 07:49:01,lumanya tapi jaringan nyaa kayak eee,lumanya tapi jaringan nyaa kayak eee,lumanya tapi jaringan nyaa kayak eee,"['lumanya', 'tapi', 'jaringan', 'nyaa', 'kayak', 'eee']","['lumanya', 'jaringan', 'nyaa', 'kayak', 'eee']","['lumanya', 'jaring', 'nyaa', 'kayak', 'eee']",lumanya jaring nyaa kayak eee
Restu Dwi,5,2025-10-01 07:46:39,akhirnya ada game sejelek ini love buat semua bug di dalam game nya,akhirnya ada game sejelek ini love buat semua bug di dalam game nya,akhirnya ada game sejelek ini love buat semua bug di dalam game nya,"['akhirnya', 'ada', 'game', 'sejelek', 'ini', 'love', 'buat', 'semua', 'bug', 'di', 'dalam', 'game', 'nya']","['akhirnya', 'game', 'sejelek', 'love', 'buat', 'semua', 'bug', 'game', 'nya']","['akhir', 'game', 'jelek', 'love', 'buat', 'semua', 'bug', 'game', 'nya']",akhir game jelek love buat semua bug game nya
Dimas Restu,5,2025-10-01 07:34:13,seruuu,seruuu,seruuu,['seruuu'],['seruuu'],['seruuu'],seruuu
Munaji Cik,5,2025-10-01 07:30:36,rawwwwrrrrrrrr,rawwwwrrrrrrrr,rawwwwrrrrrrrr,['rawwwwrrrrrrrr'],['rawwwwrrrrrrrr'],['rawwwwrrrrrrrr'],rawwwwrrrrrrrr
Fasyen Kumolontang,1,2025-10-01 07:30:31,ini game babi kudacuki pendo jaringan lancar tibah² langsung pergi loby game babi,ini game babi kudacuki pendo jaringan lancar tibah² langsung pergi loby game babi,ini game babi kudacuki pendo jaringan lancar tibah langsung pergi loby game babi,"['ini', 'game', 'babi', 'kudacuki', 'pendo', 'jaringan', 'lancar', 'tibah', 'langsung', 'pergi', 'loby', 'game', 'babi']","['game', 'babi', 'kudacuki', 'pendo', 'jaringan', 'lancar', 'tibah', 'langsung', 'pergi', 'loby', 'game', 'babi']","['game', 'babi', 'kudacuki', 'pendo', 'jaring', 'lancar', 'tibah', 'langsung', 'pergi', 'loby', 'game', 'babi']",game babi kudacuki pendo jaring lancar tibah langsung pergi loby game babi
Dimasramayana Y,5,2025-10-01 07:25:16,game ini sangat bagus👍,game ini sangat bagus👍,game ini sangat bagus,"['game', 'ini', 'sangat', 'bagus']","['game', 'sangat', 'bagus']","['game', 'sangat', 'bagus']",game sangat bagus
Mas Aziz,1,2025-10-01 07:24:39,dahlah gem ini sudah sepi tampa budi 01geming gemes ini terasa kosong hampa ayolah beri bang budi 01geming kesmpatan lagi masa dia ngonten selain garena FRIFAER gaboleh alay banget sumpah kasihan panutan panutan bang budi 01geming salam dari panutan budi geming,dahlah gem ini sudah sepi tampa budi 01geming gemes ini terasa kosong hampa ayolah beri bang budi 01geming kesmpatan lagi masa dia ngonten selain garena frifaer gaboleh alay banget sumpah kasihan panutan panutan bang budi 01geming salam dari panutan budi geming,dahlah gem ini sudah sepi tampa budi geming gemes ini terasa kosong hampa ayolah beri bang budi geming kesmpatan lagi masa dia ngonten selain garena frifaer gaboleh alay banget sumpah kasihan panutan panutan bang budi geming salam dari panutan budi geming,"['dahlah', 'gem', 'ini', 'sudah', 'sepi', 'tampa', 'budi', 'geming', 'gemes', 'ini', 'terasa', 'kosong', 'hampa', 'ayolah', 'beri', 'bang', 'budi', 'geming', 'kesmpatan', 'lagi', 'masa', 'dia', 'ngonten', 'selain', 'garena', 'frifaer', 'gaboleh', 'alay', 'banget', 'sumpah', 'kasihan', 'panutan', 'panutan', 'bang', 'budi', 'geming', 'salam', 'dari', 'panutan', 'budi', 'geming']","['dahlah', 'gem', 'sepi', 'tampa', 'budi', 'geming', 'gemes', 'terasa', 'kosong', 'hampa', 'ayolah', 'beri', 'bang', 'budi', 'geming', 'kesmpatan', 'masa', 'ngonten', 'garena', 'frifaer', 'gaboleh', 'alay', 'banget', 'sumpah', 'kasihan', 'panutan', 'panutan', 'bang', 'budi', 'geming', 'salam', 'panutan', 'budi', 'geming']","['dah', 'gem', 'sepi', 'tampa', 'budi', 'geming', 'gemes', 'asa', 'kosong', 'hampa', 'ayo', 'beri', 'bang', 'budi', 'geming', 'kesmpatan', 'masa', 'ngonten', 'garena', 'frifaer', 'gaboleh', 'alay', 'banget', 'sumpah', 'kasihan', 'panutan', 'panutan', 'bang', 'budi', 'geming', 'salam', 'panutan', 'budi', 'geming']",dah gem sepi tampa budi geming gemes asa kosong hampa ayo beri bang budi geming kesmpatan masa ngonten garena frifaer gaboleh alay banget sumpah kasihan panutan panutan bang budi geming salam panutan budi geming
Fathan Mubin,5,2025-10-01 07:19:41,"enak, tapi mohon semua bandel gratis 😅😅😅","enak, tapi mohon semua bandel gratis 😅😅😅",enak tapi mohon semua bandel gratis,"['enak', 'tapi', 'mohon', 'semua', 'bandel', 'gratis']","['enak', 'mohon', 'semua', 'bandel', 'gratis']","['enak', 'mohon', 'semua', 'bandel', 'gratis']",enak mohon semua bandel gratis
Restu Ramadhan,5,2025-10-01 07:16:59,aku suka sekali dengan gembini 👍👍👍👍👍👍👍👍👍😍,aku suka sekali dengan gembini 👍👍👍👍👍👍👍👍👍😍,aku suka sekali dengan gembini,"['aku', 'suka', 'sekali', 'dengan', 'gembini']","['aku', 'suka', 'sekali', 'gembini']","['aku', 'suka', 'sekali', 'gembini']",aku suka sekali gembini
Edi Susanto,5,2025-10-01 07:03:58,bagus,bagus,bagus,['bagus'],['bagus'],['bagus'],bagus
farija fatimah,1,2025-10-01 07:03:39,sangat tidak seru,sangat tidak seru,sangat tidak seru,"['sangat', 'tidak', 'seru']","['sangat', 'seru']","['sangat', 'seru']",sangat seru
Paijo Ning,5,2025-10-01 06:52:10,terimakasih untuk gem ini garena kalo gak ada gem ini gua akan gembira kayak ini terimakasih,terimakasih untuk gem ini garena kalo gak ada gem ini gua akan gembira kayak ini terimakasih,terimakasih untuk gem ini garena kalo gak ada gem ini gua akan gembira kayak ini terimakasih,"['terimakasih', 'untuk', 'gem', 'ini', 'garena', 'kalo', 'gak', 'ada', 'gem', 'ini', 'gua', 'akan', 'gembira', 'kayak', 'ini', 'terimakasih']","['terimakasih', 'gem', 'garena', 'kalo', 'gak', 'gem', 'gua', 'gembira', 'kayak', 'terimakasih']","['terimakasih', 'gem', 'garena', 'kalo', 'gak', 'gem', 'gua', 'gembira', 'kayak', 'terimakasih']",terimakasih gem garena kalo gak gem gua gembira kayak terimakasih
Rizkal Hafidurrahman,1,2025-10-01 06:45:25,taik lah akun gw kena bl padahal gk ngpa²in,taik lah akun gw kena bl padahal gk ngpa²in,taik lah akun gw kena bl padahal gk ngpain,"['taik', 'lah', 'akun', 'gw', 'kena', 'bl', 'padahal', 'gk', 'ngpain']","['taik', 'lah', 'akun', 'gw', 'kena', 'bl', 'padahal', 'gk', 'ngpain']","['taik', 'lah', 'akun', 'gw', 'kena', 'bl', 'padahal', 'gk', 'ngpain']",taik lah akun gw kena bl padahal gk ngpain
sdnpengampon 3,5,2025-10-01 06:41:05,mantap,mantap,mantap,['mantap'],['mantap'],['mantap'],mantap
Nazril Ilham,1,2025-10-01 06:40:32,game kikit,game kikit,game kikit,"['game', 'kikit']","['game', 'kikit']","['game', 'kikit']",game kikit
Suriani Harahap,5,2025-10-01 06:39:58,seru aku nanti mau jadi tni karna bisa tembak tembak di ef ef,seru aku nanti mau jadi tni karna bisa tembak tembak di ef ef,seru aku nanti mau jadi tni karna bisa tembak tembak di ef ef,"['seru', 'aku', 'nanti', 'mau', 'jadi', 'tni', 'karna', 'bisa', 'tembak', 'tembak', 'di', 'ef', 'ef']","['seru', 'aku', 'mau', 'jadi', 'tni', 'karna', 'tembak', 'tembak', 'ef', 'ef']","['seru', 'aku', 'mau', 'jadi', 'tni', 'karna', 'tembak', 'tembak', 'ef', 'ef']",seru aku mau jadi tni karna tembak tembak ef ef
Prdy Perdi,2,2025-10-01 06:32:55,gema kontll burikk,gema kontll burikk,gema kontll burikk,"['gema', 'kontll', 'burikk']","['gema', 'kontll', 'burikk']","['gema', 'kontll', 'burikk']",gema kontll burikk
Mohammad Hasanrifki,5,2025-10-01 06:30:42,bagus dan enak dimainkan,bagus dan enak dimainkan,bagus dan enak dimainkan,"['bagus', 'dan', 'enak', 'dimainkan']","['bagus', 'enak', 'dimainkan']","['bagus', 'enak', 'main']",bagus enak main
Feriansya,5,2025-10-01 06:29:28,sinyal sangat tidak puas,sinyal sangat tidak puas,sinyal sangat tidak puas,"['sinyal', 'sangat', 'tidak', 'puas']","['sinyal', 'sangat', 'puas']","['sinyal', 'sangat', 'puas']",sinyal sangat puas
PUTRI NAYYA “Reza” ANINAH,4,2025-10-01 06:25:25,Garena blokir bug nya sama jangn kasih yng drg sistem sama hapus yang ngecit akun ku langsung hilang,garena blokir bug nya sama jangn kasih yng drg sistem sama hapus yang ngecit akun ku langsung hilang,garena blokir bug nya sama jangn kasih yng drg sistem sama hapus yang ngecit akun ku langsung hilang,"['garena', 'blokir', 'bug', 'nya', 'sama', 'jangn', 'kasih', 'yng', 'drg', 'sistem', 'sama', 'hapus', 'yang', 'ngecit', 'akun', 'ku', 'langsung', 'hilang']","['garena', 'blokir', 'bug', 'nya', 'sama', 'jangn', 'kasih', 'yng', 'drg', 'sistem', 'sama', 'hapus', 'ngecit', 'akun', 'ku', 'langsung', 'hilang']","['garena', 'blokir', 'bug', 'nya', 'sama', 'jangn', 'kasih', 'yng', 'drg', 'sistem', 'sama', 'hapus', 'ngecit', 'akun', 'ku', 'langsung', 'hilang']",garena blokir bug nya sama jangn kasih yng drg sistem sama hapus ngecit akun ku langsung hilang
Erni Ummu dzulfikar,5,2025-10-01 06:22:42,bot kacung,bot kacung,bot kacung,"['bot', 'kacung']","['bot', 'kacung']","['bot', 'kacung']",bot kacung
zasen pratama70,5,2025-10-01 06:21:56,game enak ni Cok,game enak ni cok,game enak ni cok,"['game', 'enak', 'ni', 'cok']","['game', 'enak', 'ni', 'cok']","['game', 'enak', 'ni', 'cok']",game enak ni cok
Siti,5,2025-10-01 06:20:21,bagussss,bagussss,bagussss,['bagussss'],['bagussss'],['bagussss'],bagussss
luthfa alfiyatin,5,2025-10-01 06:12:04,seru bgt sekarang aku bisa headshot sedikit,seru bgt sekarang aku bisa headshot sedikit,seru bgt sekarang aku bisa headshot sedikit,"['seru', 'bgt', 'sekarang', 'aku', 'bisa', 'headshot', 'sedikit']","['seru', 'bgt', 'sekarang', 'aku', 'headshot', 'sedikit']","['seru', 'bgt', 'sekarang', 'aku', 'headshot', 'sedikit']",seru bgt sekarang aku headshot sedikit
seh saktiawan Alfirdaus,5,2025-10-01 06:11:50,ff seru no debat,ff seru no debat,ff seru no debat,"['ff', 'seru', 'no', 'debat']","['ff', 'seru', 'no', 'debat']","['ff', 'seru', 'no', 'debat']",ff seru no debat
Muhamad Bilal,5,2025-10-01 06:07:24,sngt menyenangkan,sngt menyenangkan,sngt menyenangkan,"['sngt', 'menyenangkan']","['sngt', 'menyenangkan']","['sngt', 'senang']",sngt senang
Yusiroh Yusiroh,5,2025-10-01 06:07:08,game nya bagus dan game nya rada kurang bagus yatapi game nya juga seru,game nya bagus dan game nya rada kurang bagus yatapi game nya juga seru,game nya bagus dan game nya rada kurang bagus yatapi game nya juga seru,"['game', 'nya', 'bagus', 'dan', 'game', 'nya', 'rada', 'kurang', 'bagus', 'yatapi', 'game', 'nya', 'juga', 'seru']","['game', 'nya', 'bagus', 'game', 'nya', 'rada', 'kurang', 'bagus', 'yatapi', 'game', 'nya', 'seru']","['game', 'nya', 'bagus', 'game', 'nya', 'rada', 'kurang', 'bagus', 'yatapi', 'game', 'nya', 'seru']",game nya bagus game nya rada kurang bagus yatapi game nya seru
Azka Niam,5,2025-10-01 06:05:30,gemya bagus banget,gemya bagus banget,gemya bagus banget,"['gemya', 'bagus', 'banget']","['gemya', 'bagus', 'banget']","['gemya', 'bagus', 'banget']",gemya bagus banget
Wong Pusat,1,2025-10-01 05:56:34,jaringannya bagus pas main 999+,jaringannya bagus pas main 999+,jaringannya bagus pas main,"['jaringannya', 'bagus', 'pas', 'main']","['jaringannya', 'bagus', 'pas', 'main']","['jaring', 'bagus', 'pas', 'main']",jaring bagus pas main
Ipak Asikin,1,2025-10-01 05:55:59,game haram makin pelit aja Garena ga hoki hoki banyak habis DM Cok game haram duit habis game ini cuma mau untung ga pikirin playernya,game haram makin pelit aja garena ga hoki hoki banyak habis dm cok game haram duit habis game ini cuma mau untung ga pikirin playernya,game haram makin pelit aja garena ga hoki hoki banyak habis dm cok game haram duit habis game ini cuma mau untung ga pikirin playernya,"['game', 'haram', 'makin', 'pelit', 'aja', 'garena', 'ga', 'hoki', 'hoki', 'banyak', 'habis', 'dm', 'cok', 'game', 'haram', 'duit', 'habis', 'game', 'ini', 'cuma', 'mau', 'untung', 'ga', 'pikirin', 'playernya']","['game', 'haram', 'makin', 'pelit', 'aja', 'garena', 'ga', 'hoki', 'hoki', 'banyak', 'habis', 'dm', 'cok', 'game', 'haram', 'duit', 'habis', 'game', 'cuma', 'mau', 'untung', 'ga', 'pikirin', 'playernya']","['game', 'haram', 'makin', 'pelit', 'aja', 'garena', 'ga', 'hoki', 'hoki', 'banyak', 'habis', 'dm', 'cok', 'game', 'haram', 'duit', 'habis', 'game', 'cuma', 'mau', 'untung', 'ga', 'pikirin', 'playernya']",game haram makin pelit aja garena ga hoki hoki banyak habis dm cok game haram duit habis game cuma mau untung ga pikirin playernya
allzahirulubaid,5,2025-10-01 05:53:00,game ini seru dimainkan saat bosan dan tidak banyak mengambil kota,game ini seru dimainkan saat bosan dan tidak banyak mengambil kota,game ini seru dimainkan saat bosan dan tidak banyak mengambil kota,"['game', 'ini', 'seru', 'dimainkan', 'saat', 'bosan', 'dan', 'tidak', 'banyak', 'mengambil', 'kota']","['game', 'seru', 'dimainkan', 'bosan', 'banyak', 'mengambil', 'kota']","['game', 'seru', 'main', 'bosan', 'banyak', 'ambil', 'kota']",game seru main bosan banyak ambil kota
Loloa Vahshs,5,2025-10-01 05:51:50,lolo,lolo,lolo,['lolo'],['lolo'],['lolo'],lolo
jdi rdd,1,2025-10-01 05:46:48,game aneh ngga jelas + tll pemainnya rata rata gblk ngga bisa main atau baru main dan parahnya satu tim.sedangkan tim lawan rata rata bisa main dan jago ini khusus untuk berkelompok atau tim tolong di perbaiki lagii..,game aneh ngga jelas + tll pemainnya rata rata gblk ngga bisa main atau baru main dan parahnya satu tim.sedangkan tim lawan rata rata bisa main dan jago ini khusus untuk berkelompok atau tim tolong di perbaiki lagii..,game aneh ngga jelas tll pemainnya rata rata gblk ngga bisa main atau baru main dan parahnya satu timsedangkan tim lawan rata rata bisa main dan jago ini khusus untuk berkelompok atau tim tolong di perbaiki lagii,"['game', 'aneh', 'ngga', 'jelas', 'tll', 'pemainnya', 'rata', 'rata', 'gblk', 'ngga', 'bisa', 'main', 'atau', 'baru', 'main', 'dan', 'parahnya', 'satu', 'timsedangkan', 'tim', 'lawan', 'rata', 'rata', 'bisa', 'main', 'dan', 'jago', 'ini', 'khusus', 'untuk', 'berkelompok', 'atau', 'tim', 'tolong', 'di', 'perbaiki', 'lagii']","['game', 'aneh', 'ngga', 'jelas', 'tll', 'pemainnya', 'rata', 'rata', 'gblk', 'ngga', 'main', 'baru', 'main', 'parahnya', 'satu', 'timsedangkan', 'tim', 'lawan', 'rata', 'rata', 'main', 'jago', 'khusus', 'berkelompok', 'tim', 'perbaiki', 'lagii']","['game', 'aneh', 'ngga', 'jelas', 'tll', 'main', 'rata', 'rata', 'gblk', 'ngga', 'main', 'baru', 'main', 'parah', 'satu', 'timsedangkan', 'tim', 'lawan', 'rata', 'rata', 'main', 'jago', 'khusus', 'kelompok', 'tim', 'baik', 'lagi']",game aneh ngga jelas tll main rata rata gblk ngga main baru main parah satu timsedangkan tim lawan rata rata main jago khusus kelompok tim baik lagi
Hairul Sirait,5,2025-10-01 05:46:45,sangat bahagia,sangat bahagia,sangat bahagia,"['sangat', 'bahagia']","['sangat', 'bahagia']","['sangat', 'bahagia']",sangat bahagia
Alby Alby,5,2025-10-01 05:43:05,enak banget,enak banget,enak banget,"['enak', 'banget']","['enak', 'banget']","['enak', 'banget']",enak banget
Hilal Ramadan,3,2025-10-01 05:43:00,dah kil 5 mati di urutan 10 kok ngurang 15?,dah kil 5 mati di urutan 10 kok ngurang 15?,dah kil mati di urutan kok ngurang,"['dah', 'kil', 'mati', 'di', 'urutan', 'kok', 'ngurang']","['dah', 'kil', 'mati', 'urutan', 'kok', 'ngurang']","['dah', 'kil', 'mati', 'urut', 'kok', 'ngurang']",dah kil mati urut kok ngurang
Rafael Duatujuh,5,2025-10-01 05:38:30,terimakasih,terimakasih,terimakasih,['terimakasih'],['terimakasih'],['terimakasih'],terimakasih
Biana Biana,5,2025-10-01 05:29:41,mantap geme ff nya agak buri nggak ada pintu,mantap geme ff nya agak buri nggak ada pintu,mantap geme ff nya agak buri nggak ada pintu,"['mantap', 'geme', 'ff', 'nya', 'agak', 'buri', 'nggak', 'ada', 'pintu']","['mantap', 'geme', 'ff', 'nya', 'buri', 'pintu']","['mantap', 'geme', 'ff', 'nya', 'bur', 'pintu']",mantap geme ff nya bur pintu
agus purnawan,4,2025-10-01 05:23:17,"makin kalah saing game ini,tolong garena cari solisi untuk bisa menarik peminat orang orang main game ini lagi","makin kalah saing game ini,tolong garena cari solisi untuk bisa menarik peminat orang orang main game ini lagi",makin kalah saing game initolong garena cari solisi untuk bisa menarik peminat orang orang main game ini lagi,"['makin', 'kalah', 'saing', 'game', 'initolong', 'garena', 'cari', 'solisi', 'untuk', 'bisa', 'menarik', 'peminat', 'orang', 'orang', 'main', 'game', 'ini', 'lagi']","['makin', 'kalah', 'saing', 'game', 'initolong', 'garena', 'cari', 'solisi', 'menarik', 'peminat', 'orang', 'orang', 'main', 'game']","['makin', 'kalah', 'saing', 'game', 'initolong', 'garena', 'cari', 'solis', 'tarik', 'minat', 'orang', 'orang', 'main', 'game']",makin kalah saing game initolong garena cari solis tarik minat orang orang main game
Rizky 96,5,2025-10-01 05:19:36,semoga game ini gak selalu ngeleg,semoga game ini gak selalu ngeleg,semoga game ini gak selalu ngeleg,"['semoga', 'game', 'ini', 'gak', 'selalu', 'ngeleg']","['semoga', 'game', 'gak', 'selalu', 'ngeleg']","['moga', 'game', 'gak', 'selalu', 'ngeleg']",moga game gak selalu ngeleg
Wanda Humairah,5,2025-10-01 05:18:24,Game ini sagat menarik,game ini sagat menarik,game ini sagat menarik,"['game', 'ini', 'sagat', 'menarik']","['game', 'sagat', 'menarik']","['game', 'sagat', 'tarik']",game sagat tarik
Muhammad Al fatih,1,2025-10-01 05:16:49,"wahh saya suka game ini tapi lama jadi sungkan masalah nya pangkat saya master tapi dikasih tim platinum bjir kck bet hhh, trus sering ada masalah jaringan lagi enak push cs tb tb keluar bgst honor score nya ikut turun lagi Hhuuu!","wahh saya suka game ini tapi lama jadi sungkan masalah nya pangkat saya master tapi dikasih tim platinum bjir kck bet hhh, trus sering ada masalah jaringan lagi enak push cs tb tb keluar bgst honor score nya ikut turun lagi hhuuu!",wahh saya suka game ini tapi lama jadi sungkan masalah nya pangkat saya master tapi dikasih tim platinum bjir kck bet hhh trus sering ada masalah jaringan lagi enak push cs tb tb keluar bgst honor score nya ikut turun lagi hhuuu,"['wahh', 'saya', 'suka', 'game', 'ini', 'tapi', 'lama', 'jadi', 'sungkan', 'masalah', 'nya', 'pangkat', 'saya', 'master', 'tapi', 'dikasih', 'tim', 'platinum', 'bjir', 'kck', 'bet', 'hhh', 'trus', 'sering', 'ada', 'masalah', 'jaringan', 'lagi', 'enak', 'push', 'cs', 'tb', 'tb', 'keluar', 'bgst', 'honor', 'score', 'nya', 'ikut', 'turun', 'lagi', 'hhuuu']","['wahh', 'suka', 'game', 'lama', 'jadi', 'sungkan', 'masalah', 'nya', 'pangkat', 'master', 'dikasih', 'tim', 'platinum', 'bjir', 'kck', 'bet', 'hhh', 'trus', 'sering', 'masalah', 'jaringan', 'enak', 'push', 'cs', 'tb', 'tb', 'keluar', 'bgst', 'honor', 'score', 'nya', 'ikut', 'turun', 'hhuuu']","['wahh', 'suka', 'game', 'lama', 'jadi', 'sungkan', 'masalah', 'nya', 'pangkat', 'master', 'kasih', 'tim', 'platinum', 'bjir', 'kck', 'bet', 'hhh', 'trus', 'sering', 'masalah', 'jaring', 'enak', 'push', 'cs', 'tb', 'tb', 'keluar', 'bgst', 'honor', 'score', 'nya', 'ikut', 'turun', 'hhuuu']",wahh suka game lama jadi sungkan masalah nya pangkat master kasih tim platinum bjir kck bet hhh trus sering masalah jaring enak push cs tb tb keluar bgst honor score nya ikut turun hhuuu
Adrian Modesad,5,2025-10-01 05:15:07,game nya bagus sekali,game nya bagus sekali,game nya bagus sekali,"['game', 'nya', 'bagus', 'sekali']","['game', 'nya', 'bagus', 'sekali']","['game', 'nya', 'bagus', 'sekali']",game nya bagus sekali
amelia salsabila aldo raffi,5,2025-10-01 05:14:31,kami kembali,kami kembali,kami kembali,"['kami', 'kembali']",[],[],
Muhamad rasyid Ibrahim,5,2025-10-01 05:02:19,min topappin dong hee,min topappin dong hee,min topappin dong hee,"['min', 'topappin', 'dong', 'hee']","['min', 'topappin', 'dong', 'hee']","['min', 'topappin', 'dong', 'hee']",min topappin dong hee
Erwin War,5,2025-10-01 04:58:26,ff nomor 1,ff nomor 1,ff nomor,"['ff', 'nomor']","['ff', 'nomor']","['ff', 'nomor']",ff nomor
mhd rizkysiregar,1,2025-10-01 04:58:22,"match lama, death game kah?","match lama, death game kah?",match lama death game kah,"['match', 'lama', 'death', 'game', 'kah']","['match', 'lama', 'death', 'game']","['match', 'lama', 'death', 'game']",match lama death game
Aska Al Farizi,4,2025-10-01 04:54:39,kasih aku please hoki seumur hidup dan kasi aku diamond Garena free firee,kasih aku please hoki seumur hidup dan kasi aku diamond garena free firee,kasih aku please hoki seumur hidup dan kasi aku diamond garena free firee,"['kasih', 'aku', 'please', 'hoki', 'seumur', 'hidup', 'dan', 'kasi', 'aku', 'diamond', 'garena', 'free', 'firee']","['kasih', 'aku', 'please', 'hoki', 'seumur', 'hidup', 'kasi', 'aku', 'diamond', 'garena', 'free', 'firee']","['kasih', 'aku', 'please', 'hoki', 'umur', 'hidup', 'kasi', 'aku', 'diamond', 'garena', 'free', 'firee']",kasih aku please hoki umur hidup kasi aku diamond garena free firee
Cre Wet,5,2025-10-01 04:51:38,tak tau,tak tau,tak tau,"['tak', 'tau']","['tak', 'tau']","['tak', 'tau']",tak tau
Ahmad Reihan,5,2025-10-01 04:49:04,saya pensiun dulu,saya pensiun dulu,saya pensiun dulu,"['saya', 'pensiun', 'dulu']","['pensiun', 'dulu']","['pensiun', 'dulu']",pensiun dulu
Zaki Zaki,5,2025-10-01 04:41:10,jirr layar hitam udh di perbaiki,jirr layar hitam udh di perbaiki,jirr layar hitam udh di perbaiki,"['jirr', 'layar', 'hitam', 'udh', 'di', 'perbaiki']","['jirr', 'layar', 'hitam', 'udh', 'perbaiki']","['jirr', 'layar', 'hitam', 'udh', 'baik']",jirr layar hitam udh baik
NICE GOD,1,2025-10-01 04:40:05,tolong draksistem nya di kurangin yaaa bot,tolong draksistem nya di kurangin yaaa bot,tolong draksistem nya di kurangin yaaa bot,"['tolong', 'draksistem', 'nya', 'di', 'kurangin', 'yaaa', 'bot']","['draksistem', 'nya', 'kurangin', 'yaaa', 'bot']","['draksistem', 'nya', 'rangin', 'yaaa', 'bot']",draksistem nya rangin yaaa bot
Anjiang Gadang,5,2025-10-01 04:38:43,baik,baik,baik,['baik'],['baik'],['baik'],baik
jul fikar,5,2025-10-01 04:35:07,ini permainan nya bagus dan juga enak buat main,ini permainan nya bagus dan juga enak buat main,ini permainan nya bagus dan juga enak buat main,"['ini', 'permainan', 'nya', 'bagus', 'dan', 'juga', 'enak', 'buat', 'main']","['permainan', 'nya', 'bagus', 'enak', 'buat', 'main']","['main', 'nya', 'bagus', 'enak', 'buat', 'main']",main nya bagus enak buat main
Haikelrawis Haikel,5,2025-10-01 04:34:43,Garena kasih DM lah wkwkwk 😹,garena kasih dm lah wkwkwk 😹,garena kasih dm lah wkwkwk,"['garena', 'kasih', 'dm', 'lah', 'wkwkwk']","['garena', 'kasih', 'dm', 'lah', 'wkwkwk']","['garena', 'kasih', 'dm', 'lah', 'wkwkwk']",garena kasih dm lah wkwkwk
muhammad Ridhani,5,2025-10-01 04:31:18,keren nostalgia pada jaman 2017 😭😭😭😭😭😭😭😭😭😭😭😭😭😭😭😭😭😭😭😭😭😭😭😭😭😭,keren nostalgia pada jaman 2017 😭😭😭😭😭😭😭😭😭😭😭😭😭😭😭😭😭😭😭😭😭😭😭😭😭😭,keren nostalgia pada jaman,"['keren', 'nostalgia', 'pada', 'jaman']","['keren', 'nostalgia', 'jaman']","['keren', 'nostalgia', 'jaman']",keren nostalgia jaman
Rifa Khairani,5,2025-10-01 04:28:50,good,good,good,['good'],['good'],['good'],good
Alex Ander,5,2025-10-01 04:18:14,Tolong jaringannya d perbaiki selalu hlng koneksi padahal jaringanku bagus 999+🤦‍♂️,tolong jaringannya d perbaiki selalu hlng koneksi padahal jaringanku bagus 999+🤦‍♂️,tolong jaringannya d perbaiki selalu hlng koneksi padahal jaringanku bagus,"['tolong', 'jaringannya', 'd', 'perbaiki', 'selalu', 'hlng', 'koneksi', 'padahal', 'jaringanku', 'bagus']","['jaringannya', 'd', 'perbaiki', 'selalu', 'hlng', 'koneksi', 'padahal', 'jaringanku', 'bagus']","['jaring', 'd', 'baik', 'selalu', 'hlng', 'koneksi', 'padahal', 'jaring', 'bagus']",jaring d baik selalu hlng koneksi padahal jaring bagus
Son Dandut,1,2025-10-01 04:07:04,game elek+bosok👎,game elek+bosok👎,game elekbosok,"['game', 'elekbosok']","['game', 'elekbosok']","['game', 'elekbosok']",game elekbosok
Talita SR,5,2025-10-01 04:02:13,suka,suka,suka,['suka'],['suka'],['suka'],suka
Libertus Kpk,5,2025-10-01 03:58:26,menarik juga,menarik juga,menarik juga,"['menarik', 'juga']",['menarik'],['tarik'],tarik
Titi tutu,1,2025-10-01 03:31:39,"kembalikan akun saya, akan saya download kembali","kembalikan akun saya, akan saya download kembali",kembalikan akun saya akan saya download kembali,"['kembalikan', 'akun', 'saya', 'akan', 'saya', 'download', 'kembali']","['kembalikan', 'akun', 'download']","['kembali', 'akun', 'download']",kembali akun download
Kiki Riski,5,2025-10-01 03:31:02,aku mauk diamond,aku mauk diamond,aku mauk diamond,"['aku', 'mauk', 'diamond']","['aku', 'mauk', 'diamond']","['aku', 'mauk', 'diamond']",aku mauk diamond
Sahari Ari,5,2025-10-01 03:31:00,saya sangat suka dengan gem ini,saya sangat suka dengan gem ini,saya sangat suka dengan gem ini,"['saya', 'sangat', 'suka', 'dengan', 'gem', 'ini']","['sangat', 'suka', 'gem']","['sangat', 'suka', 'gem']",sangat suka gem
Muhammad Farelalhafidz,5,2025-10-01 03:28:24,tolong di bagusin lagi sekin senjatanya,tolong di bagusin lagi sekin senjatanya,tolong di bagusin lagi sekin senjatanya,"['tolong', 'di', 'bagusin', 'lagi', 'sekin', 'senjatanya']","['bagusin', 'sekin', 'senjatanya']","['bagusin', 'sekin', 'senjata']",bagusin sekin senjata
Selokan Banjir,5,2025-10-01 03:16:52,nenek gw nyampe kecanduan main game inij,nenek gw nyampe kecanduan main game inij,nenek gw nyampe kecanduan main game inij,"['nenek', 'gw', 'nyampe', 'kecanduan', 'main', 'game', 'inij']","['nenek', 'gw', 'nyampe', 'kecanduan', 'main', 'game', 'inij']","['nenek', 'gw', 'nyampe', 'candu', 'main', 'game', 'inij']",nenek gw nyampe candu main game inij
rudi hartonk,1,2025-10-01 03:11:08,"udah dari 2018 main ni game dari dulu bug nya ga di benerin, mulai dari bug damage, bug visual, sampe sekarang ga di benerin, dan sekarang malah makin aneh skil skill yg terlalu op, waktu nya pensi dan uninstall nih game gajelas","udah dari 2018 main ni game dari dulu bug nya ga di benerin, mulai dari bug damage, bug visual, sampe sekarang ga di benerin, dan sekarang malah makin aneh skil skill yg terlalu op, waktu nya pensi dan uninstall nih game gajelas",udah dari main ni game dari dulu bug nya ga di benerin mulai dari bug damage bug visual sampe sekarang ga di benerin dan sekarang malah makin aneh skil skill yg terlalu op waktu nya pensi dan uninstall nih game gajelas,"['udah', 'dari', 'main', 'ni', 'game', 'dari', 'dulu', 'bug', 'nya', 'ga', 'di', 'benerin', 'mulai', 'dari', 'bug', 'damage', 'bug', 'visual', 'sampe', 'sekarang', 'ga', 'di', 'benerin', 'dan', 'sekarang', 'malah', 'makin', 'aneh', 'skil', 'skill', 'yg', 'terlalu', 'op', 'waktu', 'nya', 'pensi', 'dan', 'uninstall', 'nih', 'game', 'gajelas']","['udah', 'main', 'ni', 'game', 'dulu', 'bug', 'nya', 'ga', 'benerin', 'mulai', 'bug', 'damage', 'bug', 'visual', 'sampe', 'sekarang', 'ga', 'benerin', 'sekarang', 'malah', 'makin', 'aneh', 'skil', 'skill', 'yg', 'terlalu', 'op', 'waktu', 'nya', 'pensi', 'uninstall', 'nih', 'game', 'gajelas']","['udah', 'main', 'ni', 'game', 'dulu', 'bug', 'nya', 'ga', 'benerin', 'mulai', 'bug', 'damage', 'bug', 'visual', 'sampe', 'sekarang', 'ga', 'benerin', 'sekarang', 'malah', 'makin', 'aneh', 'skil', 'skill', 'yg', 'terlalu', 'op', 'waktu', 'nya', 'pensi', 'uninstall', 'nih', 'game', 'gajelas']",udah main ni game dulu bug nya ga benerin mulai bug damage bug visual sampe sekarang ga benerin sekarang malah makin aneh skil skill yg terlalu op waktu nya pensi uninstall nih game gajelas
Reza Yani,3,2025-10-01 02:54:40,"tolong, sistem nya di perbaiki lagi karna rawan blacklist akun saya tidak menggunakan file config maupun rege tolong perbaiki ini nama akun saya:wemsnd tolong ya saya sudah 2bulan lebih apa karena saya terlalu jago jadi di bl terus tolong ya di jamin nanti bintang 5","tolong, sistem nya di perbaiki lagi karna rawan blacklist akun saya tidak menggunakan file config maupun rege tolong perbaiki ini nama akun saya:wemsnd tolong ya saya sudah 2bulan lebih apa karena saya terlalu jago jadi di bl terus tolong ya di jamin nanti bintang 5",tolong sistem nya di perbaiki lagi karna rawan blacklist akun saya tidak menggunakan file config maupun rege tolong perbaiki ini nama akun sayawemsnd tolong ya saya sudah bulan lebih apa karena saya terlalu jago jadi di bl terus tolong ya di jamin nanti bintang,"['tolong', 'sistem', 'nya', 'di', 'perbaiki', 'lagi', 'karna', 'rawan', 'blacklist', 'akun', 'saya', 'tidak', 'menggunakan', 'file', 'config', 'maupun', 'rege', 'tolong', 'perbaiki', 'ini', 'nama', 'akun', 'sayawemsnd', 'tolong', 'ya', 'saya', 'sudah', 'bulan', 'lebih', 'apa', 'karena', 'saya', 'terlalu', 'jago', 'jadi', 'di', 'bl', 'terus', 'tolong', 'ya', 'di', 'jamin', 'nanti', 'bintang']","['sistem', 'nya', 'perbaiki', 'karna', 'rawan', 'blacklist', 'akun', 'menggunakan', 'file', 'config', 'maupun', 'rege', 'perbaiki', 'nama', 'akun', 'sayawemsnd', 'bulan', 'lebih', 'apa', 'terlalu', 'jago', 'jadi', 'bl', 'terus', 'jamin', 'bintang']","['sistem', 'nya', 'baik', 'karna', 'rawan', 'blacklist', 'akun', 'guna', 'file', 'config', 'maupun', 'rege', 'baik', 'nama', 'akun', 'sayawemsnd', 'bulan', 'lebih', 'apa', 'terlalu', 'jago', 'jadi', 'bl', 'terus', 'jamin', 'bintang']",sistem nya baik karna rawan blacklist akun guna file config maupun rege baik nama akun sayawemsnd bulan lebih apa terlalu jago jadi bl terus jamin bintang
Shaik Asiya,5,2025-10-01 02:53:20,SKSUBHANI,sksubhani,sksubhani,['sksubhani'],['sksubhani'],['sksubhani'],sksubhani
Sahrudin Holcim,5,2025-10-01 02:52:31,sangat cocok untuk di main kan,sangat cocok untuk di main kan,sangat cocok untuk di main kan,"['sangat', 'cocok', 'untuk', 'di', 'main', 'kan']","['sangat', 'cocok', 'main', 'kan']","['sangat', 'cocok', 'main', 'kan']",sangat cocok main kan
Idul Saputra,1,2025-10-01 02:41:08,infen ngatuk bandelnya itu2 aja,infen ngatuk bandelnya itu2 aja,infen ngatuk bandelnya itu aja,"['infen', 'ngatuk', 'bandelnya', 'itu', 'aja']","['infen', 'ngatuk', 'bandelnya', 'aja']","['infen', 'ngatuk', 'bandel', 'aja']",infen ngatuk bandel aja
Rakha Aditya,1,2025-10-01 02:40:14,game rusak bug dameg masih ada,game rusak bug dameg masih ada,game rusak bug dameg masih ada,"['game', 'rusak', 'bug', 'dameg', 'masih', 'ada']","['game', 'rusak', 'bug', 'dameg']","['game', 'rusak', 'bug', 'dameg']",game rusak bug dameg
Wahyu Gg,5,2025-10-01 02:31:15,game nya enak kalliii,game nya enak kalliii,game nya enak kalliii,"['game', 'nya', 'enak', 'kalliii']","['game', 'nya', 'enak', 'kalliii']","['game', 'nya', 'enak', 'kalliii']",game nya enak kalliii
MAULANA MAULANA,1,2025-10-01 02:21:58,gua malam sampai pagi kalah terus minimal kalo sesoan kasih menang lah Garena aneh ga tau player nya begadang malam sampai pagi bukannya menang kalah di kasih kalah😭😭😭😭😭😭😭😭😭😭😭😭😭😓,gua malam sampai pagi kalah terus minimal kalo sesoan kasih menang lah garena aneh ga tau player nya begadang malam sampai pagi bukannya menang kalah di kasih kalah😭😭😭😭😭😭😭😭😭😭😭😭😭😓,gua malam sampai pagi kalah terus minimal kalo sesoan kasih menang lah garena aneh ga tau player nya begadang malam sampai pagi bukannya menang kalah di kasih kalah,"['gua', 'malam', 'sampai', 'pagi', 'kalah', 'terus', 'minimal', 'kalo', 'sesoan', 'kasih', 'menang', 'lah', 'garena', 'aneh', 'ga', 'tau', 'player', 'nya', 'begadang', 'malam', 'sampai', 'pagi', 'bukannya', 'menang', 'kalah', 'di', 'kasih', 'kalah']","['gua', 'malam', 'pagi', 'kalah', 'terus', 'minimal', 'kalo', 'sesoan', 'kasih', 'menang', 'lah', 'garena', 'aneh', 'ga', 'tau', 'player', 'nya', 'begadang', 'malam', 'pagi', 'bukannya', 'menang', 'kalah', 'kasih', 'kalah']","['gua', 'malam', 'pagi', 'kalah', 'terus', 'minimal', 'kalo', 'sesoan', 'kasih', 'menang', 'lah', 'garena', 'aneh', 'ga', 'tau', 'player', 'nya', 'begadang', 'malam', 'pagi', 'bukan', 'menang', 'kalah', 'kasih', 'kalah']",gua malam pagi kalah terus minimal kalo sesoan kasih menang lah garena aneh ga tau player nya begadang malam pagi bukan menang kalah kasih kalah
FF .Gaming,5,2025-10-01 02:20:06,👎👎👎👎👎,👎👎👎👎👎,,[],[],[],
Kadek Ari,5,2025-10-01 02:17:49,keren,keren,keren,['keren'],['keren'],['keren'],keren
mazchik,1,2025-10-01 02:07:40,game burik banyk dark sistem sakit mataa ngelag lagi,game burik banyk dark sistem sakit mataa ngelag lagi,game burik banyk dark sistem sakit mataa ngelag lagi,"['game', 'burik', 'banyk', 'dark', 'sistem', 'sakit', 'mataa', 'ngelag', 'lagi']","['game', 'burik', 'banyk', 'dark', 'sistem', 'sakit', 'mataa', 'ngelag']","['game', 'burik', 'banyk', 'dark', 'sistem', 'sakit', 'mataa', 'ngelag']",game burik banyk dark sistem sakit mataa ngelag
ARIF ARIF,3,2025-10-01 02:02:35,FF DIHATI ML DI KAKI,ff dihati ml di kaki,ff dihati ml di kaki,"['ff', 'dihati', 'ml', 'di', 'kaki']","['ff', 'dihati', 'ml', 'kaki']","['ff', 'hati', 'ml', 'kaki']",ff hati ml kaki
Pela Pelong,5,2025-10-01 01:51:47,ffbeta,ffbeta,ffbeta,['ffbeta'],['ffbeta'],['ffbeta'],ffbeta
Irsya Irsya,2,2025-10-01 01:43:59,"gemnya nggak masuk akal, dan event nya tidak ada yang bagus Garena tolonglah biar musuhnya nggak ada yang cit","gemnya nggak masuk akal, dan event nya tidak ada yang bagus garena tolonglah biar musuhnya nggak ada yang cit",gemnya nggak masuk akal dan event nya tidak ada yang bagus garena tolonglah biar musuhnya nggak ada yang cit,"['gemnya', 'nggak', 'masuk', 'akal', 'dan', 'event', 'nya', 'tidak', 'ada', 'yang', 'bagus', 'garena', 'tolonglah', 'biar', 'musuhnya', 'nggak', 'ada', 'yang', 'cit']","['gemnya', 'masuk', 'akal', 'event', 'nya', 'bagus', 'garena', 'tolonglah', 'biar', 'musuhnya', 'cit']","['gemnya', 'masuk', 'akal', 'event', 'nya', 'bagus', 'garena', 'tolong', 'biar', 'musuh', 'cit']",gemnya masuk akal event nya bagus garena tolong biar musuh cit
Adi Ginting,3,2025-10-01 01:37:57,saya menyukainya,saya menyukainya,saya menyukainya,"['saya', 'menyukainya']",['menyukainya'],['suka'],suka
Rizki Adtiya,1,2025-10-01 01:26:08,mengapa saya kasih bintang 1★ karena burik dan bang Budi 01 gaming akun nya hilang cuman gara gara main blood strike doang kena bl,mengapa saya kasih bintang 1★ karena burik dan bang budi 01 gaming akun nya hilang cuman gara gara main blood strike doang kena bl,mengapa saya kasih bintang karena burik dan bang budi gaming akun nya hilang cuman gara gara main blood strike doang kena bl,"['mengapa', 'saya', 'kasih', 'bintang', 'karena', 'burik', 'dan', 'bang', 'budi', 'gaming', 'akun', 'nya', 'hilang', 'cuman', 'gara', 'gara', 'main', 'blood', 'strike', 'doang', 'kena', 'bl']","['kasih', 'bintang', 'burik', 'bang', 'budi', 'gaming', 'akun', 'nya', 'hilang', 'cuman', 'gara', 'gara', 'main', 'blood', 'strike', 'doang', 'kena', 'bl']","['kasih', 'bintang', 'burik', 'bang', 'budi', 'gaming', 'akun', 'nya', 'hilang', 'cuman', 'gara', 'gara', 'main', 'blood', 'strike', 'doang', 'kena', 'bl']",kasih bintang burik bang budi gaming akun nya hilang cuman gara gara main blood strike doang kena bl
Paed,5,2025-10-01 01:24:42,saya cinta fire fire,saya cinta fire fire,saya cinta fire fire,"['saya', 'cinta', 'fire', 'fire']","['cinta', 'fire', 'fire']","['cinta', 'fire', 'fire']",cinta fire fire
Misbahdim Misbahdim,5,2025-10-01 01:23:53,gem nya bagus kolo bolah jenggot bnl keluarin lagi min,gem nya bagus kolo bolah jenggot bnl keluarin lagi min,gem nya bagus kolo bolah jenggot bnl keluarin lagi min,"['gem', 'nya', 'bagus', 'kolo', 'bolah', 'jenggot', 'bnl', 'keluarin', 'lagi', 'min']","['gem', 'nya', 'bagus', 'kolo', 'bolah', 'jenggot', 'bnl', 'keluarin', 'min']","['gem', 'nya', 'bagus', 'kolo', 'bolah', 'jenggot', 'bnl', 'keluarin', 'min']",gem nya bagus kolo bolah jenggot bnl keluarin min
Faridd,4,2025-10-01 01:23:47,Game nya sangat bagus dan realistis,game nya sangat bagus dan realistis,game nya sangat bagus dan realistis,"['game', 'nya', 'sangat', 'bagus', 'dan', 'realistis']","['game', 'nya', 'sangat', 'bagus', 'realistis']","['game', 'nya', 'sangat', 'bagus', 'realistis']",game nya sangat bagus realistis
Muhammad Muhaimin,5,2025-10-01 01:23:08,seru,seru,seru,['seru'],['seru'],['seru'],seru
Zifa Alnasher,1,2025-10-01 01:17:11,tolong sinyalnya perbaiki sering eror padahal kuota saya masih ada tapi lag eror perbaiki.,tolong sinyalnya perbaiki sering eror padahal kuota saya masih ada tapi lag eror perbaiki.,tolong sinyalnya perbaiki sering eror padahal kuota saya masih ada tapi lag eror perbaiki,"['tolong', 'sinyalnya', 'perbaiki', 'sering', 'eror', 'padahal', 'kuota', 'saya', 'masih', 'ada', 'tapi', 'lag', 'eror', 'perbaiki']","['sinyalnya', 'perbaiki', 'sering', 'eror', 'padahal', 'kuota', 'lag', 'eror', 'perbaiki']","['sinyal', 'baik', 'sering', 'eror', 'padahal', 'kuota', 'lag', 'eror', 'baik']",sinyal baik sering eror padahal kuota lag eror baik
Ade Jendra,5,2025-10-01 01:16:51,sekarang ff makin asik lebih adil dan makin hd,sekarang ff makin asik lebih adil dan makin hd,sekarang ff makin asik lebih adil dan makin hd,"['sekarang', 'ff', 'makin', 'asik', 'lebih', 'adil', 'dan', 'makin', 'hd']","['sekarang', 'ff', 'makin', 'asik', 'lebih', 'adil', 'makin', 'hd']","['sekarang', 'ff', 'makin', 'asik', 'lebih', 'adil', 'makin', 'hd']",sekarang ff makin asik lebih adil makin hd
Fais Ramadhan,2,2025-10-01 01:14:41,leren,leren,leren,['leren'],['leren'],['leren'],leren
SupRan Alex,5,2025-10-01 01:03:17,sya suka permainan ini,sya suka permainan ini,sya suka permainan ini,"['sya', 'suka', 'permainan', 'ini']","['sya', 'suka', 'permainan']","['sya', 'suka', 'main']",sya suka main
AldinRoti,5,2025-10-01 00:55:57,game nya seru tapi giman cara beli level up packge skrng,game nya seru tapi giman cara beli level up packge skrng,game nya seru tapi giman cara beli level up packge skrng,"['game', 'nya', 'seru', 'tapi', 'giman', 'cara', 'beli', 'level', 'up', 'packge', 'skrng']","['game', 'nya', 'seru', 'giman', 'cara', 'beli', 'level', 'up', 'packge', 'skrng']","['game', 'nya', 'seru', 'gim', 'cara', 'beli', 'level', 'up', 'packge', 'skrng']",game nya seru gim cara beli level up packge skrng
Azam Sogun jamet,5,2025-10-01 00:34:28,mantap bokep nya cokkkk,mantap bokep nya cokkkk,mantap bokep nya cokkkk,"['mantap', 'bokep', 'nya', 'cokkkk']","['mantap', 'bokep', 'nya', 'cokkkk']","['mantap', 'bokep', 'nya', 'cokkkk']",mantap bokep nya cokkkk
D4F4 07,1,2025-10-01 00:30:59,karena nge ban bg budi,karena nge ban bg budi,karena nge ban bg budi,"['karena', 'nge', 'ban', 'bg', 'budi']","['nge', 'ban', 'bg', 'budi']","['nge', 'ban', 'bg', 'budi']",nge ban bg budi
Muhammad Razzan,5,2025-10-01 00:16:55,Razzan $FreeFireMax,razzan $freefiremax,razzan freefiremax,"['razzan', 'freefiremax']","['razzan', 'freefiremax']","['razzan', 'freefiremax']",razzan freefiremax
Bayu Azka,5,2025-10-01 00:16:35,permainan ini bisa membuat saya menjadi lebih senang di banding mermain dengan seorang wanita up! up!,permainan ini bisa membuat saya menjadi lebih senang di banding mermain dengan seorang wanita up! up!,permainan ini bisa membuat saya menjadi lebih senang di banding mermain dengan seorang wanita up up,"['permainan', 'ini', 'bisa', 'membuat', 'saya', 'menjadi', 'lebih', 'senang', 'di', 'banding', 'mermain', 'dengan', 'seorang', 'wanita', 'up', 'up']","['permainan', 'membuat', 'menjadi', 'lebih', 'senang', 'banding', 'mermain', 'seorang', 'wanita', 'up', 'up']","['main', 'buat', 'jadi', 'lebih', 'senang', 'banding', 'mermain', 'orang', 'wanita', 'up', 'up']",main buat jadi lebih senang banding mermain orang wanita up up
Nia Kania,5,2025-10-01 00:16:22,game nya bagus cuma saya suka patah patah kalo maen tolong di benerin padalah saya sudah pake peringan game,game nya bagus cuma saya suka patah patah kalo maen tolong di benerin padalah saya sudah pake peringan game,game nya bagus cuma saya suka patah patah kalo maen tolong di benerin padalah saya sudah pake peringan game,"['game', 'nya', 'bagus', 'cuma', 'saya', 'suka', 'patah', 'patah', 'kalo', 'maen', 'tolong', 'di', 'benerin', 'padalah', 'saya', 'sudah', 'pake', 'peringan', 'game']","['game', 'nya', 'bagus', 'cuma', 'suka', 'patah', 'patah', 'kalo', 'maen', 'benerin', 'padalah', 'pake', 'peringan', 'game']","['game', 'nya', 'bagus', 'cuma', 'suka', 'patah', 'patah', 'kalo', 'maen', 'benerin', 'pada', 'pake', 'pering', 'game']",game nya bagus cuma suka patah patah kalo maen benerin pada pake pering game
Putra,5,2025-10-01 00:04:16,Uol,uol,uol,['uol'],['uol'],['uol'],uol
Sahril,5,2025-09-30 23:58:15,gem tebaik,gem tebaik,gem tebaik,"['gem', 'tebaik']","['gem', 'tebaik']","['gem', 'tebaik']",gem tebaik
latip pake p,5,2025-09-30 23:29:45,Seru cihuyyyyy,seru cihuyyyyy,seru cihuyyyyy,"['seru', 'cihuyyyyy']","['seru', 'cihuyyyyy']","['seru', 'cihuyyyyy']",seru cihuyyyyy
Desta Saputra,5,2025-09-30 23:16:27,karena banyak yang disukai olehh pelayerr pelayerr ff sekarang,karena banyak yang disukai olehh pelayerr pelayerr ff sekarang,karena banyak yang disukai olehh pelayerr pelayerr ff sekarang,"['karena', 'banyak', 'yang', 'disukai', 'olehh', 'pelayerr', 'pelayerr', 'ff', 'sekarang']","['banyak', 'disukai', 'olehh', 'pelayerr', 'pelayerr', 'ff', 'sekarang']","['banyak', 'suka', 'olehh', 'pelayerr', 'pelayerr', 'ff', 'sekarang']",banyak suka olehh pelayerr pelayerr ff sekarang
Isna Wati,5,2025-09-30 23:07:00,the best,the best,the best,"['the', 'best']","['the', 'best']","['the', 'best']",the best
Nur hasanah,5,2025-09-30 22:54:24,bagus,bagus,bagus,['bagus'],['bagus'],['bagus'],bagus
Wahyu,5,2025-09-30 22:44:13,Du Du di dam dam Batang dan di dam dam Batang dan daun sirsak yang sudah ada di dam dam Batang dan daun sirsak yang sudah,du du di dam dam batang dan di dam dam batang dan daun sirsak yang sudah ada di dam dam batang dan daun sirsak yang sudah,du du di dam dam batang dan di dam dam batang dan daun sirsak yang sudah ada di dam dam batang dan daun sirsak yang sudah,"['du', 'du', 'di', 'dam', 'dam', 'batang', 'dan', 'di', 'dam', 'dam', 'batang', 'dan', 'daun', 'sirsak', 'yang', 'sudah', 'ada', 'di', 'dam', 'dam', 'batang', 'dan', 'daun', 'sirsak', 'yang', 'sudah']","['du', 'du', 'dam', 'dam', 'batang', 'dam', 'dam', 'batang', 'daun', 'sirsak', 'dam', 'dam', 'batang', 'daun', 'sirsak']","['du', 'du', 'dam', 'dam', 'batang', 'dam', 'dam', 'batang', 'daun', 'sirsak', 'dam', 'dam', 'batang', 'daun', 'sirsak']",du du dam dam batang dam dam batang daun sirsak dam dam batang daun sirsak
Fahri Bae,5,2025-09-30 22:41:27,nama kamu ko sama dengan aku nama ku Muhammad Al fahri,nama kamu ko sama dengan aku nama ku muhammad al fahri,nama kamu ko sama dengan aku nama ku muhammad al fahri,"['nama', 'kamu', 'ko', 'sama', 'dengan', 'aku', 'nama', 'ku', 'muhammad', 'al', 'fahri']","['nama', 'kamu', 'ko', 'sama', 'aku', 'nama', 'ku', 'muhammad', 'al', 'fahri']","['nama', 'kamu', 'ko', 'sama', 'aku', 'nama', 'ku', 'muhammad', 'al', 'fahri']",nama kamu ko sama aku nama ku muhammad al fahri
Muhammad rianto Saputra,5,2025-09-30 22:39:12,geme ini seru,geme ini seru,geme ini seru,"['geme', 'ini', 'seru']","['geme', 'seru']","['geme', 'seru']",geme seru
Daffa Ganteng,1,2025-09-30 22:22:55,akun gabisa di logini malah ada tulisan login gagal padahal jaringan lancar,akun gabisa di logini malah ada tulisan login gagal padahal jaringan lancar,akun gabisa di logini malah ada tulisan login gagal padahal jaringan lancar,"['akun', 'gabisa', 'di', 'logini', 'malah', 'ada', 'tulisan', 'login', 'gagal', 'padahal', 'jaringan', 'lancar']","['akun', 'gabisa', 'logini', 'malah', 'tulisan', 'login', 'gagal', 'padahal', 'jaringan', 'lancar']","['akun', 'gabisa', 'logini', 'malah', 'tulis', 'login', 'gagal', 'padahal', 'jaring', 'lancar']",akun gabisa logini malah tulis login gagal padahal jaring lancar
Zidan Dann,1,2025-09-30 22:02:11,udah ngga jaman Naruto,udah ngga jaman naruto,udah ngga jaman naruto,"['udah', 'ngga', 'jaman', 'naruto']","['udah', 'ngga', 'jaman', 'naruto']","['udah', 'ngga', 'jaman', 'naruto']",udah ngga jaman naruto
Rio nanda,5,2025-09-30 21:41:24,bagus,bagus,bagus,['bagus'],['bagus'],['bagus'],bagus
trondol muhammad,1,2025-09-30 21:31:53,"mohon maaf min, ini free fire saya tiba tiba berlangganan padahal saya tidak melakukan nya, uang dana saya berkurang terus min, saya minta tolong min agar bisa kembali uangnya dan tidak berlangganan lagi🙏🏼","mohon maaf min, ini free fire saya tiba tiba berlangganan padahal saya tidak melakukan nya, uang dana saya berkurang terus min, saya minta tolong min agar bisa kembali uangnya dan tidak berlangganan lagi🙏🏼",mohon maaf min ini free fire saya tiba tiba berlangganan padahal saya tidak melakukan nya uang dana saya berkurang terus min saya minta tolong min agar bisa kembali uangnya dan tidak berlangganan lagi,"['mohon', 'maaf', 'min', 'ini', 'free', 'fire', 'saya', 'tiba', 'tiba', 'berlangganan', 'padahal', 'saya', 'tidak', 'melakukan', 'nya', 'uang', 'dana', 'saya', 'berkurang', 'terus', 'min', 'saya', 'minta', 'tolong', 'min', 'agar', 'bisa', 'kembali', 'uangnya', 'dan', 'tidak', 'berlangganan', 'lagi']","['mohon', 'maaf', 'min', 'free', 'fire', 'tiba', 'tiba', 'berlangganan', 'padahal', 'melakukan', 'nya', 'uang', 'dana', 'berkurang', 'terus', 'min', 'minta', 'min', 'uangnya', 'berlangganan']","['mohon', 'maaf', 'min', 'free', 'fire', 'tiba', 'tiba', 'langgan', 'padahal', 'laku', 'nya', 'uang', 'dana', 'kurang', 'terus', 'min', 'minta', 'min', 'uang', 'langgan']",mohon maaf min free fire tiba tiba langgan padahal laku nya uang dana kurang terus min minta min uang langgan
Ira Siti mahmudah,4,2025-09-30 21:14:10,bagus tapi ada bug mulu game nya bisa menghibur saat kita kesepian ini bisa di pakai untuk bermain aku sangat suka,bagus tapi ada bug mulu game nya bisa menghibur saat kita kesepian ini bisa di pakai untuk bermain aku sangat suka,bagus tapi ada bug mulu game nya bisa menghibur saat kita kesepian ini bisa di pakai untuk bermain aku sangat suka,"['bagus', 'tapi', 'ada', 'bug', 'mulu', 'game', 'nya', 'bisa', 'menghibur', 'saat', 'kita', 'kesepian', 'ini', 'bisa', 'di', 'pakai', 'untuk', 'bermain', 'aku', 'sangat', 'suka']","['bagus', 'bug', 'mulu', 'game', 'nya', 'menghibur', 'kesepian', 'pakai', 'bermain', 'aku', 'sangat', 'suka']","['bagus', 'bug', 'mulu', 'game', 'nya', 'hibur', 'sepi', 'pakai', 'main', 'aku', 'sangat', 'suka']",bagus bug mulu game nya hibur sepi pakai main aku sangat suka
Zia Datul,5,2025-09-30 20:46:13,menarik,menarik,menarik,['menarik'],['menarik'],['tarik'],tarik
Tidakada Nama012,1,2025-09-30 19:41:37,"burukk,jelek, burikk, ngga ada pintu","burukk,jelek, burikk, ngga ada pintu",burukkjelek burikk ngga ada pintu,"['burukkjelek', 'burikk', 'ngga', 'ada', 'pintu']","['burukkjelek', 'burikk', 'ngga', 'pintu']","['burukkjelek', 'burikk', 'ngga', 'pintu']",burukkjelek burikk ngga pintu
ayang Budin,5,2025-09-30 19:40:47,sangat cocok,sangat cocok,sangat cocok,"['sangat', 'cocok']","['sangat', 'cocok']","['sangat', 'cocok']",sangat cocok
gilang ginanjar,3,2025-09-30 19:40:24,garna ini bukan era kami lagi era kami di tahun 2019,garna ini bukan era kami lagi era kami di tahun 2019,garna ini bukan era kami lagi era kami di tahun,"['garna', 'ini', 'bukan', 'era', 'kami', 'lagi', 'era', 'kami', 'di', 'tahun']","['garna', 'bukan', 'era', 'era', 'tahun']","['garna', 'bukan', 'era', 'era', 'tahun']",garna bukan era era tahun
Maz`Satrioo 秋,4,2025-09-30 19:34:11,saya suka sekali dengan game ini tetapi saya sedikit kecewa sama sistem nya yang bug cerita nya gini saya kan lagi mau login ff nah terus saya keluar pas saya mau login lagi eh tiba tiba akun saya jadi bot padahal email akun saya itu aman udah saya BIND dan gak ada aktivitas mencurigakan di akun saya dan akun saya udh berumur 5 tahun tetapi mengapa akun saya hilang di sebabkan masalah yang tidak masuk akal tolong perbaiki ini demi kebaikan player dan juga nama game nya 🙏🙏🙏,saya suka sekali dengan game ini tetapi saya sedikit kecewa sama sistem nya yang bug cerita nya gini saya kan lagi mau login ff nah terus saya keluar pas saya mau login lagi eh tiba tiba akun saya jadi bot padahal email akun saya itu aman udah saya bind dan gak ada aktivitas mencurigakan di akun saya dan akun saya udh berumur 5 tahun tetapi mengapa akun saya hilang di sebabkan masalah yang tidak masuk akal tolong perbaiki ini demi kebaikan player dan juga nama game nya 🙏🙏🙏,saya suka sekali dengan game ini tetapi saya sedikit kecewa sama sistem nya yang bug cerita nya gini saya kan lagi mau login ff nah terus saya keluar pas saya mau login lagi eh tiba tiba akun saya jadi bot padahal email akun saya itu aman udah saya bind dan gak ada aktivitas mencurigakan di akun saya dan akun saya udh berumur tahun tetapi mengapa akun saya hilang di sebabkan masalah yang tidak masuk akal tolong perbaiki ini demi kebaikan player dan juga nama game nya,"['saya', 'suka', 'sekali', 'dengan', 'game', 'ini', 'tetapi', 'saya', 'sedikit', 'kecewa', 'sama', 'sistem', 'nya', 'yang', 'bug', 'cerita', 'nya', 'gini', 'saya', 'kan', 'lagi', 'mau', 'login', 'ff', 'nah', 'terus', 'saya', 'keluar', 'pas', 'saya', 'mau', 'login', 'lagi', 'eh', 'tiba', 'tiba', 'akun', 'saya', 'jadi', 'bot', 'padahal', 'email', 'akun', 'saya', 'itu', 'aman', 'udah', 'saya', 'bind', 'dan', 'gak', 'ada', 'aktivitas', 'mencurigakan', 'di', 'akun', 'saya', 'dan', 'akun', 'saya', 'udh', 'berumur', 'tahun', 'tetapi', 'mengapa', 'akun', 'saya', 'hilang', 'di', 'sebabkan', 'masalah', 'yang', 'tidak', 'masuk', 'akal', 'tolong', 'perbaiki', 'ini', 'demi', 'kebaikan', 'player', 'dan', 'juga', 'nama', 'game', 'nya']","['suka', 'sekali', 'game', 'sedikit', 'kecewa', 'sama', 'sistem', 'nya', 'bug', 'cerita', 'nya', 'gini', 'kan', 'mau', 'login', 'ff', 'nah', 'terus', 'keluar', 'pas', 'mau', 'login', 'eh', 'tiba', 'tiba', 'akun', 'jadi', 'bot', 'padahal', 'email', 'akun', 'aman', 'udah', 'bind', 'gak', 'aktivitas', 'mencurigakan', 'akun', 'akun', 'udh', 'berumur', 'tahun', 'akun', 'hilang', 'sebabkan', 'masalah', 'masuk', 'akal', 'perbaiki', 'kebaikan', 'player', 'nama', 'game', 'nya']","['suka', 'sekali', 'game', 'sedikit', 'kecewa', 'sama', 'sistem', 'nya', 'bug', 'cerita', 'nya', 'gin', 'kan', 'mau', 'login', 'ff', 'nah', 'terus', 'keluar', 'pas', 'mau', 'login', 'eh', 'tiba', 'tiba', 'akun', 'jadi', 'bot', 'padahal', 'email', 'akun', 'aman', 'udah', 'bind', 'gak', 'aktivitas', 'curiga', 'akun', 'akun', 'udh', 'umur', 'tahun', 'akun', 'hilang', 'sebab', 'masalah', 'masuk', 'akal', 'baik', 'baik', 'player', 'nama', 'game', 'nya']",suka sekali game sedikit kecewa sama sistem nya bug cerita nya gin kan mau login ff nah terus keluar pas mau login eh tiba tiba akun jadi bot padahal email akun aman udah bind gak aktivitas curiga akun akun udh umur tahun akun hilang sebab masalah masuk akal baik baik player nama game nya
Ahmad Sofian,1,2025-09-30 19:18:13,garena udh parah sistem nya jelek. mau pake data mau pake wifi tetep pink 99+ udh parah parah.... mending saya uninstal.... pindah haluan ke PUBG yg udh pasti no kondala,garena udh parah sistem nya jelek. mau pake data mau pake wifi tetep pink 99+ udh parah parah.... mending saya uninstal.... pindah haluan ke pubg yg udh pasti no kondala,garena udh parah sistem nya jelek mau pake data mau pake wifi tetep pink udh parah parah mending saya uninstal pindah haluan ke pubg yg udh pasti no kondala,"['garena', 'udh', 'parah', 'sistem', 'nya', 'jelek', 'mau', 'pake', 'data', 'mau', 'pake', 'wifi', 'tetep', 'pink', 'udh', 'parah', 'parah', 'mending', 'saya', 'uninstal', 'pindah', 'haluan', 'ke', 'pubg', 'yg', 'udh', 'pasti', 'no', 'kondala']","['garena', 'udh', 'parah', 'sistem', 'nya', 'jelek', 'mau', 'pake', 'data', 'mau', 'pake', 'wifi', 'tetep', 'pink', 'udh', 'parah', 'parah', 'mending', 'uninstal', 'pindah', 'haluan', 'pubg', 'yg', 'udh', 'no', 'kondala']","['garena', 'udh', 'parah', 'sistem', 'nya', 'jelek', 'mau', 'pake', 'data', 'mau', 'pake', 'wifi', 'tetep', 'pink', 'udh', 'parah', 'parah', 'mending', 'uninstal', 'pindah', 'haluan', 'pubg', 'yg', 'udh', 'no', 'kondala']",garena udh parah sistem nya jelek mau pake data mau pake wifi tetep pink udh parah parah mending uninstal pindah haluan pubg yg udh no kondala
Rudi slow Rudi,5,2025-09-30 18:50:02,"game yg sangat bagus, tempat hiburan sya","game yg sangat bagus, tempat hiburan sya",game yg sangat bagus tempat hiburan sya,"['game', 'yg', 'sangat', 'bagus', 'tempat', 'hiburan', 'sya']","['game', 'yg', 'sangat', 'bagus', 'tempat', 'hiburan', 'sya']","['game', 'yg', 'sangat', 'bagus', 'tempat', 'hibur', 'sya']",game yg sangat bagus tempat hibur sya
Muhammad Ahsan,5,2025-09-30 18:02:46,soewondo d a d rt ae,soewondo d a d rt ae,soewondo d a d rt ae,"['soewondo', 'd', 'a', 'd', 'rt', 'ae']","['soewondo', 'd', 'a', 'd', 'rt', 'ae']","['soewondo', 'd', 'a', 'd', 'rt', 'ae']",soewondo d a d rt ae
Alga Anugerahi,5,2025-09-30 17:23:00,bagus dan keren 😎,bagus dan keren 😎,bagus dan keren,"['bagus', 'dan', 'keren']","['bagus', 'keren']","['bagus', 'keren']",bagus keren
Bedak Harum,3,2025-09-30 17:21:31,"saya main dri 2018 baru kali ini nemu bug on mic padahal honor saya 100 dan ga ada riwayat negatif, tolong pihak garena tindak lanjuti karna ini bergantung sama komunikasi team","saya main dri 2018 baru kali ini nemu bug on mic padahal honor saya 100 dan ga ada riwayat negatif, tolong pihak garena tindak lanjuti karna ini bergantung sama komunikasi team",saya main dri baru kali ini nemu bug on mic padahal honor saya dan ga ada riwayat negatif tolong pihak garena tindak lanjuti karna ini bergantung sama komunikasi team,"['saya', 'main', 'dri', 'baru', 'kali', 'ini', 'nemu', 'bug', 'on', 'mic', 'padahal', 'honor', 'saya', 'dan', 'ga', 'ada', 'riwayat', 'negatif', 'tolong', 'pihak', 'garena', 'tindak', 'lanjuti', 'karna', 'ini', 'bergantung', 'sama', 'komunikasi', 'team']","['main', 'dri', 'baru', 'kali', 'nemu', 'bug', 'on', 'mic', 'padahal', 'honor', 'ga', 'riwayat', 'negatif', 'pihak', 'garena', 'tindak', 'lanjuti', 'karna', 'bergantung', 'sama', 'komunikasi', 'team']","['main', 'dri', 'baru', 'kali', 'nemu', 'bug', 'on', 'mic', 'padahal', 'honor', 'ga', 'riwayat', 'negatif', 'pihak', 'garena', 'tindak', 'lanjut', 'karna', 'gantung', 'sama', 'komunikasi', 'team']",main dri baru kali nemu bug on mic padahal honor ga riwayat negatif pihak garena tindak lanjut karna gantung sama komunikasi team
scissor deli,5,2025-09-30 17:17:37,Gem bocil ml lebih seruuu.,gem bocil ml lebih seruuu.,gem bocil ml lebih seruuu,"['gem', 'bocil', 'ml', 'lebih', 'seruuu']","['gem', 'bocil', 'ml', 'lebih', 'seruuu']","['gem', 'bocil', 'ml', 'lebih', 'seruuu']",gem bocil ml lebih seruuu
Abeng Herdiansyah,1,2025-09-30 16:59:55,"ga seru, admin nya baperan","ga seru, admin nya baperan",ga seru admin nya baperan,"['ga', 'seru', 'admin', 'nya', 'baperan']","['ga', 'seru', 'admin', 'nya', 'baperan']","['ga', 'seru', 'admin', 'nya', 'baperan']",ga seru admin nya baperan
Bobi Nasa,5,2025-09-30 16:42:25,game ini lumayan bagus tapi banyak bugnya dan selalu ngelag sudah dari saya terimakasih,game ini lumayan bagus tapi banyak bugnya dan selalu ngelag sudah dari saya terimakasih,game ini lumayan bagus tapi banyak bugnya dan selalu ngelag sudah dari saya terimakasih,"['game', 'ini', 'lumayan', 'bagus', 'tapi', 'banyak', 'bugnya', 'dan', 'selalu', 'ngelag', 'sudah', 'dari', 'saya', 'terimakasih']","['game', 'lumayan', 'bagus', 'banyak', 'bugnya', 'selalu', 'ngelag', 'terimakasih']","['game', 'lumayan', 'bagus', 'banyak', 'bugnya', 'selalu', 'ngelag', 'terimakasih']",game lumayan bagus banyak bugnya selalu ngelag terimakasih
Luzitodasilva,5,2025-09-30 16:25:17,terbaikkkkk lahhh,terbaikkkkk lahhh,terbaikkkkk lahhh,"['terbaikkkkk', 'lahhh']","['terbaikkkkk', 'lahhh']","['terbaikkkkk', 'lahhh']",terbaikkkkk lahhh
Samuel Simanjuntak,5,2025-09-30 16:11:50,game ini terlalu keren,game ini terlalu keren,game ini terlalu keren,"['game', 'ini', 'terlalu', 'keren']","['game', 'terlalu', 'keren']","['game', 'terlalu', 'keren']",game terlalu keren
Fawazzz Kontol,1,2025-09-30 16:07:22,bayak bug nya,bayak bug nya,bayak bug nya,"['bayak', 'bug', 'nya']","['bayak', 'bug', 'nya']","['bayak', 'bug', 'nya']",bayak bug nya
Prima Aliani,1,2025-09-30 16:06:36,"gabisa onmic eror padahal cuma ngelag dikit ,di game lain yg besar Roblox ml aja bisa onmic masa sekelas ff ga bisa onmic dah sebulan ini","gabisa onmic eror padahal cuma ngelag dikit ,di game lain yg besar roblox ml aja bisa onmic masa sekelas ff ga bisa onmic dah sebulan ini",gabisa onmic eror padahal cuma ngelag dikit di game lain yg besar roblox ml aja bisa onmic masa sekelas ff ga bisa onmic dah sebulan ini,"['gabisa', 'onmic', 'eror', 'padahal', 'cuma', 'ngelag', 'dikit', 'di', 'game', 'lain', 'yg', 'besar', 'roblox', 'ml', 'aja', 'bisa', 'onmic', 'masa', 'sekelas', 'ff', 'ga', 'bisa', 'onmic', 'dah', 'sebulan', 'ini']","['gabisa', 'onmic', 'eror', 'padahal', 'cuma', 'ngelag', 'dikit', 'game', 'yg', 'besar', 'roblox', 'ml', 'aja', 'onmic', 'masa', 'sekelas', 'ff', 'ga', 'onmic', 'dah', 'sebulan']","['gabisa', 'onmic', 'eror', 'padahal', 'cuma', 'ngelag', 'dikit', 'game', 'yg', 'besar', 'roblox', 'ml', 'aja', 'onmic', 'masa', 'kelas', 'ff', 'ga', 'onmic', 'dah', 'bulan']",gabisa onmic eror padahal cuma ngelag dikit game yg besar roblox ml aja onmic masa kelas ff ga onmic dah bulan
Besuki Flasher,1,2025-09-30 16:00:24,ff sekarang pakek wifi udah gak bisa cuman bisa pakek pakettan liat bandul aja gak bisa lebih baik pindah game aja ml lebih asik,ff sekarang pakek wifi udah gak bisa cuman bisa pakek pakettan liat bandul aja gak bisa lebih baik pindah game aja ml lebih asik,ff sekarang pakek wifi udah gak bisa cuman bisa pakek pakettan liat bandul aja gak bisa lebih baik pindah game aja ml lebih asik,"['ff', 'sekarang', 'pakek', 'wifi', 'udah', 'gak', 'bisa', 'cuman', 'bisa', 'pakek', 'pakettan', 'liat', 'bandul', 'aja', 'gak', 'bisa', 'lebih', 'baik', 'pindah', 'game', 'aja', 'ml', 'lebih', 'asik']","['ff', 'sekarang', 'pakek', 'wifi', 'udah', 'gak', 'cuman', 'pakek', 'pakettan', 'liat', 'bandul', 'aja', 'gak', 'lebih', 'baik', 'pindah', 'game', 'aja', 'ml', 'lebih', 'asik']","['ff', 'sekarang', 'pakek', 'wifi', 'udah', 'gak', 'cuman', 'pakek', 'pakettan', 'liat', 'bandul', 'aja', 'gak', 'lebih', 'baik', 'pindah', 'game', 'aja', 'ml', 'lebih', 'asik']",ff sekarang pakek wifi udah gak cuman pakek pakettan liat bandul aja gak lebih baik pindah game aja ml lebih asik
Tembilahan Tembilahan,1,2025-09-30 15:55:40,Game gak jelas bang Budi kaga bisa main game tolol,game gak jelas bang budi kaga bisa main game tolol,game gak jelas bang budi kaga bisa main game tolol,"['game', 'gak', 'jelas', 'bang', 'budi', 'kaga', 'bisa', 'main', 'game', 'tolol']","['game', 'gak', 'jelas', 'bang', 'budi', 'kaga', 'main', 'game', 'tolol']","['game', 'gak', 'jelas', 'bang', 'budi', 'kaga', 'main', 'game', 'tolol']",game gak jelas bang budi kaga main game tolol
Fajri Maulana,1,2025-09-30 15:52:32,Game nya udah bagus tapi pas update kemarin masa jaringan nya GK stabil pas di map grafland di mode yg lain lancar aja tolong di perbaiki min🙏,game nya udah bagus tapi pas update kemarin masa jaringan nya gk stabil pas di map grafland di mode yg lain lancar aja tolong di perbaiki min🙏,game nya udah bagus tapi pas update kemarin masa jaringan nya gk stabil pas di map grafland di mode yg lain lancar aja tolong di perbaiki min,"['game', 'nya', 'udah', 'bagus', 'tapi', 'pas', 'update', 'kemarin', 'masa', 'jaringan', 'nya', 'gk', 'stabil', 'pas', 'di', 'map', 'grafland', 'di', 'mode', 'yg', 'lain', 'lancar', 'aja', 'tolong', 'di', 'perbaiki', 'min']","['game', 'nya', 'udah', 'bagus', 'pas', 'update', 'kemarin', 'masa', 'jaringan', 'nya', 'gk', 'stabil', 'pas', 'map', 'grafland', 'mode', 'yg', 'lancar', 'aja', 'perbaiki', 'min']","['game', 'nya', 'udah', 'bagus', 'pas', 'update', 'kemarin', 'masa', 'jaring', 'nya', 'gk', 'stabil', 'pas', 'map', 'grafland', 'mode', 'yg', 'lancar', 'aja', 'baik', 'min']",game nya udah bagus pas update kemarin masa jaring nya gk stabil pas map grafland mode yg lancar aja baik min
mahira asyifa,4,2025-09-30 15:33:21,"entah karna hp aku nya yg nglg apa emng dri sna nya kdng suka ke pental ke lobby pdhl tmn ak udh ad di dalam game,and nglk bngt pdhl sinyal nya bgus"" aja","entah karna hp aku nya yg nglg apa emng dri sna nya kdng suka ke pental ke lobby pdhl tmn ak udh ad di dalam game,and nglk bngt pdhl sinyal nya bgus"" aja",entah karna hp aku nya yg nglg apa emng dri sna nya kdng suka ke pental ke lobby pdhl tmn ak udh ad di dalam gameand nglk bngt pdhl sinyal nya bgus aja,"['entah', 'karna', 'hp', 'aku', 'nya', 'yg', 'nglg', 'apa', 'emng', 'dri', 'sna', 'nya', 'kdng', 'suka', 'ke', 'pental', 'ke', 'lobby', 'pdhl', 'tmn', 'ak', 'udh', 'ad', 'di', 'dalam', 'gameand', 'nglk', 'bngt', 'pdhl', 'sinyal', 'nya', 'bgus', 'aja']","['entah', 'karna', 'hp', 'aku', 'nya', 'yg', 'nglg', 'apa', 'emng', 'dri', 'sna', 'nya', 'kdng', 'suka', 'pental', 'lobby', 'pdhl', 'tmn', 'ak', 'udh', 'ad', 'gameand', 'nglk', 'bngt', 'pdhl', 'sinyal', 'nya', 'bgus', 'aja']","['entah', 'karna', 'hp', 'aku', 'nya', 'yg', 'nglg', 'apa', 'emng', 'dri', 'sna', 'nya', 'kdng', 'suka', 'pental', 'lobby', 'pdhl', 'tmn', 'ak', 'udh', 'ad', 'gameand', 'nglk', 'bngt', 'pdhl', 'sinyal', 'nya', 'bgus', 'aja']",entah karna hp aku nya yg nglg apa emng dri sna nya kdng suka pental lobby pdhl tmn ak udh ad gameand nglk bngt pdhl sinyal nya bgus aja
Andhie Al-Marabahany,5,2025-09-30 15:33:07,gem gacorrr,gem gacorrr,gem gacorrr,"['gem', 'gacorrr']","['gem', 'gacorrr']","['gem', 'gacorrr']",gem gacorrr
Aji Saputra,1,2025-09-30 15:27:03,"ff game burikk ,game nyaa banyak bug nyaa","ff game burikk ,game nyaa banyak bug nyaa",ff game burikk game nyaa banyak bug nyaa,"['ff', 'game', 'burikk', 'game', 'nyaa', 'banyak', 'bug', 'nyaa']","['ff', 'game', 'burikk', 'game', 'nyaa', 'banyak', 'bug', 'nyaa']","['ff', 'game', 'burikk', 'game', 'nyaa', 'banyak', 'bug', 'nyaa']",ff game burikk game nyaa banyak bug nyaa
Denis Zailendra,5,2025-09-30 15:23:26,このゲームはとても良いです。5つ星を付けます。,このゲームはとても良いです。5つ星を付けます。,,[],[],[],
Tini Surtini,5,2025-09-30 15:21:56,game ini seru banget,game ini seru banget,game ini seru banget,"['game', 'ini', 'seru', 'banget']","['game', 'seru', 'banget']","['game', 'seru', 'banget']",game seru banget
Riswal Awal,5,2025-09-30 15:15:53,bagus,bagus,bagus,['bagus'],['bagus'],['bagus'],bagus
Idham Holid,5,2025-09-30 15:12:49,sangat bagusss,sangat bagusss,sangat bagusss,"['sangat', 'bagusss']","['sangat', 'bagusss']","['sangat', 'bagusss']",sangat bagusss
Riska Dian,5,2025-09-30 15:03:03,MIMIN BOYYAH MAU NANYA NIH KENAPA YA DI TRANING BANYAK CHEATER PADAHAL AKU GAK KENA BLACKLIST,mimin boyyah mau nanya nih kenapa ya di traning banyak cheater padahal aku gak kena blacklist,mimin boyyah mau nanya nih kenapa ya di traning banyak cheater padahal aku gak kena blacklist,"['mimin', 'boyyah', 'mau', 'nanya', 'nih', 'kenapa', 'ya', 'di', 'traning', 'banyak', 'cheater', 'padahal', 'aku', 'gak', 'kena', 'blacklist']","['mimin', 'boyyah', 'mau', 'nanya', 'nih', 'traning', 'banyak', 'cheater', 'padahal', 'aku', 'gak', 'kena', 'blacklist']","['mimin', 'boyyah', 'mau', 'nanya', 'nih', 'traning', 'banyak', 'cheater', 'padahal', 'aku', 'gak', 'kena', 'blacklist']",mimin boyyah mau nanya nih traning banyak cheater padahal aku gak kena blacklist
Zhy Azizah,5,2025-09-30 15:01:01,seru banget,seru banget,seru banget,"['seru', 'banget']","['seru', 'banget']","['seru', 'banget']",seru banget
Adi Ariyanto,3,2025-09-30 14:56:52,garena tolong musuh di setarain rank masa rank kita golt musuh nya heroic ga adil lah,garena tolong musuh di setarain rank masa rank kita golt musuh nya heroic ga adil lah,garena tolong musuh di setarain rank masa rank kita golt musuh nya heroic ga adil lah,"['garena', 'tolong', 'musuh', 'di', 'setarain', 'rank', 'masa', 'rank', 'kita', 'golt', 'musuh', 'nya', 'heroic', 'ga', 'adil', 'lah']","['garena', 'musuh', 'setarain', 'rank', 'masa', 'rank', 'golt', 'musuh', 'nya', 'heroic', 'ga', 'adil', 'lah']","['garena', 'musuh', 'setarain', 'rank', 'masa', 'rank', 'golt', 'musuh', 'nya', 'heroic', 'ga', 'adil', 'lah']",garena musuh setarain rank masa rank golt musuh nya heroic ga adil lah
Moningka,1,2025-09-30 14:56:30,jangan buat bang budi pensi karna main game sebelah tolong garena,jangan buat bang budi pensi karna main game sebelah tolong garena,jangan buat bang budi pensi karna main game sebelah tolong garena,"['jangan', 'buat', 'bang', 'budi', 'pensi', 'karna', 'main', 'game', 'sebelah', 'tolong', 'garena']","['jangan', 'buat', 'bang', 'budi', 'pensi', 'karna', 'main', 'game', 'sebelah', 'garena']","['jangan', 'buat', 'bang', 'budi', 'pensi', 'karna', 'main', 'game', 'belah', 'garena']",jangan buat bang budi pensi karna main game belah garena
Alfian Risdiyanto,1,2025-09-30 14:51:32,kembali kan bg budi 01 geming,kembali kan bg budi 01 geming,kembali kan bg budi geming,"['kembali', 'kan', 'bg', 'budi', 'geming']","['kan', 'bg', 'budi', 'geming']","['kan', 'bg', 'budi', 'geming']",kan bg budi geming
Refin,1,2025-09-30 14:40:20,Budi 012 gaming gak bisa main lagi,budi 012 gaming gak bisa main lagi,budi gaming gak bisa main lagi,"['budi', 'gaming', 'gak', 'bisa', 'main', 'lagi']","['budi', 'gaming', 'gak', 'main']","['budi', 'gaming', 'gak', 'main']",budi gaming gak main
Aril Gunawan,5,2025-09-30 14:39:56,ff emang keren banyak iven menarik apa lagi top ap nya murah sama member sip nya murah banyak dm nya dah emang keren,ff emang keren banyak iven menarik apa lagi top ap nya murah sama member sip nya murah banyak dm nya dah emang keren,ff emang keren banyak iven menarik apa lagi top ap nya murah sama member sip nya murah banyak dm nya dah emang keren,"['ff', 'emang', 'keren', 'banyak', 'iven', 'menarik', 'apa', 'lagi', 'top', 'ap', 'nya', 'murah', 'sama', 'member', 'sip', 'nya', 'murah', 'banyak', 'dm', 'nya', 'dah', 'emang', 'keren']","['ff', 'emang', 'keren', 'banyak', 'iven', 'menarik', 'apa', 'top', 'ap', 'nya', 'murah', 'sama', 'member', 'sip', 'nya', 'murah', 'banyak', 'dm', 'nya', 'dah', 'emang', 'keren']","['ff', 'emang', 'keren', 'banyak', 'iven', 'tarik', 'apa', 'top', 'ap', 'nya', 'murah', 'sama', 'member', 'sip', 'nya', 'murah', 'banyak', 'dm', 'nya', 'dah', 'emang', 'keren']",ff emang keren banyak iven tarik apa top ap nya murah sama member sip nya murah banyak dm nya dah emang keren
ikyy lmj,5,2025-09-30 14:37:47,Mantap min ouh iya.bunddel paradox kpn rilis min??,mantap min ouh iya.bunddel paradox kpn rilis min??,mantap min ouh iyabunddel paradox kpn rilis min,"['mantap', 'min', 'ouh', 'iyabunddel', 'paradox', 'kpn', 'rilis', 'min']","['mantap', 'min', 'ouh', 'iyabunddel', 'paradox', 'kpn', 'rilis', 'min']","['mantap', 'min', 'ouh', 'iyabunddel', 'paradox', 'kpn', 'rilis', 'min']",mantap min ouh iyabunddel paradox kpn rilis min
Aprilian Ahmad,5,2025-09-30 14:37:43,ffmax the best,ffmax the best,ffmax the best,"['ffmax', 'the', 'best']","['ffmax', 'the', 'best']","['ffmax', 'the', 'best']",ffmax the best
Rio Rinaldy,5,2025-09-30 14:37:13,mantap banget saya sangat senang karena bisa jadi support sistem dengan banyak epep,mantap banget saya sangat senang karena bisa jadi support sistem dengan banyak epep,mantap banget saya sangat senang karena bisa jadi support sistem dengan banyak epep,"['mantap', 'banget', 'saya', 'sangat', 'senang', 'karena', 'bisa', 'jadi', 'support', 'sistem', 'dengan', 'banyak', 'epep']","['mantap', 'banget', 'sangat', 'senang', 'jadi', 'support', 'sistem', 'banyak', 'epep']","['mantap', 'banget', 'sangat', 'senang', 'jadi', 'support', 'sistem', 'banyak', 'epep']",mantap banget sangat senang jadi support sistem banyak epep
Muhammad Faishol,4,2025-09-30 14:35:02,gift aku diamond garena,gift aku diamond garena,gift aku diamond garena,"['gift', 'aku', 'diamond', 'garena']","['gift', 'aku', 'diamond', 'garena']","['gift', 'aku', 'diamond', 'garena']",gift aku diamond garena
Aditya Arya saputra,5,2025-09-30 14:29:47,saat saya bermain ff jaringan saya tidak setabil,saat saya bermain ff jaringan saya tidak setabil,saat saya bermain ff jaringan saya tidak setabil,"['saat', 'saya', 'bermain', 'ff', 'jaringan', 'saya', 'tidak', 'setabil']","['bermain', 'ff', 'jaringan', 'setabil']","['main', 'ff', 'jaring', 'setabil']",main ff jaring setabil
Halim Hasanuddin,5,2025-09-30 14:25:44,ff makin bagus aja nih,ff makin bagus aja nih,ff makin bagus aja nih,"['ff', 'makin', 'bagus', 'aja', 'nih']","['ff', 'makin', 'bagus', 'aja', 'nih']","['ff', 'makin', 'bagus', 'aja', 'nih']",ff makin bagus aja nih
Albian Ridho,1,2025-09-30 14:22:33,ni game makin lama makin rusak,ni game makin lama makin rusak,ni game makin lama makin rusak,"['ni', 'game', 'makin', 'lama', 'makin', 'rusak']","['ni', 'game', 'makin', 'lama', 'makin', 'rusak']","['ni', 'game', 'makin', 'lama', 'makin', 'rusak']",ni game makin lama makin rusak
Petrik Sakiti,2,2025-09-30 14:17:25,weeyyyy,weeyyyy,weeyyyy,['weeyyyy'],['weeyyyy'],['weeyyyy'],weeyyyy
Oktarini Athing,5,2025-09-30 14:11:53,bagus sekali main sama teman dan Abang saudara,bagus sekali main sama teman dan abang saudara,bagus sekali main sama teman dan abang saudara,"['bagus', 'sekali', 'main', 'sama', 'teman', 'dan', 'abang', 'saudara']","['bagus', 'sekali', 'main', 'sama', 'teman', 'abang', 'saudara']","['bagus', 'sekali', 'main', 'sama', 'teman', 'abang', 'saudara']",bagus sekali main sama teman abang saudara
Abidzar Dilapanga,5,2025-09-30 14:08:05,bagus sekali dan enak,bagus sekali dan enak,bagus sekali dan enak,"['bagus', 'sekali', 'dan', 'enak']","['bagus', 'sekali', 'enak']","['bagus', 'sekali', 'enak']",bagus sekali enak
AZKA,1,2025-09-30 14:07:38,karna ini game sangat skibidi+mewing jadi gw kasih bintang 5😈😈😜😹😹🤭🤭😠,karna ini game sangat skibidi+mewing jadi gw kasih bintang 5😈😈😜😹😹🤭🤭😠,karna ini game sangat skibidimewing jadi gw kasih bintang,"['karna', 'ini', 'game', 'sangat', 'skibidimewing', 'jadi', 'gw', 'kasih', 'bintang']","['karna', 'game', 'sangat', 'skibidimewing', 'jadi', 'gw', 'kasih', 'bintang']","['karna', 'game', 'sangat', 'skibidimewing', 'jadi', 'gw', 'kasih', 'bintang']",karna game sangat skibidimewing jadi gw kasih bintang
Fizzz Debran,1,2025-09-30 14:06:39,woi anjng anak anjng kau ya masa maen ngeleg tapi sinyal bagus anjng kau ngentt sialan,woi anjng anak anjng kau ya masa maen ngeleg tapi sinyal bagus anjng kau ngentt sialan,woi anjng anak anjng kau ya masa maen ngeleg tapi sinyal bagus anjng kau ngentt sialan,"['woi', 'anjng', 'anak', 'anjng', 'kau', 'ya', 'masa', 'maen', 'ngeleg', 'tapi', 'sinyal', 'bagus', 'anjng', 'kau', 'ngentt', 'sialan']","['woi', 'anjng', 'anak', 'anjng', 'kau', 'masa', 'maen', 'ngeleg', 'sinyal', 'bagus', 'anjng', 'kau', 'ngentt', 'sialan']","['woi', 'anjng', 'anak', 'anjng', 'kau', 'masa', 'maen', 'ngeleg', 'sinyal', 'bagus', 'anjng', 'kau', 'ngentt', 'sial']",woi anjng anak anjng kau masa maen ngeleg sinyal bagus anjng kau ngentt sial
Ervan Zai,5,2025-09-30 14:03:46,bagus game nya,bagus game nya,bagus game nya,"['bagus', 'game', 'nya']","['bagus', 'game', 'nya']","['bagus', 'game', 'nya']",bagus game nya
Agus Otista,5,2025-09-30 14:01:20,bagus gak patah patah enak maem,bagus gak patah patah enak maem,bagus gak patah patah enak maem,"['bagus', 'gak', 'patah', 'patah', 'enak', 'maem']","['bagus', 'gak', 'patah', 'patah', 'enak', 'maem']","['bagus', 'gak', 'patah', 'patah', 'enak', 'maem']",bagus gak patah patah enak maem
Khairul Fuadi,1,2025-09-30 13:59:38,geme nya jelek,geme nya jelek,geme nya jelek,"['geme', 'nya', 'jelek']","['geme', 'nya', 'jelek']","['geme', 'nya', 'jelek']",geme nya jelek
Prihatin Lestari,5,2025-09-30 13:56:13,bagus banget,bagus banget,bagus banget,"['bagus', 'banget']","['bagus', 'banget']","['bagus', 'banget']",bagus banget
Riyan Yanz,5,2025-09-30 13:56:02,burik kaya mon.yet,burik kaya mon.yet,burik kaya monyet,"['burik', 'kaya', 'monyet']","['burik', 'kaya', 'monyet']","['burik', 'kaya', 'monyet']",burik kaya monyet
Zidan Jalil,5,2025-09-30 13:53:32,FreeFireMAxN😁😁😁😁😁😁😁😁,freefiremaxn😁😁😁😁😁😁😁😁,freefiremaxn,['freefiremaxn'],['freefiremaxn'],['freefiremaxn'],freefiremaxn
viaa 883,1,2025-09-30 13:52:16,Kenapa suaraku patah² di yang lain garentooddd!!!,kenapa suaraku patah² di yang lain garentooddd!!!,kenapa suaraku patah di yang lain garentooddd,"['kenapa', 'suaraku', 'patah', 'di', 'yang', 'lain', 'garentooddd']","['suaraku', 'patah', 'garentooddd']","['suara', 'patah', 'garentooddd']",suara patah garentooddd
Yayat Supriyatna,2,2025-09-30 13:52:01,gw main gak pernah di kasihanni sama ni develover gw kecewa banget sii game gak ada etika tim gw dapat yg BOT lah dari musuh pada jago semua tolong lah kalau kalah terus menerus tolong kasih keringanan mana gw sepin event gak dapet bundle utama malah dapet ampas mana udah abis 1000 dm,gw main gak pernah di kasihanni sama ni develover gw kecewa banget sii game gak ada etika tim gw dapat yg bot lah dari musuh pada jago semua tolong lah kalau kalah terus menerus tolong kasih keringanan mana gw sepin event gak dapet bundle utama malah dapet ampas mana udah abis 1000 dm,gw main gak pernah di kasihanni sama ni develover gw kecewa banget sii game gak ada etika tim gw dapat yg bot lah dari musuh pada jago semua tolong lah kalau kalah terus menerus tolong kasih keringanan mana gw sepin event gak dapet bundle utama malah dapet ampas mana udah abis dm,"['gw', 'main', 'gak', 'pernah', 'di', 'kasihanni', 'sama', 'ni', 'develover', 'gw', 'kecewa', 'banget', 'sii', 'game', 'gak', 'ada', 'etika', 'tim', 'gw', 'dapat', 'yg', 'bot', 'lah', 'dari', 'musuh', 'pada', 'jago', 'semua', 'tolong', 'lah', 'kalau', 'kalah', 'terus', 'menerus', 'tolong', 'kasih', 'keringanan', 'mana', 'gw', 'sepin', 'event', 'gak', 'dapet', 'bundle', 'utama', 'malah', 'dapet', 'ampas', 'mana', 'udah', 'abis', 'dm']","['gw', 'main', 'gak', 'pernah', 'kasihanni', 'sama', 'ni', 'develover', 'gw', 'kecewa', 'banget', 'sii', 'game', 'gak', 'etika', 'tim', 'gw', 'yg', 'bot', 'lah', 'musuh', 'jago', 'semua', 'lah', 'kalau', 'kalah', 'terus', 'menerus', 'kasih', 'keringanan', 'mana', 'gw', 'sepin', 'event', 'gak', 'dapet', 'bundle', 'utama', 'malah', 'dapet', 'ampas', 'mana', 'udah', 'abis', 'dm']","['gw', 'main', 'gak', 'pernah', 'kasihanni', 'sama', 'ni', 'develover', 'gw', 'kecewa', 'banget', 'sii', 'game', 'gak', 'etika', 'tim', 'gw', 'yg', 'bot', 'lah', 'musuh', 'jago', 'semua', 'lah', 'kalau', 'kalah', 'terus', 'terus', 'kasih', 'ringan', 'mana', 'gw', 'pin', 'event', 'gak', 'dapet', 'bundle', 'utama', 'malah', 'dapet', 'ampas', 'mana', 'udah', 'abis', 'dm']",gw main gak pernah kasihanni sama ni develover gw kecewa banget sii game gak etika tim gw yg bot lah musuh jago semua lah kalau kalah terus terus kasih ringan mana gw pin event gak dapet bundle utama malah dapet ampas mana udah abis dm
beis frianto,5,2025-09-30 13:51:03,game nya seru dan bisa keretek²,game nya seru dan bisa keretek²,game nya seru dan bisa keretek,"['game', 'nya', 'seru', 'dan', 'bisa', 'keretek']","['game', 'nya', 'seru', 'keretek']","['game', 'nya', 'seru', 'keretek']",game nya seru keretek
Lutfan Najam,1,2025-09-30 13:47:33,kacang lupa kulitnya?,kacang lupa kulitnya?,kacang lupa kulitnya,"['kacang', 'lupa', 'kulitnya']","['kacang', 'lupa', 'kulitnya']","['kacang', 'lupa', 'kulit']",kacang lupa kulit
Andi Azka,1,2025-09-30 13:47:11,tolong jan blacklist bg budi karna dia cuma menjalani pekerjaan nya dan menafkahi keluarga nya ff makin kesini makin makin ya😮‍💨,tolong jan blacklist bg budi karna dia cuma menjalani pekerjaan nya dan menafkahi keluarga nya ff makin kesini makin makin ya😮‍💨,tolong jan blacklist bg budi karna dia cuma menjalani pekerjaan nya dan menafkahi keluarga nya ff makin kesini makin makin ya,"['tolong', 'jan', 'blacklist', 'bg', 'budi', 'karna', 'dia', 'cuma', 'menjalani', 'pekerjaan', 'nya', 'dan', 'menafkahi', 'keluarga', 'nya', 'ff', 'makin', 'kesini', 'makin', 'makin', 'ya']","['jan', 'blacklist', 'bg', 'budi', 'karna', 'cuma', 'menjalani', 'pekerjaan', 'nya', 'menafkahi', 'keluarga', 'nya', 'ff', 'makin', 'kesini', 'makin', 'makin']","['jan', 'blacklist', 'bg', 'budi', 'karna', 'cuma', 'jalan', 'kerja', 'nya', 'nafkah', 'keluarga', 'nya', 'ff', 'makin', 'kesini', 'makin', 'makin']",jan blacklist bg budi karna cuma jalan kerja nya nafkah keluarga nya ff makin kesini makin makin
Ngurah Dio,1,2025-09-30 13:46:48,jelek,jelek,jelek,['jelek'],['jelek'],['jelek'],jelek
Surya Ramadhan,4,2025-09-30 13:46:34,gm ini sangat enak musuh pada kuat😁😁,gm ini sangat enak musuh pada kuat😁😁,gm ini sangat enak musuh pada kuat,"['gm', 'ini', 'sangat', 'enak', 'musuh', 'pada', 'kuat']","['gm', 'sangat', 'enak', 'musuh', 'kuat']","['gm', 'sangat', 'enak', 'musuh', 'kuat']",gm sangat enak musuh kuat
Skibidi Yepyep,5,2025-09-30 13:43:21,dlu 2020 seru bngt sekarang udh ngga Krasa,dlu 2020 seru bngt sekarang udh ngga krasa,dlu seru bngt sekarang udh ngga krasa,"['dlu', 'seru', 'bngt', 'sekarang', 'udh', 'ngga', 'krasa']","['dlu', 'seru', 'bngt', 'sekarang', 'udh', 'ngga', 'krasa']","['dlu', 'seru', 'bngt', 'sekarang', 'udh', 'ngga', 'krasa']",dlu seru bngt sekarang udh ngga krasa
Kaisar BSWDN,1,2025-09-30 13:40:52,sebelum banyakin event perbaiki dulu nohh jaringan. padahal jaringan wifi gua udh bagus kok pas in game merah mulu teruss pas gua coba main game lain bagus bagus aj jaringan ini kok pas main free fire jaringan nya jelek battt,sebelum banyakin event perbaiki dulu nohh jaringan. padahal jaringan wifi gua udh bagus kok pas in game merah mulu teruss pas gua coba main game lain bagus bagus aj jaringan ini kok pas main free fire jaringan nya jelek battt,sebelum banyakin event perbaiki dulu nohh jaringan padahal jaringan wifi gua udh bagus kok pas in game merah mulu teruss pas gua coba main game lain bagus bagus aj jaringan ini kok pas main free fire jaringan nya jelek battt,"['sebelum', 'banyakin', 'event', 'perbaiki', 'dulu', 'nohh', 'jaringan', 'padahal', 'jaringan', 'wifi', 'gua', 'udh', 'bagus', 'kok', 'pas', 'in', 'game', 'merah', 'mulu', 'teruss', 'pas', 'gua', 'coba', 'main', 'game', 'lain', 'bagus', 'bagus', 'aj', 'jaringan', 'ini', 'kok', 'pas', 'main', 'free', 'fire', 'jaringan', 'nya', 'jelek', 'battt']","['banyakin', 'event', 'perbaiki', 'dulu', 'nohh', 'jaringan', 'padahal', 'jaringan', 'wifi', 'gua', 'udh', 'bagus', 'kok', 'pas', 'in', 'game', 'merah', 'mulu', 'teruss', 'pas', 'gua', 'coba', 'main', 'game', 'bagus', 'bagus', 'aj', 'jaringan', 'kok', 'pas', 'main', 'free', 'fire', 'jaringan', 'nya', 'jelek', 'battt']","['banyakin', 'event', 'baik', 'dulu', 'nohh', 'jaring', 'padahal', 'jaring', 'wifi', 'gua', 'udh', 'bagus', 'kok', 'pas', 'in', 'game', 'merah', 'mulu', 'teruss', 'pas', 'gua', 'coba', 'main', 'game', 'bagus', 'bagus', 'aj', 'jaring', 'kok', 'pas', 'main', 'free', 'fire', 'jaring', 'nya', 'jelek', 'battt']",banyakin event baik dulu nohh jaring padahal jaring wifi gua udh bagus kok pas in game merah mulu teruss pas gua coba main game bagus bagus aj jaring kok pas main free fire jaring nya jelek battt
Luki Epep,1,2025-09-30 13:40:14,"game nya pantas di kasih bintang 5, soalnya ada iklan bokep nya","game nya pantas di kasih bintang 5, soalnya ada iklan bokep nya",game nya pantas di kasih bintang soalnya ada iklan bokep nya,"['game', 'nya', 'pantas', 'di', 'kasih', 'bintang', 'soalnya', 'ada', 'iklan', 'bokep', 'nya']","['game', 'nya', 'pantas', 'kasih', 'bintang', 'soalnya', 'iklan', 'bokep', 'nya']","['game', 'nya', 'pantas', 'kasih', 'bintang', 'soal', 'iklan', 'bokep', 'nya']",game nya pantas kasih bintang soal iklan bokep nya
Aldo 26,1,2025-09-30 13:39:50,"gamee burik bg budi di blacklist, mikir kids. 8 bit lagiii😹","gamee burik bg budi di blacklist, mikir kids. 8 bit lagiii😹",gamee burik bg budi di blacklist mikir kids bit lagiii,"['gamee', 'burik', 'bg', 'budi', 'di', 'blacklist', 'mikir', 'kids', 'bit', 'lagiii']","['gamee', 'burik', 'bg', 'budi', 'blacklist', 'mikir', 'kids', 'bit', 'lagiii']","['gamee', 'burik', 'bg', 'budi', 'blacklist', 'mikir', 'kids', 'bit', 'lagiii']",gamee burik bg budi blacklist mikir kids bit lagiii
Alexa Alexo,5,2025-09-30 13:39:02,sangat baikkk,sangat baikkk,sangat baikkk,"['sangat', 'baikkk']","['sangat', 'baikkk']","['sangat', 'baikkk']",sangat baikkk
Dame Boy,5,2025-09-30 13:34:23,kepada yth bapak pencipta free fire tolong akun saya jgn di BL karena bukan saya yg memakai Chet tetapi kawan yg tidak saya kenal tolong kembalikan akun ku Garena biar tidak kena BL,kepada yth bapak pencipta free fire tolong akun saya jgn di bl karena bukan saya yg memakai chet tetapi kawan yg tidak saya kenal tolong kembalikan akun ku garena biar tidak kena bl,kepada yth bapak pencipta free fire tolong akun saya jgn di bl karena bukan saya yg memakai chet tetapi kawan yg tidak saya kenal tolong kembalikan akun ku garena biar tidak kena bl,"['kepada', 'yth', 'bapak', 'pencipta', 'free', 'fire', 'tolong', 'akun', 'saya', 'jgn', 'di', 'bl', 'karena', 'bukan', 'saya', 'yg', 'memakai', 'chet', 'tetapi', 'kawan', 'yg', 'tidak', 'saya', 'kenal', 'tolong', 'kembalikan', 'akun', 'ku', 'garena', 'biar', 'tidak', 'kena', 'bl']","['yth', 'bapak', 'pencipta', 'free', 'fire', 'akun', 'jgn', 'bl', 'bukan', 'yg', 'memakai', 'chet', 'kawan', 'yg', 'kenal', 'kembalikan', 'akun', 'ku', 'garena', 'biar', 'kena', 'bl']","['yth', 'bapak', 'cipta', 'free', 'fire', 'akun', 'jgn', 'bl', 'bukan', 'yg', 'pakai', 'chet', 'kawan', 'yg', 'kenal', 'kembali', 'akun', 'ku', 'garena', 'biar', 'kena', 'bl']",yth bapak cipta free fire akun jgn bl bukan yg pakai chet kawan yg kenal kembali akun ku garena biar kena bl
Queenly Tuppang,3,2025-09-30 13:29:17,aku kasi 3 bintang karena aku bosan karna sinyal nya 4G ko 999 sinyal nya jadi aku cuma saranin perbaiki lagi yahh😊🙏,aku kasi 3 bintang karena aku bosan karna sinyal nya 4g ko 999 sinyal nya jadi aku cuma saranin perbaiki lagi yahh😊🙏,aku kasi bintang karena aku bosan karna sinyal nya g ko sinyal nya jadi aku cuma saranin perbaiki lagi yahh,"['aku', 'kasi', 'bintang', 'karena', 'aku', 'bosan', 'karna', 'sinyal', 'nya', 'g', 'ko', 'sinyal', 'nya', 'jadi', 'aku', 'cuma', 'saranin', 'perbaiki', 'lagi', 'yahh']","['aku', 'kasi', 'bintang', 'aku', 'bosan', 'karna', 'sinyal', 'nya', 'g', 'ko', 'sinyal', 'nya', 'jadi', 'aku', 'cuma', 'saranin', 'perbaiki', 'yahh']","['aku', 'kasi', 'bintang', 'aku', 'bosan', 'karna', 'sinyal', 'nya', 'g', 'ko', 'sinyal', 'nya', 'jadi', 'aku', 'cuma', 'saranin', 'baik', 'yahh']",aku kasi bintang aku bosan karna sinyal nya g ko sinyal nya jadi aku cuma saranin baik yahh
Farel bsk,5,2025-09-30 13:26:12,saya suka bnget dengan game free fire ini:),saya suka bnget dengan game free fire ini:),saya suka bnget dengan game free fire ini,"['saya', 'suka', 'bnget', 'dengan', 'game', 'free', 'fire', 'ini']","['suka', 'bnget', 'game', 'free', 'fire']","['suka', 'bnget', 'game', 'free', 'fire']",suka bnget game free fire
DELON DELON,5,2025-09-30 13:23:49,pengalaman yang keren,pengalaman yang keren,pengalaman yang keren,"['pengalaman', 'yang', 'keren']","['pengalaman', 'keren']","['alam', 'keren']",alam keren
Dipa,5,2025-09-30 13:23:49,kirimkan saya 1000 diamon,kirimkan saya 1000 diamon,kirimkan saya diamon,"['kirimkan', 'saya', 'diamon']","['kirimkan', 'diamon']","['kirim', 'diamon']",kirim diamon
Sandika Dika,5,2025-09-30 13:23:15,aku mau 5000 diamond ya,aku mau 5000 diamond ya,aku mau diamond ya,"['aku', 'mau', 'diamond', 'ya']","['aku', 'mau', 'diamond']","['aku', 'mau', 'diamond']",aku mau diamond
Agus Kurniawan,1,2025-09-30 13:22:47,ff sekarang udah burik gak bisa pake wifi,ff sekarang udah burik gak bisa pake wifi,ff sekarang udah burik gak bisa pake wifi,"['ff', 'sekarang', 'udah', 'burik', 'gak', 'bisa', 'pake', 'wifi']","['ff', 'sekarang', 'udah', 'burik', 'gak', 'pake', 'wifi']","['ff', 'sekarang', 'udah', 'burik', 'gak', 'pake', 'wifi']",ff sekarang udah burik gak pake wifi
kroco P,5,2025-09-30 13:20:58,aku mau kasih akun sultan pull max dan banyak bandel old lainnya,aku mau kasih akun sultan pull max dan banyak bandel old lainnya,aku mau kasih akun sultan pull max dan banyak bandel old lainnya,"['aku', 'mau', 'kasih', 'akun', 'sultan', 'pull', 'max', 'dan', 'banyak', 'bandel', 'old', 'lainnya']","['aku', 'mau', 'kasih', 'akun', 'sultan', 'pull', 'max', 'banyak', 'bandel', 'old', 'lainnya']","['aku', 'mau', 'kasih', 'akun', 'sultan', 'pull', 'max', 'banyak', 'bandel', 'old', 'lain']",aku mau kasih akun sultan pull max banyak bandel old lain
Suci Aulia Taufit,5,2025-09-30 13:20:57,saya suka aja,saya suka aja,saya suka aja,"['saya', 'suka', 'aja']","['suka', 'aja']","['suka', 'aja']",suka aja
indra saja,5,2025-09-30 13:19:45,game nya baguss walaupun banyak player toxic tapi ga di msukin hati kok smoga banyakk update yang lebih menarik yahhh,game nya baguss walaupun banyak player toxic tapi ga di msukin hati kok smoga banyakk update yang lebih menarik yahhh,game nya baguss walaupun banyak player toxic tapi ga di msukin hati kok smoga banyakk update yang lebih menarik yahhh,"['game', 'nya', 'baguss', 'walaupun', 'banyak', 'player', 'toxic', 'tapi', 'ga', 'di', 'msukin', 'hati', 'kok', 'smoga', 'banyakk', 'update', 'yang', 'lebih', 'menarik', 'yahhh']","['game', 'nya', 'baguss', 'walaupun', 'banyak', 'player', 'toxic', 'ga', 'msukin', 'hati', 'kok', 'smoga', 'banyakk', 'update', 'lebih', 'menarik', 'yahhh']","['game', 'nya', 'baguss', 'walaupun', 'banyak', 'player', 'toxic', 'ga', 'msukin', 'hati', 'kok', 'smoga', 'banyakk', 'update', 'lebih', 'tarik', 'yahhh']",game nya baguss walaupun banyak player toxic ga msukin hati kok smoga banyakk update lebih tarik yahhh
Da a,5,2025-09-30 13:19:22,burik,burik,burik,['burik'],['burik'],['burik'],burik
Honeyy Loveuu,5,2025-09-30 13:18:26,KANGENIN MAXX 999+,kangenin maxx 999+,kangenin maxx,"['kangenin', 'maxx']","['kangenin', 'maxx']","['kangenin', 'maxx']",kangenin maxx
Valentino Amal,5,2025-09-30 13:14:20,good,good,good,['good'],['good'],['good'],good
Khoril Anam,1,2025-09-30 13:13:33,seve bang budi 01 gaming,seve bang budi 01 gaming,seve bang budi gaming,"['seve', 'bang', 'budi', 'gaming']","['seve', 'bang', 'budi', 'gaming']","['seve', 'bang', 'budi', 'gaming']",seve bang budi gaming
Khusnatul Elfiyati Yours Neata,5,2025-09-30 13:11:53,ini gem paling seru,ini gem paling seru,ini gem paling seru,"['ini', 'gem', 'paling', 'seru']","['gem', 'paling', 'seru']","['gem', 'paling', 'seru']",gem paling seru
Hafizh Al-Ghazali,1,2025-09-30 13:11:02,minimal balikin lah peak old ya karena gk ada peak old player old jadi pensi sekian terima gaji,minimal balikin lah peak old ya karena gk ada peak old player old jadi pensi sekian terima gaji,minimal balikin lah peak old ya karena gk ada peak old player old jadi pensi sekian terima gaji,"['minimal', 'balikin', 'lah', 'peak', 'old', 'ya', 'karena', 'gk', 'ada', 'peak', 'old', 'player', 'old', 'jadi', 'pensi', 'sekian', 'terima', 'gaji']","['minimal', 'balikin', 'lah', 'peak', 'old', 'gk', 'peak', 'old', 'player', 'old', 'jadi', 'pensi', 'sekian', 'terima', 'gaji']","['minimal', 'balikin', 'lah', 'peak', 'old', 'gk', 'peak', 'old', 'player', 'old', 'jadi', 'pensi', 'sekian', 'terima', 'gaji']",minimal balikin lah peak old gk peak old player old jadi pensi sekian terima gaji
M Fathian virendra,1,2025-09-30 13:09:31,gamenya lumayan gede sama ya lumayan update juga,gamenya lumayan gede sama ya lumayan update juga,gamenya lumayan gede sama ya lumayan update juga,"['gamenya', 'lumayan', 'gede', 'sama', 'ya', 'lumayan', 'update', 'juga']","['gamenya', 'lumayan', 'gede', 'sama', 'lumayan', 'update']","['gamenya', 'lumayan', 'gede', 'sama', 'lumayan', 'update']",gamenya lumayan gede sama lumayan update
Najwa,5,2025-09-30 13:09:10,gem ini sangatlah bagus bagi para orang orang sad,gem ini sangatlah bagus bagi para orang orang sad,gem ini sangatlah bagus bagi para orang orang sad,"['gem', 'ini', 'sangatlah', 'bagus', 'bagi', 'para', 'orang', 'orang', 'sad']","['gem', 'sangatlah', 'bagus', 'orang', 'orang', 'sad']","['gem', 'sangat', 'bagus', 'orang', 'orang', 'sad']",gem sangat bagus orang orang sad
Zemi Priyansya,1,2025-09-30 13:06:32,kok budi di bl,kok budi di bl,kok budi di bl,"['kok', 'budi', 'di', 'bl']","['kok', 'budi', 'bl']","['kok', 'budi', 'bl']",kok budi bl
Azis Lubis,5,2025-09-30 13:06:26,gamenya Uda bagus skinnya juga bagus tapi tolong perbaikin Cristal royalnya kenapa gak bisa dibuka tolong di perbaiki sekian dari saya terima kasi🙏🙏🙏,gamenya uda bagus skinnya juga bagus tapi tolong perbaikin cristal royalnya kenapa gak bisa dibuka tolong di perbaiki sekian dari saya terima kasi🙏🙏🙏,gamenya uda bagus skinnya juga bagus tapi tolong perbaikin cristal royalnya kenapa gak bisa dibuka tolong di perbaiki sekian dari saya terima kasi,"['gamenya', 'uda', 'bagus', 'skinnya', 'juga', 'bagus', 'tapi', 'tolong', 'perbaikin', 'cristal', 'royalnya', 'kenapa', 'gak', 'bisa', 'dibuka', 'tolong', 'di', 'perbaiki', 'sekian', 'dari', 'saya', 'terima', 'kasi']","['gamenya', 'uda', 'bagus', 'skinnya', 'bagus', 'perbaikin', 'cristal', 'royalnya', 'gak', 'dibuka', 'perbaiki', 'sekian', 'terima', 'kasi']","['gamenya', 'uda', 'bagus', 'skinnya', 'bagus', 'perbaikin', 'cristal', 'royal', 'gak', 'buka', 'baik', 'sekian', 'terima', 'kasi']",gamenya uda bagus skinnya bagus perbaikin cristal royal gak buka baik sekian terima kasi
Rika rohadi,5,2025-09-30 13:02:46,bagus banget,bagus banget,bagus banget,"['bagus', 'banget']","['bagus', 'banget']","['bagus', 'banget']",bagus banget
Akbar Maulana,5,2025-09-30 12:57:24,good,good,good,['good'],['good'],['good'],good
Ferdicrb,5,2025-09-30 12:49:00,LAGI SERING GEPRIS,lagi sering gepris,lagi sering gepris,"['lagi', 'sering', 'gepris']","['sering', 'gepris']","['sering', 'gepris']",sering gepris
Aditiagulo gulo,1,2025-09-30 12:48:44,Gamee nya agak jelek kek muka mu,gamee nya agak jelek kek muka mu,gamee nya agak jelek kek muka mu,"['gamee', 'nya', 'agak', 'jelek', 'kek', 'muka', 'mu']","['gamee', 'nya', 'jelek', 'kek', 'muka', 'mu']","['gamee', 'nya', 'jelek', 'kek', 'muka', 'mu']",gamee nya jelek kek muka mu
Dinda,5,2025-09-30 12:48:43,gane ini sangat sangat bagus walau gk ada pintu justru di situ letak asik nya gk ad yg jamin hasil,gane ini sangat sangat bagus walau gk ada pintu justru di situ letak asik nya gk ad yg jamin hasil,gane ini sangat sangat bagus walau gk ada pintu justru di situ letak asik nya gk ad yg jamin hasil,"['gane', 'ini', 'sangat', 'sangat', 'bagus', 'walau', 'gk', 'ada', 'pintu', 'justru', 'di', 'situ', 'letak', 'asik', 'nya', 'gk', 'ad', 'yg', 'jamin', 'hasil']","['gane', 'sangat', 'sangat', 'bagus', 'gk', 'pintu', 'justru', 'situ', 'letak', 'asik', 'nya', 'gk', 'ad', 'yg', 'jamin', 'hasil']","['gane', 'sangat', 'sangat', 'bagus', 'gk', 'pintu', 'justru', 'situ', 'letak', 'asik', 'nya', 'gk', 'ad', 'yg', 'jamin', 'hasil']",gane sangat sangat bagus gk pintu justru situ letak asik nya gk ad yg jamin hasil
Ridhyea Adjha,5,2025-09-30 12:45:11,game nya bagus tapi tolong garena game ff saya eror tolong di perbaiki terima kasih,game nya bagus tapi tolong garena game ff saya eror tolong di perbaiki terima kasih,game nya bagus tapi tolong garena game ff saya eror tolong di perbaiki terima kasih,"['game', 'nya', 'bagus', 'tapi', 'tolong', 'garena', 'game', 'ff', 'saya', 'eror', 'tolong', 'di', 'perbaiki', 'terima', 'kasih']","['game', 'nya', 'bagus', 'garena', 'game', 'ff', 'eror', 'perbaiki', 'terima', 'kasih']","['game', 'nya', 'bagus', 'garena', 'game', 'ff', 'eror', 'baik', 'terima', 'kasih']",game nya bagus garena game ff eror baik terima kasih
Rasdi,1,2025-09-30 12:44:28,min gw kok GK bisa main br rank padahal gw ga pake cit panel kok tetep aja GK bisa main br rank min tolong di perbaiki game nya biar bisa main dasar developer GK jelas,min gw kok gk bisa main br rank padahal gw ga pake cit panel kok tetep aja gk bisa main br rank min tolong di perbaiki game nya biar bisa main dasar developer gk jelas,min gw kok gk bisa main br rank padahal gw ga pake cit panel kok tetep aja gk bisa main br rank min tolong di perbaiki game nya biar bisa main dasar developer gk jelas,"['min', 'gw', 'kok', 'gk', 'bisa', 'main', 'br', 'rank', 'padahal', 'gw', 'ga', 'pake', 'cit', 'panel', 'kok', 'tetep', 'aja', 'gk', 'bisa', 'main', 'br', 'rank', 'min', 'tolong', 'di', 'perbaiki', 'game', 'nya', 'biar', 'bisa', 'main', 'dasar', 'developer', 'gk', 'jelas']","['min', 'gw', 'kok', 'gk', 'main', 'br', 'rank', 'padahal', 'gw', 'ga', 'pake', 'cit', 'panel', 'kok', 'tetep', 'aja', 'gk', 'main', 'br', 'rank', 'min', 'perbaiki', 'game', 'nya', 'biar', 'main', 'dasar', 'developer', 'gk', 'jelas']","['min', 'gw', 'kok', 'gk', 'main', 'br', 'rank', 'padahal', 'gw', 'ga', 'pake', 'cit', 'panel', 'kok', 'tetep', 'aja', 'gk', 'main', 'br', 'rank', 'min', 'baik', 'game', 'nya', 'biar', 'main', 'dasar', 'developer', 'gk', 'jelas']",min gw kok gk main br rank padahal gw ga pake cit panel kok tetep aja gk main br rank min baik game nya biar main dasar developer gk jelas
Sequad Impostor v4 among us,1,2025-09-30 12:41:23,game anj*** game gob***,game anj*** game gob***,game anj game gob,"['game', 'anj', 'game', 'gob']","['game', 'anj', 'game', 'gob']","['game', 'anj', 'game', 'gob']",game anj game gob
Redmi Note 13,1,2025-09-30 12:37:05,"apalah ini game, g enak di mainin, bang budi knp gk boleh di endorse sama game lain? sampai² gk bisa main rank, logo v di ilangin, sekarang banyak org² pendi gara² ulah garena sekarang","apalah ini game, g enak di mainin, bang budi knp gk boleh di endorse sama game lain? sampai² gk bisa main rank, logo v di ilangin, sekarang banyak org² pendi gara² ulah garena sekarang",apalah ini game g enak di mainin bang budi knp gk boleh di endorse sama game lain sampai gk bisa main rank logo v di ilangin sekarang banyak org pendi gara ulah garena sekarang,"['apalah', 'ini', 'game', 'g', 'enak', 'di', 'mainin', 'bang', 'budi', 'knp', 'gk', 'boleh', 'di', 'endorse', 'sama', 'game', 'lain', 'sampai', 'gk', 'bisa', 'main', 'rank', 'logo', 'v', 'di', 'ilangin', 'sekarang', 'banyak', 'org', 'pendi', 'gara', 'ulah', 'garena', 'sekarang']","['apalah', 'game', 'g', 'enak', 'mainin', 'bang', 'budi', 'knp', 'gk', 'endorse', 'sama', 'game', 'gk', 'main', 'rank', 'logo', 'v', 'ilangin', 'sekarang', 'banyak', 'org', 'pendi', 'gara', 'ulah', 'garena', 'sekarang']","['apa', 'game', 'g', 'enak', 'mainin', 'bang', 'budi', 'knp', 'gk', 'endorse', 'sama', 'game', 'gk', 'main', 'rank', 'logo', 'v', 'ilangin', 'sekarang', 'banyak', 'org', 'pendi', 'gara', 'ulah', 'garena', 'sekarang']",apa game g enak mainin bang budi knp gk endorse sama game gk main rank logo v ilangin sekarang banyak org pendi gara ulah garena sekarang
Syifa Fauziyah,5,2025-09-30 12:34:46,aku suka sama gem ini,aku suka sama gem ini,aku suka sama gem ini,"['aku', 'suka', 'sama', 'gem', 'ini']","['aku', 'suka', 'sama', 'gem']","['aku', 'suka', 'sama', 'gem']",aku suka sama gem
Nizamafkaraziz,1,2025-09-30 12:33:49,ez,ez,ez,['ez'],['ez'],['ez'],ez
Ganz Rorr,5,2025-09-30 12:33:00,sangat seru,sangat seru,sangat seru,"['sangat', 'seru']","['sangat', 'seru']","['sangat', 'seru']",sangat seru
Kela Dela,5,2025-09-30 12:32:28,sangat baik🙏🏻👍🏻,sangat baik🙏🏻👍🏻,sangat baik,"['sangat', 'baik']","['sangat', 'baik']","['sangat', 'baik']",sangat baik
Aca Bon,5,2025-09-30 12:29:50,keren,keren,keren,['keren'],['keren'],['keren'],keren
Zulkipli Kipli,5,2025-09-30 12:27:11,iya saya bagus,iya saya bagus,iya saya bagus,"['iya', 'saya', 'bagus']","['iya', 'bagus']","['iya', 'bagus']",iya bagus
Baim Kedot,5,2025-09-30 12:23:00,game yg sudah menemani selama 7 thn,game yg sudah menemani selama 7 thn,game yg sudah menemani selama thn,"['game', 'yg', 'sudah', 'menemani', 'selama', 'thn']","['game', 'yg', 'menemani', 'selama', 'thn']","['game', 'yg', 'tani', 'lama', 'thn']",game yg tani lama thn
Rahmad Hidayat,5,2025-09-30 12:18:42,ff ini seneng main ya😃😃👍👍👍🤞🤛🤜,ff ini seneng main ya😃😃👍👍👍🤞🤛🤜,ff ini seneng main ya,"['ff', 'ini', 'seneng', 'main', 'ya']","['ff', 'seneng', 'main']","['ff', 'neng', 'main']",ff neng main
Silfia Wulan,5,2025-09-30 12:14:13,bagi dm dong garena,bagi dm dong garena,bagi dm dong garena,"['bagi', 'dm', 'dong', 'garena']","['dm', 'dong', 'garena']","['dm', 'dong', 'garena']",dm dong garena
Ramlibram,1,2025-09-30 12:14:02,oi garena ini gemen kenapa dah gak bisah main padahal jarigan ku baik loh dan karena aku kasih bintang satu karena bang budi itu gak bisa main kasih perbeiki lah kau kan punya gemen apa guna nya epep coba tidak bisa main ya kali diam doan di lobii semua pelayer itu login untuk main apa lah kau nii😒😒,oi garena ini gemen kenapa dah gak bisah main padahal jarigan ku baik loh dan karena aku kasih bintang satu karena bang budi itu gak bisa main kasih perbeiki lah kau kan punya gemen apa guna nya epep coba tidak bisa main ya kali diam doan di lobii semua pelayer itu login untuk main apa lah kau nii😒😒,oi garena ini gemen kenapa dah gak bisah main padahal jarigan ku baik loh dan karena aku kasih bintang satu karena bang budi itu gak bisa main kasih perbeiki lah kau kan punya gemen apa guna nya epep coba tidak bisa main ya kali diam doan di lobii semua pelayer itu login untuk main apa lah kau nii,"['oi', 'garena', 'ini', 'gemen', 'kenapa', 'dah', 'gak', 'bisah', 'main', 'padahal', 'jarigan', 'ku', 'baik', 'loh', 'dan', 'karena', 'aku', 'kasih', 'bintang', 'satu', 'karena', 'bang', 'budi', 'itu', 'gak', 'bisa', 'main', 'kasih', 'perbeiki', 'lah', 'kau', 'kan', 'punya', 'gemen', 'apa', 'guna', 'nya', 'epep', 'coba', 'tidak', 'bisa', 'main', 'ya', 'kali', 'diam', 'doan', 'di', 'lobii', 'semua', 'pelayer', 'itu', 'login', 'untuk', 'main', 'apa', 'lah', 'kau', 'nii']","['oi', 'garena', 'gemen', 'dah', 'gak', 'bisah', 'main', 'padahal', 'jarigan', 'ku', 'baik', 'loh', 'aku', 'kasih', 'bintang', 'satu', 'bang', 'budi', 'gak', 'main', 'kasih', 'perbeiki', 'lah', 'kau', 'kan', 'punya', 'gemen', 'apa', 'nya', 'epep', 'coba', 'main', 'kali', 'diam', 'doan', 'lobii', 'semua', 'pelayer', 'login', 'main', 'apa', 'lah', 'kau', 'nii']","['oi', 'garena', 'gen', 'dah', 'gak', 'bisah', 'main', 'padahal', 'jarigan', 'ku', 'baik', 'loh', 'aku', 'kasih', 'bintang', 'satu', 'bang', 'budi', 'gak', 'main', 'kasih', 'perbeiki', 'lah', 'kau', 'kan', 'punya', 'gen', 'apa', 'nya', 'epep', 'coba', 'main', 'kali', 'diam', 'doan', 'lobi', 'semua', 'layer', 'login', 'main', 'apa', 'lah', 'kau', 'nii']",oi garena gen dah gak bisah main padahal jarigan ku baik loh aku kasih bintang satu bang budi gak main kasih perbeiki lah kau kan punya gen apa nya epep coba main kali diam doan lobi semua layer login main apa lah kau nii
HARDIANSYAH,5,2025-09-30 12:13:37,sangat kere n,sangat kere n,sangat kere n,"['sangat', 'kere', 'n']","['sangat', 'kere', 'n']","['sangat', 'kere', 'n']",sangat kere n
komang suar,1,2025-09-30 12:12:59,pulihkan BL nya bang budi,pulihkan bl nya bang budi,pulihkan bl nya bang budi,"['pulihkan', 'bl', 'nya', 'bang', 'budi']","['pulihkan', 'bl', 'nya', 'bang', 'budi']","['pulih', 'bl', 'nya', 'bang', 'budi']",pulih bl nya bang budi
Bilqis Kalizah,5,2025-09-30 12:12:56,ngga tau suka aja,ngga tau suka aja,ngga tau suka aja,"['ngga', 'tau', 'suka', 'aja']","['ngga', 'tau', 'suka', 'aja']","['ngga', 'tau', 'suka', 'aja']",ngga tau suka aja
Lina Thatan,5,2025-09-30 12:12:13,"gem haram 😡😡😡. kenapa saya bilang kayak gitu karena pasti setiap main tim nya bot bot kaya ajg ini FF ada Pi dia suka' Ben akun nya orang padahal sudah top ap hampir berjuta juta tapi apa yg di dapat, he ternyata di Ben ajg memang Garena saya kasih bintang lima agar ulasan saya bisa di liat orang hanya itu saja 😡😡😡","gem haram 😡😡😡. kenapa saya bilang kayak gitu karena pasti setiap main tim nya bot bot kaya ajg ini ff ada pi dia suka' ben akun nya orang padahal sudah top ap hampir berjuta juta tapi apa yg di dapat, he ternyata di ben ajg memang garena saya kasih bintang lima agar ulasan saya bisa di liat orang hanya itu saja 😡😡😡",gem haram kenapa saya bilang kayak gitu karena pasti setiap main tim nya bot bot kaya ajg ini ff ada pi dia suka ben akun nya orang padahal sudah top ap hampir berjuta juta tapi apa yg di dapat he ternyata di ben ajg memang garena saya kasih bintang lima agar ulasan saya bisa di liat orang hanya itu saja,"['gem', 'haram', 'kenapa', 'saya', 'bilang', 'kayak', 'gitu', 'karena', 'pasti', 'setiap', 'main', 'tim', 'nya', 'bot', 'bot', 'kaya', 'ajg', 'ini', 'ff', 'ada', 'pi', 'dia', 'suka', 'ben', 'akun', 'nya', 'orang', 'padahal', 'sudah', 'top', 'ap', 'hampir', 'berjuta', 'juta', 'tapi', 'apa', 'yg', 'di', 'dapat', 'he', 'ternyata', 'di', 'ben', 'ajg', 'memang', 'garena', 'saya', 'kasih', 'bintang', 'lima', 'agar', 'ulasan', 'saya', 'bisa', 'di', 'liat', 'orang', 'hanya', 'itu', 'saja']","['gem', 'haram', 'bilang', 'kayak', 'gitu', 'main', 'tim', 'nya', 'bot', 'bot', 'kaya', 'ajg', 'ff', 'pi', 'suka', 'ben', 'akun', 'nya', 'orang', 'padahal', 'top', 'ap', 'hampir', 'berjuta', 'juta', 'apa', 'yg', 'he', 'ternyata', 'ben', 'ajg', 'memang', 'garena', 'kasih', 'bintang', 'lima', 'ulasan', 'liat', 'orang']","['gem', 'haram', 'bilang', 'kayak', 'gitu', 'main', 'tim', 'nya', 'bot', 'bot', 'kaya', 'ajg', 'ff', 'pi', 'suka', 'ben', 'akun', 'nya', 'orang', 'padahal', 'top', 'ap', 'hampir', 'juta', 'juta', 'apa', 'yg', 'he', 'nyata', 'ben', 'ajg', 'memang', 'garena', 'kasih', 'bintang', 'lima', 'ulas', 'liat', 'orang']",gem haram bilang kayak gitu main tim nya bot bot kaya ajg ff pi suka ben akun nya orang padahal top ap hampir juta juta apa yg he nyata ben ajg memang garena kasih bintang lima ulas liat orang
Junior,5,2025-09-30 12:11:41,bagus banget,bagus banget,bagus banget,"['bagus', 'banget']","['bagus', 'banget']","['bagus', 'banget']",bagus banget
Dafa Muhammad fadilah,5,2025-09-30 12:10:02,kalo bisa adain 1kali spin gratis,kalo bisa adain 1kali spin gratis,kalo bisa adain kali spin gratis,"['kalo', 'bisa', 'adain', 'kali', 'spin', 'gratis']","['kalo', 'adain', 'kali', 'spin', 'gratis']","['kalo', 'adain', 'kali', 'spin', 'gratis']",kalo adain kali spin gratis
Erni Denyyanti,5,2025-09-30 12:08:18,karena seru dan menyenang kan hahahaahhaah,karena seru dan menyenang kan hahahaahhaah,karena seru dan menyenang kan hahahaahhaah,"['karena', 'seru', 'dan', 'menyenang', 'kan', 'hahahaahhaah']","['seru', 'menyenang', 'kan', 'hahahaahhaah']","['seru', 'senang', 'kan', 'hahahaahhaah']",seru senang kan hahahaahhaah
Sopian Muzzaki,5,2025-09-30 12:02:03,gamenya sangat bagus GK kaya ml,gamenya sangat bagus gk kaya ml,gamenya sangat bagus gk kaya ml,"['gamenya', 'sangat', 'bagus', 'gk', 'kaya', 'ml']","['gamenya', 'sangat', 'bagus', 'gk', 'kaya', 'ml']","['gamenya', 'sangat', 'bagus', 'gk', 'kaya', 'ml']",gamenya sangat bagus gk kaya ml
Ayu Trinoviana,1,2025-09-30 12:00:35,bang budi di benet,bang budi di benet,bang budi di benet,"['bang', 'budi', 'di', 'benet']","['bang', 'budi', 'benet']","['bang', 'budi', 'benet']",bang budi benet
Priyo Ganteng n manis,5,2025-09-30 11:58:31,mantap,mantap,mantap,['mantap'],['mantap'],['mantap'],mantap
Pp Dd,1,2025-09-30 11:57:57,jelek,jelek,jelek,['jelek'],['jelek'],['jelek'],jelek
Gauzan Akhtar Fein,5,2025-09-30 11:57:18,bagus tapi tolong bug di game ini hilang kan,bagus tapi tolong bug di game ini hilang kan,bagus tapi tolong bug di game ini hilang kan,"['bagus', 'tapi', 'tolong', 'bug', 'di', 'game', 'ini', 'hilang', 'kan']","['bagus', 'bug', 'game', 'hilang', 'kan']","['bagus', 'bug', 'game', 'hilang', 'kan']",bagus bug game hilang kan
Andro Nikus,1,2025-09-30 11:52:51,we need old peak,we need old peak,we need old peak,"['we', 'need', 'old', 'peak']","['we', 'need', 'old', 'peak']","['we', 'need', 'old', 'peak']",we need old peak
fahri Ganteng,1,2025-09-30 11:49:13,diomondnya gak ada banyak gak seru,diomondnya gak ada banyak gak seru,diomondnya gak ada banyak gak seru,"['diomondnya', 'gak', 'ada', 'banyak', 'gak', 'seru']","['diomondnya', 'gak', 'banyak', 'gak', 'seru']","['diomondnya', 'gak', 'banyak', 'gak', 'seru']",diomondnya gak banyak gak seru
Laila Sabri,5,2025-09-30 11:48:08,alhamdulillah,alhamdulillah,alhamdulillah,['alhamdulillah'],['alhamdulillah'],['alhamdulillah'],alhamdulillah
Tutik Hana,5,2025-09-30 11:47:24,seru,seru,seru,['seru'],['seru'],['seru'],seru
Mario Ariko,1,2025-09-30 11:44:45,11 https gc bot,11 https gc bot,https gc bot,"['https', 'gc', 'bot']","['https', 'gc', 'bot']","['https', 'gc', 'bot']",https gc bot
Fayyed234 Yed564,1,2025-09-30 11:44:00,Akun di banned secara tiba-tiba,akun di banned secara tiba-tiba,akun di banned secara tibatiba,"['akun', 'di', 'banned', 'secara', 'tibatiba']","['akun', 'banned', 'tibatiba']","['akun', 'banned', 'tibatiba']",akun banned tibatiba
MGR123 MGR123,1,2025-09-30 11:40:49,ff kenapa ya sekarang gak seseru dulu main br banyak yang afk di cs banyak afka sudah kil banyak malah turun fff kenapa ada bl bl bl fff gak kasian apa lo sama player old ff tanpa player old bisa apa bang budi saja yang ff ke bl saja pindah ke blostrek panutan ku gak bisa main ff lagi gegara bl,ff kenapa ya sekarang gak seseru dulu main br banyak yang afk di cs banyak afka sudah kil banyak malah turun fff kenapa ada bl bl bl fff gak kasian apa lo sama player old ff tanpa player old bisa apa bang budi saja yang ff ke bl saja pindah ke blostrek panutan ku gak bisa main ff lagi gegara bl,ff kenapa ya sekarang gak seseru dulu main br banyak yang afk di cs banyak afka sudah kil banyak malah turun fff kenapa ada bl bl bl fff gak kasian apa lo sama player old ff tanpa player old bisa apa bang budi saja yang ff ke bl saja pindah ke blostrek panutan ku gak bisa main ff lagi gegara bl,"['ff', 'kenapa', 'ya', 'sekarang', 'gak', 'seseru', 'dulu', 'main', 'br', 'banyak', 'yang', 'afk', 'di', 'cs', 'banyak', 'afka', 'sudah', 'kil', 'banyak', 'malah', 'turun', 'fff', 'kenapa', 'ada', 'bl', 'bl', 'bl', 'fff', 'gak', 'kasian', 'apa', 'lo', 'sama', 'player', 'old', 'ff', 'tanpa', 'player', 'old', 'bisa', 'apa', 'bang', 'budi', 'saja', 'yang', 'ff', 'ke', 'bl', 'saja', 'pindah', 'ke', 'blostrek', 'panutan', 'ku', 'gak', 'bisa', 'main', 'ff', 'lagi', 'gegara', 'bl']","['ff', 'sekarang', 'gak', 'seseru', 'dulu', 'main', 'br', 'banyak', 'afk', 'cs', 'banyak', 'afka', 'kil', 'banyak', 'malah', 'turun', 'fff', 'bl', 'bl', 'bl', 'fff', 'gak', 'kasian', 'apa', 'lo', 'sama', 'player', 'old', 'ff', 'player', 'old', 'apa', 'bang', 'budi', 'ff', 'bl', 'pindah', 'blostrek', 'panutan', 'ku', 'gak', 'main', 'ff', 'gegara', 'bl']","['ff', 'sekarang', 'gak', 'seru', 'dulu', 'main', 'br', 'banyak', 'afk', 'cs', 'banyak', 'afka', 'kil', 'banyak', 'malah', 'turun', 'fff', 'bl', 'bl', 'bl', 'fff', 'gak', 'kasi', 'apa', 'lo', 'sama', 'player', 'old', 'ff', 'player', 'old', 'apa', 'bang', 'budi', 'ff', 'bl', 'pindah', 'blostrek', 'panutan', 'ku', 'gak', 'main', 'ff', 'gegara', 'bl']",ff sekarang gak seru dulu main br banyak afk cs banyak afka kil banyak malah turun fff bl bl bl fff gak kasi apa lo sama player old ff player old apa bang budi ff bl pindah blostrek panutan ku gak main ff gegara bl
Raisah Salsal bilah,5,2025-09-30 11:34:30,seruuuuuu,seruuuuuu,seruuuuuu,['seruuuuuu'],['seruuuuuu'],['seruuuuuu'],seruuuuuu
Raka Ini raka,5,2025-09-30 11:34:14,"permainan apa ini!! saya Uda download MB besar gedek,tapi malah ga bisa di mainin karena black screen dan. semua hitam ga ada apa apa hitam semua ini Uda dari tahun dulu dulu aku tunggu tunggu masu hitam juga game apa ini!!! hp sy Oppo a31 looo,kalo gabisa bikin game yang bagus gausah bikin ga usah buat kecewa!!!","permainan apa ini!! saya uda download mb besar gedek,tapi malah ga bisa di mainin karena black screen dan. semua hitam ga ada apa apa hitam semua ini uda dari tahun dulu dulu aku tunggu tunggu masu hitam juga game apa ini!!! hp sy oppo a31 looo,kalo gabisa bikin game yang bagus gausah bikin ga usah buat kecewa!!!",permainan apa ini saya uda download mb besar gedektapi malah ga bisa di mainin karena black screen dan semua hitam ga ada apa apa hitam semua ini uda dari tahun dulu dulu aku tunggu tunggu masu hitam juga game apa ini hp sy oppo a loookalo gabisa bikin game yang bagus gausah bikin ga usah buat kecewa,"['permainan', 'apa', 'ini', 'saya', 'uda', 'download', 'mb', 'besar', 'gedektapi', 'malah', 'ga', 'bisa', 'di', 'mainin', 'karena', 'black', 'screen', 'dan', 'semua', 'hitam', 'ga', 'ada', 'apa', 'apa', 'hitam', 'semua', 'ini', 'uda', 'dari', 'tahun', 'dulu', 'dulu', 'aku', 'tunggu', 'tunggu', 'masu', 'hitam', 'juga', 'game', 'apa', 'ini', 'hp', 'sy', 'oppo', 'a', 'loookalo', 'gabisa', 'bikin', 'game', 'yang', 'bagus', 'gausah', 'bikin', 'ga', 'usah', 'buat', 'kecewa']","['permainan', 'apa', 'uda', 'download', 'mb', 'besar', 'gedektapi', 'malah', 'ga', 'mainin', 'black', 'screen', 'semua', 'hitam', 'ga', 'apa', 'apa', 'hitam', 'semua', 'uda', 'tahun', 'dulu', 'dulu', 'aku', 'tunggu', 'tunggu', 'masu', 'hitam', 'game', 'apa', 'hp', 'sy', 'oppo', 'a', 'loookalo', 'gabisa', 'bikin', 'game', 'bagus', 'gausah', 'bikin', 'ga', 'usah', 'buat', 'kecewa']","['main', 'apa', 'uda', 'download', 'mb', 'besar', 'gedektapi', 'malah', 'ga', 'mainin', 'black', 'screen', 'semua', 'hitam', 'ga', 'apa', 'apa', 'hitam', 'semua', 'uda', 'tahun', 'dulu', 'dulu', 'aku', 'tunggu', 'tunggu', 'masu', 'hitam', 'game', 'apa', 'hp', 'sy', 'oppo', 'a', 'loookalo', 'gabisa', 'bikin', 'game', 'bagus', 'gausah', 'bikin', 'ga', 'usah', 'buat', 'kecewa']",main apa uda download mb besar gedektapi malah ga mainin black screen semua hitam ga apa apa hitam semua uda tahun dulu dulu aku tunggu tunggu masu hitam game apa hp sy oppo a loookalo gabisa bikin game bagus gausah bikin ga usah buat kecewa
Dinda Ayu,5,2025-09-30 11:34:03,mantap,mantap,mantap,['mantap'],['mantap'],['mantap'],mantap
M.KAIYSA_17 M.KAIYSA,5,2025-09-30 11:30:07,cuma satu. kenapa pas kita login key game ya. paskita login akun Facebook kita pencet habis itu kenapa ada tulisan koneksi jaringan error gagal mendapatkan data akun ke-3. kok masalah itu cuma ada di HP infinix hot 40 saya tolong perbaiki itu biar gamenya makin bagus 🙏🙏,cuma satu. kenapa pas kita login key game ya. paskita login akun facebook kita pencet habis itu kenapa ada tulisan koneksi jaringan error gagal mendapatkan data akun ke-3. kok masalah itu cuma ada di hp infinix hot 40 saya tolong perbaiki itu biar gamenya makin bagus 🙏🙏,cuma satu kenapa pas kita login key game ya paskita login akun facebook kita pencet habis itu kenapa ada tulisan koneksi jaringan error gagal mendapatkan data akun ke kok masalah itu cuma ada di hp infinix hot saya tolong perbaiki itu biar gamenya makin bagus,"['cuma', 'satu', 'kenapa', 'pas', 'kita', 'login', 'key', 'game', 'ya', 'paskita', 'login', 'akun', 'facebook', 'kita', 'pencet', 'habis', 'itu', 'kenapa', 'ada', 'tulisan', 'koneksi', 'jaringan', 'error', 'gagal', 'mendapatkan', 'data', 'akun', 'ke', 'kok', 'masalah', 'itu', 'cuma', 'ada', 'di', 'hp', 'infinix', 'hot', 'saya', 'tolong', 'perbaiki', 'itu', 'biar', 'gamenya', 'makin', 'bagus']","['cuma', 'satu', 'pas', 'login', 'key', 'game', 'paskita', 'login', 'akun', 'facebook', 'pencet', 'habis', 'tulisan', 'koneksi', 'jaringan', 'error', 'gagal', 'mendapatkan', 'data', 'akun', 'kok', 'masalah', 'cuma', 'hp', 'infinix', 'hot', 'perbaiki', 'biar', 'gamenya', 'makin', 'bagus']","['cuma', 'satu', 'pas', 'login', 'key', 'game', 'paskita', 'login', 'akun', 'facebook', 'pencet', 'habis', 'tulis', 'koneksi', 'jaring', 'error', 'gagal', 'dapat', 'data', 'akun', 'kok', 'masalah', 'cuma', 'hp', 'infinix', 'hot', 'baik', 'biar', 'gamenya', 'makin', 'bagus']",cuma satu pas login key game paskita login akun facebook pencet habis tulis koneksi jaring error gagal dapat data akun kok masalah cuma hp infinix hot baik biar gamenya makin bagus
Ricky Alfredo,5,2025-09-30 11:30:00,seru,seru,seru,['seru'],['seru'],['seru'],seru
Nikita Maulana,5,2025-09-30 11:26:38,the best dari dulu aku main ini,the best dari dulu aku main ini,the best dari dulu aku main ini,"['the', 'best', 'dari', 'dulu', 'aku', 'main', 'ini']","['the', 'best', 'dulu', 'aku', 'main']","['the', 'best', 'dulu', 'aku', 'main']",the best dulu aku main
Mudji Suharto,5,2025-09-30 11:25:37,kenapa saya kasi bintang dua karena gem nya jelek et tapi bohong,kenapa saya kasi bintang dua karena gem nya jelek et tapi bohong,kenapa saya kasi bintang dua karena gem nya jelek et tapi bohong,"['kenapa', 'saya', 'kasi', 'bintang', 'dua', 'karena', 'gem', 'nya', 'jelek', 'et', 'tapi', 'bohong']","['kasi', 'bintang', 'gem', 'nya', 'jelek', 'et', 'bohong']","['kasi', 'bintang', 'gem', 'nya', 'jelek', 'et', 'bohong']",kasi bintang gem nya jelek et bohong
Fajar Purnama,5,2025-09-30 11:24:20,★★★★★10000,★★★★★10000,,[],[],[],
Za Kii,4,2025-09-30 11:16:47,Awas lu ya gw gak salah apa apa di ban 10 hari Gw sumpahin lu bangkrut..awas lu,awas lu ya gw gak salah apa apa di ban 10 hari gw sumpahin lu bangkrut..awas lu,awas lu ya gw gak salah apa apa di ban hari gw sumpahin lu bangkrutawas lu,"['awas', 'lu', 'ya', 'gw', 'gak', 'salah', 'apa', 'apa', 'di', 'ban', 'hari', 'gw', 'sumpahin', 'lu', 'bangkrutawas', 'lu']","['awas', 'lu', 'gw', 'gak', 'salah', 'apa', 'apa', 'ban', 'hari', 'gw', 'sumpahin', 'lu', 'bangkrutawas', 'lu']","['awas', 'lu', 'gw', 'gak', 'salah', 'apa', 'apa', 'ban', 'hari', 'gw', 'sumpahin', 'lu', 'bangkrutawas', 'lu']",awas lu gw gak salah apa apa ban hari gw sumpahin lu bangkrutawas lu
Fhaisal Abdul muttakim,5,2025-09-30 11:16:39,game ini sangat bagus saya suka yang tidak saya suka adwlah adanya bugg,game ini sangat bagus saya suka yang tidak saya suka adwlah adanya bugg,game ini sangat bagus saya suka yang tidak saya suka adwlah adanya bugg,"['game', 'ini', 'sangat', 'bagus', 'saya', 'suka', 'yang', 'tidak', 'saya', 'suka', 'adwlah', 'adanya', 'bugg']","['game', 'sangat', 'bagus', 'suka', 'suka', 'adwlah', 'adanya', 'bugg']","['game', 'sangat', 'bagus', 'suka', 'suka', 'adwlah', 'ada', 'bugg']",game sangat bagus suka suka adwlah ada bugg
Fitrya Dwie,5,2025-09-30 11:10:53,bagus untuk palyer elit cees,bagus untuk palyer elit cees,bagus untuk palyer elit cees,"['bagus', 'untuk', 'palyer', 'elit', 'cees']","['bagus', 'palyer', 'elit', 'cees']","['bagus', 'palyer', 'elit', 'cees']",bagus palyer elit cees
Arkhan Kelton,3,2025-09-30 11:08:57,musuh yang ga mati mati,musuh yang ga mati mati,musuh yang ga mati mati,"['musuh', 'yang', 'ga', 'mati', 'mati']","['musuh', 'ga', 'mati', 'mati']","['musuh', 'ga', 'mati', 'mati']",musuh ga mati mati
delia Marfa,1,2025-09-30 11:07:29,gak bagus ihhhhhhhhhhh,gak bagus ihhhhhhhhhhh,gak bagus ihhhhhhhhhhh,"['gak', 'bagus', 'ihhhhhhhhhhh']","['gak', 'bagus', 'ihhhhhhhhhhh']","['gak', 'bagus', 'ihhhhhhhhhhh']",gak bagus ihhhhhhhhhhh
Daeng Alusu,5,2025-09-30 11:06:47,efek minimal bintang 5 lah bos single dong karena bagus gamenya 😘😘😘😘😘,efek minimal bintang 5 lah bos single dong karena bagus gamenya 😘😘😘😘😘,efek minimal bintang lah bos single dong karena bagus gamenya,"['efek', 'minimal', 'bintang', 'lah', 'bos', 'single', 'dong', 'karena', 'bagus', 'gamenya']","['efek', 'minimal', 'bintang', 'lah', 'bos', 'single', 'dong', 'bagus', 'gamenya']","['efek', 'minimal', 'bintang', 'lah', 'bos', 'single', 'dong', 'bagus', 'gamenya']",efek minimal bintang lah bos single dong bagus gamenya
Acon,5,2025-09-30 11:06:15,Oky sayang,oky sayang,oky sayang,"['oky', 'sayang']","['oky', 'sayang']","['oky', 'sayang']",oky sayang
Diysarla,4,2025-09-30 11:05:58,lumayan,lumayan,lumayan,['lumayan'],['lumayan'],['lumayan'],lumayan
Michael Jackson,5,2025-09-30 11:05:32,bagus dan realistis,bagus dan realistis,bagus dan realistis,"['bagus', 'dan', 'realistis']","['bagus', 'realistis']","['bagus', 'realistis']",bagus realistis
akbar athirah,5,2025-09-30 11:04:27,bagus bisa buat set ambatukam,bagus bisa buat set ambatukam,bagus bisa buat set ambatukam,"['bagus', 'bisa', 'buat', 'set', 'ambatukam']","['bagus', 'buat', 'set', 'ambatukam']","['bagus', 'buat', 'set', 'ambatukam']",bagus buat set ambatukam
WELDI Saputra,1,2025-09-30 11:01:31,kenapa bang Budi GK di kasih main epep,kenapa bang budi gk di kasih main epep,kenapa bang budi gk di kasih main epep,"['kenapa', 'bang', 'budi', 'gk', 'di', 'kasih', 'main', 'epep']","['bang', 'budi', 'gk', 'kasih', 'main', 'epep']","['bang', 'budi', 'gk', 'kasih', 'main', 'epep']",bang budi gk kasih main epep
Daffa ibni Al akhwan,4,2025-09-30 11:00:35,Anjir rang gua langsung heroik,anjir rang gua langsung heroik,anjir rang gua langsung heroik,"['anjir', 'rang', 'gua', 'langsung', 'heroik']","['anjir', 'rang', 'gua', 'langsung', 'heroik']","['anjir', 'rang', 'gua', 'langsung', 'heroik']",anjir rang gua langsung heroik
fadel khairulfikri,5,2025-09-30 10:58:54,menurut saya game nya seru apalagi bulan puasa pas pusreng bareng saudara sambil tunggu buka puasa atau tunggu sahur,menurut saya game nya seru apalagi bulan puasa pas pusreng bareng saudara sambil tunggu buka puasa atau tunggu sahur,menurut saya game nya seru apalagi bulan puasa pas pusreng bareng saudara sambil tunggu buka puasa atau tunggu sahur,"['menurut', 'saya', 'game', 'nya', 'seru', 'apalagi', 'bulan', 'puasa', 'pas', 'pusreng', 'bareng', 'saudara', 'sambil', 'tunggu', 'buka', 'puasa', 'atau', 'tunggu', 'sahur']","['game', 'nya', 'seru', 'bulan', 'puasa', 'pas', 'pusreng', 'bareng', 'saudara', 'tunggu', 'buka', 'puasa', 'tunggu', 'sahur']","['game', 'nya', 'seru', 'bulan', 'puasa', 'pas', 'pusreng', 'bareng', 'saudara', 'tunggu', 'buka', 'puasa', 'tunggu', 'sahur']",game nya seru bulan puasa pas pusreng bareng saudara tunggu buka puasa tunggu sahur
Alby Luthfy,1,2025-09-30 10:58:45,game tolol bang Budi di blacklist,game tolol bang budi di blacklist,game tolol bang budi di blacklist,"['game', 'tolol', 'bang', 'budi', 'di', 'blacklist']","['game', 'tolol', 'bang', 'budi', 'blacklist']","['game', 'tolol', 'bang', 'budi', 'blacklist']",game tolol bang budi blacklist
Rossa Maulana azrul,5,2025-09-30 10:58:10,Bagus sekali,bagus sekali,bagus sekali,"['bagus', 'sekali']","['bagus', 'sekali']","['bagus', 'sekali']",bagus sekali
yuka pratiwi,5,2025-09-30 10:57:44,aku main FF udh dari kelas 3 dan pensi 1 tahun,aku main ff udh dari kelas 3 dan pensi 1 tahun,aku main ff udh dari kelas dan pensi tahun,"['aku', 'main', 'ff', 'udh', 'dari', 'kelas', 'dan', 'pensi', 'tahun']","['aku', 'main', 'ff', 'udh', 'kelas', 'pensi', 'tahun']","['aku', 'main', 'ff', 'udh', 'kelas', 'pensi', 'tahun']",aku main ff udh kelas pensi tahun
Sotarduga Manurung,5,2025-09-30 10:56:07,game ny seruuuu,game ny seruuuu,game ny seruuuu,"['game', 'ny', 'seruuuu']","['game', 'ny', 'seruuuu']","['game', 'ny', 'seruuuu']",game ny seruuuu
Bisma satria Pamungkas,1,2025-09-30 10:53:45,game ini gk jls saya berikan bintang satu karna panutan saya bang budi01 gaming kena blacklis cuma gara gara nerima endorsan game lain kecewa sama ni game,game ini gk jls saya berikan bintang satu karna panutan saya bang budi01 gaming kena blacklis cuma gara gara nerima endorsan game lain kecewa sama ni game,game ini gk jls saya berikan bintang satu karna panutan saya bang budi gaming kena blacklis cuma gara gara nerima endorsan game lain kecewa sama ni game,"['game', 'ini', 'gk', 'jls', 'saya', 'berikan', 'bintang', 'satu', 'karna', 'panutan', 'saya', 'bang', 'budi', 'gaming', 'kena', 'blacklis', 'cuma', 'gara', 'gara', 'nerima', 'endorsan', 'game', 'lain', 'kecewa', 'sama', 'ni', 'game']","['game', 'gk', 'jls', 'berikan', 'bintang', 'satu', 'karna', 'panutan', 'bang', 'budi', 'gaming', 'kena', 'blacklis', 'cuma', 'gara', 'gara', 'nerima', 'endorsan', 'game', 'kecewa', 'sama', 'ni', 'game']","['game', 'gk', 'jls', 'ikan', 'bintang', 'satu', 'karna', 'panutan', 'bang', 'budi', 'gaming', 'kena', 'blacklis', 'cuma', 'gara', 'gara', 'nerima', 'endorsan', 'game', 'kecewa', 'sama', 'ni', 'game']",game gk jls ikan bintang satu karna panutan bang budi gaming kena blacklis cuma gara gara nerima endorsan game kecewa sama ni game
D Gundul20,5,2025-09-30 10:53:41,"seruuuu, tp g kyk dulu. tp ttp seruuuuu.","seruuuu, tp g kyk dulu. tp ttp seruuuuu.",seruuuu tp g kyk dulu tp ttp seruuuuu,"['seruuuu', 'tp', 'g', 'kyk', 'dulu', 'tp', 'ttp', 'seruuuuu']","['seruuuu', 'tp', 'g', 'kyk', 'dulu', 'tp', 'ttp', 'seruuuuu']","['seruuuu', 'tp', 'g', 'kyk', 'dulu', 'tp', 'ttp', 'seruuuuu']",seruuuu tp g kyk dulu tp ttp seruuuuu
Andrean,4,2025-09-30 10:53:16,"game nya enak dan bagus tapi sayang jarang hoki nickname game ""SM・Andree"" saya kalo mau di buat hoki min plis","game nya enak dan bagus tapi sayang jarang hoki nickname game ""sm・andree"" saya kalo mau di buat hoki min plis",game nya enak dan bagus tapi sayang jarang hoki nickname game smandree saya kalo mau di buat hoki min plis,"['game', 'nya', 'enak', 'dan', 'bagus', 'tapi', 'sayang', 'jarang', 'hoki', 'nickname', 'game', 'smandree', 'saya', 'kalo', 'mau', 'di', 'buat', 'hoki', 'min', 'plis']","['game', 'nya', 'enak', 'bagus', 'sayang', 'jarang', 'hoki', 'nickname', 'game', 'smandree', 'kalo', 'mau', 'buat', 'hoki', 'min', 'plis']","['game', 'nya', 'enak', 'bagus', 'sayang', 'jarang', 'hoki', 'nickname', 'game', 'smandree', 'kalo', 'mau', 'buat', 'hoki', 'min', 'plis']",game nya enak bagus sayang jarang hoki nickname game smandree kalo mau buat hoki min plis
Jhhd Melia,1,2025-09-30 10:51:44,"KACANG LUPA KULIT, BANG BUDI DI BLACKLIST APLAH TANPA BG BUDI FF GA RAME GARENA KACANG LUPA KULIT KACANG LUPA KULIT","kacang lupa kulit, bang budi di blacklist aplah tanpa bg budi ff ga rame garena kacang lupa kulit kacang lupa kulit",kacang lupa kulit bang budi di blacklist aplah tanpa bg budi ff ga rame garena kacang lupa kulit kacang lupa kulit,"['kacang', 'lupa', 'kulit', 'bang', 'budi', 'di', 'blacklist', 'aplah', 'tanpa', 'bg', 'budi', 'ff', 'ga', 'rame', 'garena', 'kacang', 'lupa', 'kulit', 'kacang', 'lupa', 'kulit']","['kacang', 'lupa', 'kulit', 'bang', 'budi', 'blacklist', 'aplah', 'bg', 'budi', 'ff', 'ga', 'rame', 'garena', 'kacang', 'lupa', 'kulit', 'kacang', 'lupa', 'kulit']","['kacang', 'lupa', 'kulit', 'bang', 'budi', 'blacklist', 'aplah', 'bg', 'budi', 'ff', 'ga', 'rame', 'garena', 'kacang', 'lupa', 'kulit', 'kacang', 'lupa', 'kulit']",kacang lupa kulit bang budi blacklist aplah bg budi ff ga rame garena kacang lupa kulit kacang lupa kulit
Abizar rozi17,1,2025-09-30 10:51:20,gak seru burik,gak seru burik,gak seru burik,"['gak', 'seru', 'burik']","['gak', 'seru', 'burik']","['gak', 'seru', 'burik']",gak seru burik
Galih Novriaji,1,2025-09-30 10:51:04,saya kasih bintang satu karna game nya kaku + grafisnya sangat burik sekian terima kasih,saya kasih bintang satu karna game nya kaku + grafisnya sangat burik sekian terima kasih,saya kasih bintang satu karna game nya kaku grafisnya sangat burik sekian terima kasih,"['saya', 'kasih', 'bintang', 'satu', 'karna', 'game', 'nya', 'kaku', 'grafisnya', 'sangat', 'burik', 'sekian', 'terima', 'kasih']","['kasih', 'bintang', 'satu', 'karna', 'game', 'nya', 'kaku', 'grafisnya', 'sangat', 'burik', 'sekian', 'terima', 'kasih']","['kasih', 'bintang', 'satu', 'karna', 'game', 'nya', 'kaku', 'grafis', 'sangat', 'burik', 'sekian', 'terima', 'kasih']",kasih bintang satu karna game nya kaku grafis sangat burik sekian terima kasih
Sukiman Amin,5,2025-09-30 10:49:37,mantap,mantap,mantap,['mantap'],['mantap'],['mantap'],mantap
Hamzah Haz,5,2025-09-30 10:48:52,"jujur sejak dri awak sya main saya suka gamenya ,,,TPI masalah nya slalu pada bugnya,,senyal kadang merah,,pada saat masuk Masi ok,TPI ketika sdah di dalam gamenya apalagi saat lobi di br slalu saja patah2 sinyal kadang kembali otomatis,jdi tolong untuk diperlancar lagi bosku ,,dan saya sdah ksi bintang 5 itu","jujur sejak dri awak sya main saya suka gamenya ,,,tpi masalah nya slalu pada bugnya,,senyal kadang merah,,pada saat masuk masi ok,tpi ketika sdah di dalam gamenya apalagi saat lobi di br slalu saja patah2 sinyal kadang kembali otomatis,jdi tolong untuk diperlancar lagi bosku ,,dan saya sdah ksi bintang 5 itu",jujur sejak dri awak sya main saya suka gamenya tpi masalah nya slalu pada bugnyasenyal kadang merahpada saat masuk masi oktpi ketika sdah di dalam gamenya apalagi saat lobi di br slalu saja patah sinyal kadang kembali otomatisjdi tolong untuk diperlancar lagi bosku dan saya sdah ksi bintang itu,"['jujur', 'sejak', 'dri', 'awak', 'sya', 'main', 'saya', 'suka', 'gamenya', 'tpi', 'masalah', 'nya', 'slalu', 'pada', 'bugnyasenyal', 'kadang', 'merahpada', 'saat', 'masuk', 'masi', 'oktpi', 'ketika', 'sdah', 'di', 'dalam', 'gamenya', 'apalagi', 'saat', 'lobi', 'di', 'br', 'slalu', 'saja', 'patah', 'sinyal', 'kadang', 'kembali', 'otomatisjdi', 'tolong', 'untuk', 'diperlancar', 'lagi', 'bosku', 'dan', 'saya', 'sdah', 'ksi', 'bintang', 'itu']","['jujur', 'sejak', 'dri', 'awak', 'sya', 'main', 'suka', 'gamenya', 'tpi', 'masalah', 'nya', 'slalu', 'bugnyasenyal', 'kadang', 'merahpada', 'masuk', 'masi', 'oktpi', 'sdah', 'gamenya', 'lobi', 'br', 'slalu', 'patah', 'sinyal', 'kadang', 'otomatisjdi', 'diperlancar', 'bosku', 'sdah', 'ksi', 'bintang']","['jujur', 'sejak', 'dri', 'awak', 'sya', 'main', 'suka', 'gamenya', 'tpi', 'masalah', 'nya', 'slalu', 'bugnyasenyal', 'kadang', 'merahpada', 'masuk', 'mas', 'oktpi', 'sdah', 'gamenya', 'lobi', 'br', 'slalu', 'patah', 'sinyal', 'kadang', 'otomatisjdi', 'lancar', 'bos', 'sdah', 'ksi', 'bintang']",jujur sejak dri awak sya main suka gamenya tpi masalah nya slalu bugnyasenyal kadang merahpada masuk mas oktpi sdah gamenya lobi br slalu patah sinyal kadang otomatisjdi lancar bos sdah ksi bintang
Ahmad Hafidz,5,2025-09-30 10:44:37,gemnya sangat bagus,gemnya sangat bagus,gemnya sangat bagus,"['gemnya', 'sangat', 'bagus']","['gemnya', 'sangat', 'bagus']","['gemnya', 'sangat', 'bagus']",gemnya sangat bagus
Nayla RahmaGustinaa,5,2025-09-30 10:42:39,suka bangettt,suka bangettt,suka bangettt,"['suka', 'bangettt']","['suka', 'bangettt']","['suka', 'bangettt']",suka bangettt
Kalvin Jangi,5,2025-09-30 10:39:39,sempurna,sempurna,sempurna,['sempurna'],['sempurna'],['sempurna'],sempurna
Retzz tukang hayal,2,2025-09-30 10:38:20,bnyak bug,bnyak bug,bnyak bug,"['bnyak', 'bug']","['bnyak', 'bug']","['bnyak', 'bug']",bnyak bug
hafizh wideka.s hafzx,3,2025-09-30 10:35:02,budi 01 gaming lu apain?,budi 01 gaming lu apain?,budi gaming lu apain,"['budi', 'gaming', 'lu', 'apain']","['budi', 'gaming', 'lu', 'apain']","['budi', 'gaming', 'lu', 'apain']",budi gaming lu apain
AHNAF SABAN ARASID,5,2025-09-30 10:34:06,"gw ga pake ap ap ngapain di blacklist si , gw gpke cheat ga pake glowal makro , gw laporin citer malah gw yang kena bl kocak banget 😹😹 , gw kasih bintang 5 , biar lu liat😹","gw ga pake ap ap ngapain di blacklist si , gw gpke cheat ga pake glowal makro , gw laporin citer malah gw yang kena bl kocak banget 😹😹 , gw kasih bintang 5 , biar lu liat😹",gw ga pake ap ap ngapain di blacklist si gw gpke cheat ga pake glowal makro gw laporin citer malah gw yang kena bl kocak banget gw kasih bintang biar lu liat,"['gw', 'ga', 'pake', 'ap', 'ap', 'ngapain', 'di', 'blacklist', 'si', 'gw', 'gpke', 'cheat', 'ga', 'pake', 'glowal', 'makro', 'gw', 'laporin', 'citer', 'malah', 'gw', 'yang', 'kena', 'bl', 'kocak', 'banget', 'gw', 'kasih', 'bintang', 'biar', 'lu', 'liat']","['gw', 'ga', 'pake', 'ap', 'ap', 'ngapain', 'blacklist', 'si', 'gw', 'gpke', 'cheat', 'ga', 'pake', 'glowal', 'makro', 'gw', 'laporin', 'citer', 'malah', 'gw', 'kena', 'bl', 'kocak', 'banget', 'gw', 'kasih', 'bintang', 'biar', 'lu', 'liat']","['gw', 'ga', 'pake', 'ap', 'ap', 'ngapain', 'blacklist', 'si', 'gw', 'gpke', 'cheat', 'ga', 'pake', 'glowal', 'makro', 'gw', 'laporin', 'citer', 'malah', 'gw', 'kena', 'bl', 'kocak', 'banget', 'gw', 'kasih', 'bintang', 'biar', 'lu', 'liat']",gw ga pake ap ap ngapain blacklist si gw gpke cheat ga pake glowal makro gw laporin citer malah gw kena bl kocak banget gw kasih bintang biar lu liat
Adittya,1,2025-09-30 10:32:35,game sngt bgus,game sngt bgus,game sngt bgus,"['game', 'sngt', 'bgus']","['game', 'sngt', 'bgus']","['game', 'sngt', 'bgus']",game sngt bgus
Ilaa Amoraa,1,2025-09-30 10:20:54,gak jelas ini gem pas masuk malah hitam semua gak jelas emang,gak jelas ini gem pas masuk malah hitam semua gak jelas emang,gak jelas ini gem pas masuk malah hitam semua gak jelas emang,"['gak', 'jelas', 'ini', 'gem', 'pas', 'masuk', 'malah', 'hitam', 'semua', 'gak', 'jelas', 'emang']","['gak', 'jelas', 'gem', 'pas', 'masuk', 'malah', 'hitam', 'semua', 'gak', 'jelas', 'emang']","['gak', 'jelas', 'gem', 'pas', 'masuk', 'malah', 'hitam', 'semua', 'gak', 'jelas', 'emang']",gak jelas gem pas masuk malah hitam semua gak jelas emang
yusuf Supriyadi,1,2025-09-30 10:19:20,gamenya bagus tapi tidak adil kalau main musuhnya jago jago tapi kalo tim saya bot bot gimana ni Garena,gamenya bagus tapi tidak adil kalau main musuhnya jago jago tapi kalo tim saya bot bot gimana ni garena,gamenya bagus tapi tidak adil kalau main musuhnya jago jago tapi kalo tim saya bot bot gimana ni garena,"['gamenya', 'bagus', 'tapi', 'tidak', 'adil', 'kalau', 'main', 'musuhnya', 'jago', 'jago', 'tapi', 'kalo', 'tim', 'saya', 'bot', 'bot', 'gimana', 'ni', 'garena']","['gamenya', 'bagus', 'adil', 'kalau', 'main', 'musuhnya', 'jago', 'jago', 'kalo', 'tim', 'bot', 'bot', 'gimana', 'ni', 'garena']","['gamenya', 'bagus', 'adil', 'kalau', 'main', 'musuh', 'jago', 'jago', 'kalo', 'tim', 'bot', 'bot', 'gimana', 'ni', 'garena']",gamenya bagus adil kalau main musuh jago jago kalo tim bot bot gimana ni garena
Nur Hayati,5,2025-09-30 10:09:54,karena bagus gamenya,karena bagus gamenya,karena bagus gamenya,"['karena', 'bagus', 'gamenya']","['bagus', 'gamenya']","['bagus', 'gamenya']",bagus gamenya
Akun Ff,5,2025-09-30 10:09:04,Aku butuh sesui nick ku garena,aku butuh sesui nick ku garena,aku butuh sesui nick ku garena,"['aku', 'butuh', 'sesui', 'nick', 'ku', 'garena']","['aku', 'butuh', 'sesui', 'nick', 'ku', 'garena']","['aku', 'butuh', 'sesui', 'nick', 'ku', 'garena']",aku butuh sesui nick ku garena
Akun Free fire1,1,2025-09-30 10:06:51,kocak,kocak,kocak,['kocak'],['kocak'],['kocak'],kocak
Kartini Raihan,5,2025-09-30 10:05:38,gem nya baguss banget tapi plis apded nya uang bagus,gem nya baguss banget tapi plis apded nya uang bagus,gem nya baguss banget tapi plis apded nya uang bagus,"['gem', 'nya', 'baguss', 'banget', 'tapi', 'plis', 'apded', 'nya', 'uang', 'bagus']","['gem', 'nya', 'baguss', 'banget', 'plis', 'apded', 'nya', 'uang', 'bagus']","['gem', 'nya', 'baguss', 'banget', 'plis', 'apded', 'nya', 'uang', 'bagus']",gem nya baguss banget plis apded nya uang bagus
Nizam Nawawi,2,2025-09-30 10:04:49,aku main selalu bug demeg,aku main selalu bug demeg,aku main selalu bug demeg,"['aku', 'main', 'selalu', 'bug', 'demeg']","['aku', 'main', 'selalu', 'bug', 'demeg']","['aku', 'main', 'selalu', 'bug', 'deg']",aku main selalu bug deg
Justin Harefa,1,2025-09-30 10:03:29,jelek,jelek,jelek,['jelek'],['jelek'],['jelek'],jelek
Tobia sulfanus Lahagu,5,2025-09-30 10:01:58,Sangat menghibur 💯,sangat menghibur 💯,sangat menghibur,"['sangat', 'menghibur']","['sangat', 'menghibur']","['sangat', 'hibur']",sangat hibur
Amat Starboy,5,2025-09-30 09:55:33,sangat menyenangkan,sangat menyenangkan,sangat menyenangkan,"['sangat', 'menyenangkan']","['sangat', 'menyenangkan']","['sangat', 'senang']",sangat senang
Muh Irsan,1,2025-09-30 09:53:28,karena ustadz pasti dahh tau,karena ustadz pasti dahh tau,karena ustadz pasti dahh tau,"['karena', 'ustadz', 'pasti', 'dahh', 'tau']","['ustadz', 'dahh', 'tau']","['ustadz', 'dahh', 'tau']",ustadz dahh tau
Bulbul Duldul,4,2025-09-30 09:47:09,mantap gim nya,mantap gim nya,mantap gim nya,"['mantap', 'gim', 'nya']","['mantap', 'gim', 'nya']","['mantap', 'gim', 'nya']",mantap gim nya
Anjay Mabr,1,2025-09-30 09:46:35,Geme rusak geme ngetak geme burik akun gw ga chit tiba tiba ke ban anyink t,geme rusak geme ngetak geme burik akun gw ga chit tiba tiba ke ban anyink t,geme rusak geme ngetak geme burik akun gw ga chit tiba tiba ke ban anyink t,"['geme', 'rusak', 'geme', 'ngetak', 'geme', 'burik', 'akun', 'gw', 'ga', 'chit', 'tiba', 'tiba', 'ke', 'ban', 'anyink', 't']","['geme', 'rusak', 'geme', 'ngetak', 'geme', 'burik', 'akun', 'gw', 'ga', 'chit', 'tiba', 'tiba', 'ban', 'anyink', 't']","['geme', 'rusak', 'geme', 'ngetak', 'geme', 'burik', 'akun', 'gw', 'ga', 'chit', 'tiba', 'tiba', 'ban', 'anyink', 't']",geme rusak geme ngetak geme burik akun gw ga chit tiba tiba ban anyink t
Farakhan Fais,1,2025-09-30 09:45:33,KEMBALIKAN BANG BUDI 01 MAIN FREE FIRE,kembalikan bang budi 01 main free fire,kembalikan bang budi main free fire,"['kembalikan', 'bang', 'budi', 'main', 'free', 'fire']","['kembalikan', 'bang', 'budi', 'main', 'free', 'fire']","['kembali', 'bang', 'budi', 'main', 'free', 'fire']",kembali bang budi main free fire
Arif Anjay,5,2025-09-30 09:40:17,mantap diamond donk min,mantap diamond donk min,mantap diamond donk min,"['mantap', 'diamond', 'donk', 'min']","['mantap', 'diamond', 'donk', 'min']","['mantap', 'diamond', 'donk', 'min']",mantap diamond donk min
Franz Belotindos,1,2025-09-30 09:38:37,balikin akun bang Budi woi,balikin akun bang budi woi,balikin akun bang budi woi,"['balikin', 'akun', 'bang', 'budi', 'woi']","['balikin', 'akun', 'bang', 'budi', 'woi']","['balikin', 'akun', 'bang', 'budi', 'woi']",balikin akun bang budi woi
Wayan Riva,1,2025-09-30 09:38:21,makin update makin rusak 🤬🤬,makin update makin rusak 🤬🤬,makin update makin rusak,"['makin', 'update', 'makin', 'rusak']","['makin', 'update', 'makin', 'rusak']","['makin', 'update', 'makin', 'rusak']",makin update makin rusak
gilang Ramdani,5,2025-09-30 09:35:51,ok,ok,ok,['ok'],[],[],
Alif Zidan,5,2025-09-30 09:30:36,"game ini punya banyak memori di kehidupan ku, kalo di ingat bisa nangis","game ini punya banyak memori di kehidupan ku, kalo di ingat bisa nangis",game ini punya banyak memori di kehidupan ku kalo di ingat bisa nangis,"['game', 'ini', 'punya', 'banyak', 'memori', 'di', 'kehidupan', 'ku', 'kalo', 'di', 'ingat', 'bisa', 'nangis']","['game', 'punya', 'banyak', 'memori', 'kehidupan', 'ku', 'kalo', 'ingat', 'nangis']","['game', 'punya', 'banyak', 'memori', 'hidup', 'ku', 'kalo', 'ingat', 'nang']",game punya banyak memori hidup ku kalo ingat nang
Fahri Rizaki,5,2025-09-30 09:25:42,permainan ini sangat seruu banyak teman online yg bisa kita kenal walaupun beda daerah,permainan ini sangat seruu banyak teman online yg bisa kita kenal walaupun beda daerah,permainan ini sangat seruu banyak teman online yg bisa kita kenal walaupun beda daerah,"['permainan', 'ini', 'sangat', 'seruu', 'banyak', 'teman', 'online', 'yg', 'bisa', 'kita', 'kenal', 'walaupun', 'beda', 'daerah']","['permainan', 'sangat', 'seruu', 'banyak', 'teman', 'online', 'yg', 'kenal', 'walaupun', 'beda', 'daerah']","['main', 'sangat', 'seruu', 'banyak', 'teman', 'online', 'yg', 'kenal', 'walaupun', 'beda', 'daerah']",main sangat seruu banyak teman online yg kenal walaupun beda daerah
Ulfa Kina,5,2025-09-30 09:23:27,permainan free fire sangat bagus,permainan free fire sangat bagus,permainan free fire sangat bagus,"['permainan', 'free', 'fire', 'sangat', 'bagus']","['permainan', 'free', 'fire', 'sangat', 'bagus']","['main', 'free', 'fire', 'sangat', 'bagus']",main free fire sangat bagus
Albi Realme,5,2025-09-30 09:21:45,min kenapa gue kasih bintang 5 karena saya menyukai gem ff tapi akun saya hilang min dan saya tidak main lagi min,min kenapa gue kasih bintang 5 karena saya menyukai gem ff tapi akun saya hilang min dan saya tidak main lagi min,min kenapa gue kasih bintang karena saya menyukai gem ff tapi akun saya hilang min dan saya tidak main lagi min,"['min', 'kenapa', 'gue', 'kasih', 'bintang', 'karena', 'saya', 'menyukai', 'gem', 'ff', 'tapi', 'akun', 'saya', 'hilang', 'min', 'dan', 'saya', 'tidak', 'main', 'lagi', 'min']","['min', 'gue', 'kasih', 'bintang', 'menyukai', 'gem', 'ff', 'akun', 'hilang', 'min', 'main', 'min']","['min', 'gue', 'kasih', 'bintang', 'suka', 'gem', 'ff', 'akun', 'hilang', 'min', 'main', 'min']",min gue kasih bintang suka gem ff akun hilang min main min
Rondo ndeso,3,2025-09-30 09:18:49,tidak bisa login di akun Facebook tolong di perbaiki segera,tidak bisa login di akun facebook tolong di perbaiki segera,tidak bisa login di akun facebook tolong di perbaiki segera,"['tidak', 'bisa', 'login', 'di', 'akun', 'facebook', 'tolong', 'di', 'perbaiki', 'segera']","['login', 'akun', 'facebook', 'perbaiki', 'segera']","['login', 'akun', 'facebook', 'baik', 'segera']",login akun facebook baik segera
ATAYA ASRIL PRATAMA,1,2025-09-30 09:18:47,game abk jir gw tiba tiba ngeleg padahal wifi bagus. gegaralu bintang gw turun pea tolol,game abk jir gw tiba tiba ngeleg padahal wifi bagus. gegaralu bintang gw turun pea tolol,game abk jir gw tiba tiba ngeleg padahal wifi bagus gegaralu bintang gw turun pea tolol,"['game', 'abk', 'jir', 'gw', 'tiba', 'tiba', 'ngeleg', 'padahal', 'wifi', 'bagus', 'gegaralu', 'bintang', 'gw', 'turun', 'pea', 'tolol']","['game', 'abk', 'jir', 'gw', 'tiba', 'tiba', 'ngeleg', 'padahal', 'wifi', 'bagus', 'gegaralu', 'bintang', 'gw', 'turun', 'pea', 'tolol']","['game', 'abk', 'jir', 'gw', 'tiba', 'tiba', 'ngeleg', 'padahal', 'wifi', 'bagus', 'gegaralu', 'bintang', 'gw', 'turun', 'pea', 'tolol']",game abk jir gw tiba tiba ngeleg padahal wifi bagus gegaralu bintang gw turun pea tolol
Salsa Ardiyah,5,2025-09-30 09:17:28,kerenn bgtt akuu sukaa,kerenn bgtt akuu sukaa,kerenn bgtt akuu sukaa,"['kerenn', 'bgtt', 'akuu', 'sukaa']","['kerenn', 'bgtt', 'akuu', 'sukaa']","['kerenn', 'bgtt', 'akuu', 'sukaa']",kerenn bgtt akuu sukaa
stok Bot,1,2025-09-30 09:12:48,kenapa saya tidak bisa meng instal game ini,kenapa saya tidak bisa meng instal game ini,kenapa saya tidak bisa meng instal game ini,"['kenapa', 'saya', 'tidak', 'bisa', 'meng', 'instal', 'game', 'ini']","['meng', 'instal', 'game']","['meng', 'instal', 'game']",meng instal game
Emi Yulianti,1,2025-09-30 09:12:25,apalah epep tambah burik aja sekarang akun budi 0Geming kasihan ege totkoq,apalah epep tambah burik aja sekarang akun budi 0geming kasihan ege totkoq,apalah epep tambah burik aja sekarang akun budi geming kasihan ege totkoq,"['apalah', 'epep', 'tambah', 'burik', 'aja', 'sekarang', 'akun', 'budi', 'geming', 'kasihan', 'ege', 'totkoq']","['apalah', 'epep', 'tambah', 'burik', 'aja', 'sekarang', 'akun', 'budi', 'geming', 'kasihan', 'ege', 'totkoq']","['apa', 'epep', 'tambah', 'burik', 'aja', 'sekarang', 'akun', 'budi', 'geming', 'kasihan', 'ege', 'totkoq']",apa epep tambah burik aja sekarang akun budi geming kasihan ege totkoq
Laode Asraf azhar,1,2025-09-30 09:10:24,gamenya gak bisa di mainin ni !!!,gamenya gak bisa di mainin ni !!!,gamenya gak bisa di mainin ni,"['gamenya', 'gak', 'bisa', 'di', 'mainin', 'ni']","['gamenya', 'gak', 'mainin', 'ni']","['gamenya', 'gak', 'mainin', 'ni']",gamenya gak mainin ni
Naufal Faqih,1,2025-09-30 09:08:35,masih agak kurang grafiknya Dan top up diamond nya masih sangat mahal,masih agak kurang grafiknya dan top up diamond nya masih sangat mahal,masih agak kurang grafiknya dan top up diamond nya masih sangat mahal,"['masih', 'agak', 'kurang', 'grafiknya', 'dan', 'top', 'up', 'diamond', 'nya', 'masih', 'sangat', 'mahal']","['kurang', 'grafiknya', 'top', 'up', 'diamond', 'nya', 'sangat', 'mahal']","['kurang', 'grafik', 'top', 'up', 'diamond', 'nya', 'sangat', 'mahal']",kurang grafik top up diamond nya sangat mahal
Ibrahim,5,2025-09-30 09:08:17,saya mau minta maaf karna kejadian tadi Gemini sangat bagus dan semoga adminnya sehat selalu Garena sekali lagi saya minta maaf🙏,saya mau minta maaf karna kejadian tadi gemini sangat bagus dan semoga adminnya sehat selalu garena sekali lagi saya minta maaf🙏,saya mau minta maaf karna kejadian tadi gemini sangat bagus dan semoga adminnya sehat selalu garena sekali lagi saya minta maaf,"['saya', 'mau', 'minta', 'maaf', 'karna', 'kejadian', 'tadi', 'gemini', 'sangat', 'bagus', 'dan', 'semoga', 'adminnya', 'sehat', 'selalu', 'garena', 'sekali', 'lagi', 'saya', 'minta', 'maaf']","['mau', 'minta', 'maaf', 'karna', 'kejadian', 'tadi', 'gemini', 'sangat', 'bagus', 'semoga', 'adminnya', 'sehat', 'selalu', 'garena', 'sekali', 'minta', 'maaf']","['mau', 'minta', 'maaf', 'karna', 'jadi', 'tadi', 'gemini', 'sangat', 'bagus', 'moga', 'adminnya', 'sehat', 'selalu', 'garena', 'sekali', 'minta', 'maaf']",mau minta maaf karna jadi tadi gemini sangat bagus moga adminnya sehat selalu garena sekali minta maaf
gusz Yrza,1,2025-09-30 09:07:37,garena seenaknya sama playernya liat budi01 gaming jadi pensi gara²lu,garena seenaknya sama playernya liat budi01 gaming jadi pensi gara²lu,garena seenaknya sama playernya liat budi gaming jadi pensi garalu,"['garena', 'seenaknya', 'sama', 'playernya', 'liat', 'budi', 'gaming', 'jadi', 'pensi', 'garalu']","['garena', 'seenaknya', 'sama', 'playernya', 'liat', 'budi', 'gaming', 'jadi', 'pensi', 'garalu']","['garena', 'enak', 'sama', 'playernya', 'liat', 'budi', 'gaming', 'jadi', 'pensi', 'garalu']",garena enak sama playernya liat budi gaming jadi pensi garalu
Jumri Tinambunan,5,2025-09-30 09:07:34,suka seru,suka seru,suka seru,"['suka', 'seru']","['suka', 'seru']","['suka', 'seru']",suka seru
Pengguna Februari,5,2025-09-30 09:06:48,sangat bagus,sangat bagus,sangat bagus,"['sangat', 'bagus']","['sangat', 'bagus']","['sangat', 'bagus']",sangat bagus
Riko Saputra,4,2025-09-30 08:59:28,indonesia,indonesia,indonesia,['indonesia'],['indonesia'],['indonesia'],indonesia
Pakonjan Farid,5,2025-09-30 08:57:00,enak geme nya,enak geme nya,enak geme nya,"['enak', 'geme', 'nya']","['enak', 'geme', 'nya']","['enak', 'geme', 'nya']",enak geme nya
Rohidin Rohman,5,2025-09-30 08:54:44,mantap,mantap,mantap,['mantap'],['mantap'],['mantap'],mantap
liaxzy hytam,1,2025-09-30 08:53:49,"kocak bgt suka bug onmic, error, jaringan 999+, patah patah, lag, gloo delay, mainnya emg seru tpi bnrin dulh lh ngtd, perbaiki dulu pls","kocak bgt suka bug onmic, error, jaringan 999+, patah patah, lag, gloo delay, mainnya emg seru tpi bnrin dulh lh ngtd, perbaiki dulu pls",kocak bgt suka bug onmic error jaringan patah patah lag gloo delay mainnya emg seru tpi bnrin dulh lh ngtd perbaiki dulu pls,"['kocak', 'bgt', 'suka', 'bug', 'onmic', 'error', 'jaringan', 'patah', 'patah', 'lag', 'gloo', 'delay', 'mainnya', 'emg', 'seru', 'tpi', 'bnrin', 'dulh', 'lh', 'ngtd', 'perbaiki', 'dulu', 'pls']","['kocak', 'bgt', 'suka', 'bug', 'onmic', 'error', 'jaringan', 'patah', 'patah', 'lag', 'gloo', 'delay', 'mainnya', 'emg', 'seru', 'tpi', 'bnrin', 'dulh', 'lh', 'ngtd', 'perbaiki', 'dulu', 'pls']","['kocak', 'bgt', 'suka', 'bug', 'onmic', 'error', 'jaring', 'patah', 'patah', 'lag', 'gloo', 'delay', 'main', 'emg', 'seru', 'tpi', 'bnrin', 'dulh', 'lh', 'ngtd', 'baik', 'dulu', 'pls']",kocak bgt suka bug onmic error jaring patah patah lag gloo delay main emg seru tpi bnrin dulh lh ngtd baik dulu pls
Marrisa Casilla Wijaya,5,2025-09-30 08:52:52,bagus,bagus,bagus,['bagus'],['bagus'],['bagus'],bagus
FERRY FADLI E-TIKET BANGKA,1,2025-09-30 08:52:43,kebanyakan player cheat,kebanyakan player cheat,kebanyakan player cheat,"['kebanyakan', 'player', 'cheat']","['kebanyakan', 'player', 'cheat']","['banyak', 'player', 'cheat']",banyak player cheat
Uda Buan,5,2025-09-30 08:52:34,mantap banget,mantap banget,mantap banget,"['mantap', 'banget']","['mantap', 'banget']","['mantap', 'banget']",mantap banget
Luminous Astra,2,2025-09-30 08:52:09,demage yang di terima sama yang di tembakan kadang ga sama,demage yang di terima sama yang di tembakan kadang ga sama,demage yang di terima sama yang di tembakan kadang ga sama,"['demage', 'yang', 'di', 'terima', 'sama', 'yang', 'di', 'tembakan', 'kadang', 'ga', 'sama']","['demage', 'terima', 'sama', 'tembakan', 'kadang', 'ga', 'sama']","['dage', 'terima', 'sama', 'tembak', 'kadang', 'ga', 'sama']",dage terima sama tembak kadang ga sama
Indramayanti Ida,5,2025-09-30 08:43:09,sangat keren game ff ini,sangat keren game ff ini,sangat keren game ff ini,"['sangat', 'keren', 'game', 'ff', 'ini']","['sangat', 'keren', 'game', 'ff']","['sangat', 'keren', 'game', 'ff']",sangat keren game ff
Faiz Ahmad Mubarok,5,2025-09-30 08:42:08,sangat terbantu,sangat terbantu,sangat terbantu,"['sangat', 'terbantu']","['sangat', 'terbantu']","['sangat', 'bantu']",sangat bantu
Yanto Irham,1,2025-09-30 08:40:42,"Gk ada pintunya, klo ada pintu kasih ⭐ 5","gk ada pintunya, klo ada pintu kasih ⭐ 5",gk ada pintunya klo ada pintu kasih,"['gk', 'ada', 'pintunya', 'klo', 'ada', 'pintu', 'kasih']","['gk', 'pintunya', 'klo', 'pintu', 'kasih']","['gk', 'pintu', 'klo', 'pintu', 'kasih']",gk pintu klo pintu kasih
Raka Arman,5,2025-09-30 08:33:59,sangat luar biasa,sangat luar biasa,sangat luar biasa,"['sangat', 'luar', 'biasa']","['sangat', 'luar', 'biasa']","['sangat', 'luar', 'biasa']",sangat luar biasa
Felisa Nur,5,2025-09-30 08:29:31,cinta epep,cinta epep,cinta epep,"['cinta', 'epep']","['cinta', 'epep']","['cinta', 'epep']",cinta epep
Selina Gomes,5,2025-09-30 08:29:18,100% bagus sekali,100% bagus sekali,bagus sekali,"['bagus', 'sekali']","['bagus', 'sekali']","['bagus', 'sekali']",bagus sekali
Julie Anto,5,2025-09-30 08:28:26,Kembalikan pik yang dulu Pliss,kembalikan pik yang dulu pliss,kembalikan pik yang dulu pliss,"['kembalikan', 'pik', 'yang', 'dulu', 'pliss']","['kembalikan', 'pik', 'dulu', 'pliss']","['kembali', 'pik', 'dulu', 'pliss']",kembali pik dulu pliss
Ri An,1,2025-09-30 08:22:24,akun aku kenapa di ban aku gak pake cit atau panel kenapa aku kasih bintang satu ada yang cit terus ada yang pake panel dan selainya tolong akun aku akun aku gak pake cit ya dan ini nama akunya SN.RZ#VN tolong ya garena,akun aku kenapa di ban aku gak pake cit atau panel kenapa aku kasih bintang satu ada yang cit terus ada yang pake panel dan selainya tolong akun aku akun aku gak pake cit ya dan ini nama akunya sn.rz#vn tolong ya garena,akun aku kenapa di ban aku gak pake cit atau panel kenapa aku kasih bintang satu ada yang cit terus ada yang pake panel dan selainya tolong akun aku akun aku gak pake cit ya dan ini nama akunya snrzvn tolong ya garena,"['akun', 'aku', 'kenapa', 'di', 'ban', 'aku', 'gak', 'pake', 'cit', 'atau', 'panel', 'kenapa', 'aku', 'kasih', 'bintang', 'satu', 'ada', 'yang', 'cit', 'terus', 'ada', 'yang', 'pake', 'panel', 'dan', 'selainya', 'tolong', 'akun', 'aku', 'akun', 'aku', 'gak', 'pake', 'cit', 'ya', 'dan', 'ini', 'nama', 'akunya', 'snrzvn', 'tolong', 'ya', 'garena']","['akun', 'aku', 'ban', 'aku', 'gak', 'pake', 'cit', 'panel', 'aku', 'kasih', 'bintang', 'satu', 'cit', 'terus', 'pake', 'panel', 'selainya', 'akun', 'aku', 'akun', 'aku', 'gak', 'pake', 'cit', 'nama', 'akunya', 'snrzvn', 'garena']","['akun', 'aku', 'ban', 'aku', 'gak', 'pake', 'cit', 'panel', 'aku', 'kasih', 'bintang', 'satu', 'cit', 'terus', 'pake', 'panel', 'selai', 'akun', 'aku', 'akun', 'aku', 'gak', 'pake', 'cit', 'nama', 'aku', 'snrzvn', 'garena']",akun aku ban aku gak pake cit panel aku kasih bintang satu cit terus pake panel selai akun aku akun aku gak pake cit nama aku snrzvn garena
Rehan,5,2025-09-30 08:16:39,papa aku pun main ff,papa aku pun main ff,papa aku pun main ff,"['papa', 'aku', 'pun', 'main', 'ff']","['papa', 'aku', 'main', 'ff']","['papa', 'aku', 'main', 'ff']",papa aku main ff
itta,5,2025-09-30 08:11:12,MAAF TETAPI FF MUSUH NYA TERLALU SUSAH MAAF🙏🙏🙏,maaf tetapi ff musuh nya terlalu susah maaf🙏🙏🙏,maaf tetapi ff musuh nya terlalu susah maaf,"['maaf', 'tetapi', 'ff', 'musuh', 'nya', 'terlalu', 'susah', 'maaf']","['maaf', 'ff', 'musuh', 'nya', 'terlalu', 'susah', 'maaf']","['maaf', 'ff', 'musuh', 'nya', 'terlalu', 'susah', 'maaf']",maaf ff musuh nya terlalu susah maaf
Jeand,5,2025-09-30 08:07:10,Free Fire max nya keren Garena aku saranin Untuk Mengadain Mode offline Biar KLO GK ad Kouta bisa main.,free fire max nya keren garena aku saranin untuk mengadain mode offline biar klo gk ad kouta bisa main.,free fire max nya keren garena aku saranin untuk mengadain mode offline biar klo gk ad kouta bisa main,"['free', 'fire', 'max', 'nya', 'keren', 'garena', 'aku', 'saranin', 'untuk', 'mengadain', 'mode', 'offline', 'biar', 'klo', 'gk', 'ad', 'kouta', 'bisa', 'main']","['free', 'fire', 'max', 'nya', 'keren', 'garena', 'aku', 'saranin', 'mengadain', 'mode', 'offline', 'biar', 'klo', 'gk', 'ad', 'kouta', 'main']","['free', 'fire', 'max', 'nya', 'keren', 'garena', 'aku', 'saranin', 'mengadain', 'mode', 'offline', 'biar', 'klo', 'gk', 'ad', 'kouta', 'main']",free fire max nya keren garena aku saranin mengadain mode offline biar klo gk ad kouta main
Sukaedah Atang,1,2025-09-30 08:06:37,"game burik gajelas depan wifi pun ga menjamin bakalan lancar main, jangan dowloand","game burik gajelas depan wifi pun ga menjamin bakalan lancar main, jangan dowloand",game burik gajelas depan wifi pun ga menjamin bakalan lancar main jangan dowloand,"['game', 'burik', 'gajelas', 'depan', 'wifi', 'pun', 'ga', 'menjamin', 'bakalan', 'lancar', 'main', 'jangan', 'dowloand']","['game', 'burik', 'gajelas', 'depan', 'wifi', 'ga', 'menjamin', 'bakalan', 'lancar', 'main', 'jangan', 'dowloand']","['game', 'burik', 'gajelas', 'depan', 'wifi', 'ga', 'jamin', 'bakal', 'lancar', 'main', 'jangan', 'dowloand']",game burik gajelas depan wifi ga jamin bakal lancar main jangan dowloand
Kristiana Dewi,5,2025-09-30 08:02:17,basgua banget FF karena aku akhirnya bisa boyah di BR rangket🥰,basgua banget ff karena aku akhirnya bisa boyah di br rangket🥰,basgua banget ff karena aku akhirnya bisa boyah di br rangket,"['basgua', 'banget', 'ff', 'karena', 'aku', 'akhirnya', 'bisa', 'boyah', 'di', 'br', 'rangket']","['basgua', 'banget', 'ff', 'aku', 'akhirnya', 'boyah', 'br', 'rangket']","['basgua', 'banget', 'ff', 'aku', 'akhir', 'boyah', 'br', 'rangket']",basgua banget ff aku akhir boyah br rangket
Admin Ahmadlaega,2,2025-09-30 08:00:15,coba peak old di kembalikan,coba peak old di kembalikan,coba peak old di kembalikan,"['coba', 'peak', 'old', 'di', 'kembalikan']","['coba', 'peak', 'old', 'kembalikan']","['coba', 'peak', 'old', 'kembali']",coba peak old kembali
Ci That,5,2025-09-30 07:55:12,bagus,bagus,bagus,['bagus'],['bagus'],['bagus'],bagus
trisatya loka Syahputra,1,2025-09-30 07:54:52,game ini sangat jelek,game ini sangat jelek,game ini sangat jelek,"['game', 'ini', 'sangat', 'jelek']","['game', 'sangat', 'jelek']","['game', 'sangat', 'jelek']",game sangat jelek
Minarti Munawarah,1,2025-09-30 07:50:44,tolong kasih saya hoki setiap kali say sepin pasti tidak dapat dan sekali lagi grafik nya dibuat yg paling rendah,tolong kasih saya hoki setiap kali say sepin pasti tidak dapat dan sekali lagi grafik nya dibuat yg paling rendah,tolong kasih saya hoki setiap kali say sepin pasti tidak dapat dan sekali lagi grafik nya dibuat yg paling rendah,"['tolong', 'kasih', 'saya', 'hoki', 'setiap', 'kali', 'say', 'sepin', 'pasti', 'tidak', 'dapat', 'dan', 'sekali', 'lagi', 'grafik', 'nya', 'dibuat', 'yg', 'paling', 'rendah']","['kasih', 'hoki', 'kali', 'say', 'sepin', 'sekali', 'grafik', 'nya', 'dibuat', 'yg', 'paling', 'rendah']","['kasih', 'hoki', 'kali', 'say', 'pin', 'sekali', 'grafik', 'nya', 'buat', 'yg', 'paling', 'rendah']",kasih hoki kali say pin sekali grafik nya buat yg paling rendah
Sema Aja,3,2025-09-30 07:48:55,main nya selalu ngelek dan jaringanya jelek,main nya selalu ngelek dan jaringanya jelek,main nya selalu ngelek dan jaringanya jelek,"['main', 'nya', 'selalu', 'ngelek', 'dan', 'jaringanya', 'jelek']","['main', 'nya', 'selalu', 'ngelek', 'jaringanya', 'jelek']","['main', 'nya', 'selalu', 'ngelek', 'jaringanya', 'jelek']",main nya selalu ngelek jaringanya jelek
Muh nur Qolby,5,2025-09-30 07:48:48,game paling terbaik di dunia,game paling terbaik di dunia,game paling terbaik di dunia,"['game', 'paling', 'terbaik', 'di', 'dunia']","['game', 'paling', 'terbaik', 'dunia']","['game', 'paling', 'baik', 'dunia']",game paling baik dunia
Rizki Rizki,1,2025-09-30 07:48:33,kenapa ff gw gak bisa di buka min tolong jelaskan kalo gk gw suruh semua temen gw APUS ff burikk,kenapa ff gw gak bisa di buka min tolong jelaskan kalo gk gw suruh semua temen gw apus ff burikk,kenapa ff gw gak bisa di buka min tolong jelaskan kalo gk gw suruh semua temen gw apus ff burikk,"['kenapa', 'ff', 'gw', 'gak', 'bisa', 'di', 'buka', 'min', 'tolong', 'jelaskan', 'kalo', 'gk', 'gw', 'suruh', 'semua', 'temen', 'gw', 'apus', 'ff', 'burikk']","['ff', 'gw', 'gak', 'buka', 'min', 'jelaskan', 'kalo', 'gk', 'gw', 'suruh', 'semua', 'temen', 'gw', 'apus', 'ff', 'burikk']","['ff', 'gw', 'gak', 'buka', 'min', 'jelas', 'kalo', 'gk', 'gw', 'suruh', 'semua', 'temen', 'gw', 'apus', 'ff', 'burikk']",ff gw gak buka min jelas kalo gk gw suruh semua temen gw apus ff burikk
Rezz Kemang,2,2025-09-30 07:47:13,sAnGAt. TIdaK ;boLwEH di DoWnloDe. kARENa. adA bOKeP Nya☠️☠️☠️💀💀👽👽,sangat. tidak ;bolweh di downlode. karena. ada bokep nya☠️☠️☠️💀💀👽👽,sangat tidak bolweh di downlode karena ada bokep nya,"['sangat', 'tidak', 'bolweh', 'di', 'downlode', 'karena', 'ada', 'bokep', 'nya']","['sangat', 'bolweh', 'downlode', 'bokep', 'nya']","['sangat', 'bolweh', 'downlode', 'bokep', 'nya']",sangat bolweh downlode bokep nya
Susi Sitopu,5,2025-09-30 07:46:11,Karena gamenya bagus dan banyak eventnya keren tapi tolong kasih lebih banyak bundle gratisan yang langka ya Garena plisss gue palyer gratisan soalnya hehehe,karena gamenya bagus dan banyak eventnya keren tapi tolong kasih lebih banyak bundle gratisan yang langka ya garena plisss gue palyer gratisan soalnya hehehe,karena gamenya bagus dan banyak eventnya keren tapi tolong kasih lebih banyak bundle gratisan yang langka ya garena plisss gue palyer gratisan soalnya hehehe,"['karena', 'gamenya', 'bagus', 'dan', 'banyak', 'eventnya', 'keren', 'tapi', 'tolong', 'kasih', 'lebih', 'banyak', 'bundle', 'gratisan', 'yang', 'langka', 'ya', 'garena', 'plisss', 'gue', 'palyer', 'gratisan', 'soalnya', 'hehehe']","['gamenya', 'bagus', 'banyak', 'eventnya', 'keren', 'kasih', 'lebih', 'banyak', 'bundle', 'gratisan', 'langka', 'garena', 'plisss', 'gue', 'palyer', 'gratisan', 'soalnya', 'hehehe']","['gamenya', 'bagus', 'banyak', 'eventnya', 'keren', 'kasih', 'lebih', 'banyak', 'bundle', 'gratis', 'langka', 'garena', 'plisss', 'gue', 'palyer', 'gratis', 'soal', 'hehehe']",gamenya bagus banyak eventnya keren kasih lebih banyak bundle gratis langka garena plisss gue palyer gratis soal hehehe
Maria Alik salenda,4,2025-09-30 07:43:18,Ini bagus serta enak di main ka,ini bagus serta enak di main ka,ini bagus serta enak di main ka,"['ini', 'bagus', 'serta', 'enak', 'di', 'main', 'ka']","['bagus', 'enak', 'main', 'ka']","['bagus', 'enak', 'main', 'ka']",bagus enak main ka
Marsel,1,2025-09-30 07:42:22,game rusak jaringa bagus ngga biasah login gg,game rusak jaringa bagus ngga biasah login gg,game rusak jaringa bagus ngga biasah login gg,"['game', 'rusak', 'jaringa', 'bagus', 'ngga', 'biasah', 'login', 'gg']","['game', 'rusak', 'jaringa', 'bagus', 'ngga', 'biasah', 'login', 'gg']","['game', 'rusak', 'jaringa', 'bagus', 'ngga', 'biasah', 'login', 'gg']",game rusak jaringa bagus ngga biasah login gg
Rofiq Jabrik,5,2025-09-30 07:42:10,sangat bagus!!!!!ni game,sangat bagus!!!!!ni game,sangat bagusni game,"['sangat', 'bagusni', 'game']","['sangat', 'bagusni', 'game']","['sangat', 'bagusni', 'game']",sangat bagusni game
Nesia Azzahra,5,2025-09-30 07:26:56,prime turn weee,prime turn weee,prime turn weee,"['prime', 'turn', 'weee']","['prime', 'turn', 'weee']","['prime', 'turn', 'weee']",prime turn weee
Alfat Alfat,5,2025-09-30 07:25:12,Diamond,diamond,diamond,['diamond'],['diamond'],['diamond'],diamond
Dimas Sinaga,5,2025-09-30 07:23:49,Bagus tapi bagiku gk mslh sama dengan sifatnya yang sabar yo mending beli mobil ff.sekarang ada ifen baru SG Aurora gratis,bagus tapi bagiku gk mslh sama dengan sifatnya yang sabar yo mending beli mobil ff.sekarang ada ifen baru sg aurora gratis,bagus tapi bagiku gk mslh sama dengan sifatnya yang sabar yo mending beli mobil ffsekarang ada ifen baru sg aurora gratis,"['bagus', 'tapi', 'bagiku', 'gk', 'mslh', 'sama', 'dengan', 'sifatnya', 'yang', 'sabar', 'yo', 'mending', 'beli', 'mobil', 'ffsekarang', 'ada', 'ifen', 'baru', 'sg', 'aurora', 'gratis']","['bagus', 'bagiku', 'gk', 'mslh', 'sama', 'sifatnya', 'sabar', 'yo', 'mending', 'beli', 'mobil', 'ffsekarang', 'ifen', 'baru', 'sg', 'aurora', 'gratis']","['bagus', 'bagi', 'gk', 'mslh', 'sama', 'sifat', 'sabar', 'yo', 'mending', 'beli', 'mobil', 'ffsekarang', 'ifen', 'baru', 'sg', 'aurora', 'gratis']",bagus bagi gk mslh sama sifat sabar yo mending beli mobil ffsekarang ifen baru sg aurora gratis
Muhammad Rizki Arfiandi,1,2025-09-30 07:23:36,jelk,jelk,jelk,['jelk'],['jelk'],['jelk'],jelk
Ainsyah Mila,5,2025-09-30 07:23:09,Karena. hebat,karena. hebat,karena hebat,"['karena', 'hebat']",['hebat'],['hebat'],hebat
Cendrawani,3,2025-09-30 07:19:09,"tolong, pihak Garena perbaiki lah sistem sinyal nya, tolong lah agar player ff senang, nyama, jadi tolong lah pihak Garena perbaiki sinyalnya, padahal jaringanya bagus lohh tapi sinyal nya 999+ tolong yah pihak Garena🥲😔","tolong, pihak garena perbaiki lah sistem sinyal nya, tolong lah agar player ff senang, nyama, jadi tolong lah pihak garena perbaiki sinyalnya, padahal jaringanya bagus lohh tapi sinyal nya 999+ tolong yah pihak garena🥲😔",tolong pihak garena perbaiki lah sistem sinyal nya tolong lah agar player ff senang nyama jadi tolong lah pihak garena perbaiki sinyalnya padahal jaringanya bagus lohh tapi sinyal nya tolong yah pihak garena,"['tolong', 'pihak', 'garena', 'perbaiki', 'lah', 'sistem', 'sinyal', 'nya', 'tolong', 'lah', 'agar', 'player', 'ff', 'senang', 'nyama', 'jadi', 'tolong', 'lah', 'pihak', 'garena', 'perbaiki', 'sinyalnya', 'padahal', 'jaringanya', 'bagus', 'lohh', 'tapi', 'sinyal', 'nya', 'tolong', 'yah', 'pihak', 'garena']","['pihak', 'garena', 'perbaiki', 'lah', 'sistem', 'sinyal', 'nya', 'lah', 'player', 'ff', 'senang', 'nyama', 'jadi', 'lah', 'pihak', 'garena', 'perbaiki', 'sinyalnya', 'padahal', 'jaringanya', 'bagus', 'lohh', 'sinyal', 'nya', 'yah', 'pihak', 'garena']","['pihak', 'garena', 'baik', 'lah', 'sistem', 'sinyal', 'nya', 'lah', 'player', 'ff', 'senang', 'nyama', 'jadi', 'lah', 'pihak', 'garena', 'baik', 'sinyal', 'padahal', 'jaringanya', 'bagus', 'lohh', 'sinyal', 'nya', 'yah', 'pihak', 'garena']",pihak garena baik lah sistem sinyal nya lah player ff senang nyama jadi lah pihak garena baik sinyal padahal jaringanya bagus lohh sinyal nya yah pihak garena
Adittya Barus,5,2025-09-30 07:14:51,mantqp,mantqp,mantqp,['mantqp'],['mantqp'],['mantqp'],mantqp
Kevin raka Kevin,1,2025-09-30 07:13:35,Sya sangat suka dengan geme ini knp saya kasih bintang 1 kerena garena selalu apdet tolong garena jangan apdet lagi ya,sya sangat suka dengan geme ini knp saya kasih bintang 1 kerena garena selalu apdet tolong garena jangan apdet lagi ya,sya sangat suka dengan geme ini knp saya kasih bintang kerena garena selalu apdet tolong garena jangan apdet lagi ya,"['sya', 'sangat', 'suka', 'dengan', 'geme', 'ini', 'knp', 'saya', 'kasih', 'bintang', 'kerena', 'garena', 'selalu', 'apdet', 'tolong', 'garena', 'jangan', 'apdet', 'lagi', 'ya']","['sya', 'sangat', 'suka', 'geme', 'knp', 'kasih', 'bintang', 'kerena', 'garena', 'selalu', 'apdet', 'garena', 'jangan', 'apdet']","['sya', 'sangat', 'suka', 'geme', 'knp', 'kasih', 'bintang', 'rena', 'garena', 'selalu', 'apdet', 'garena', 'jangan', 'apdet']",sya sangat suka geme knp kasih bintang rena garena selalu apdet garena jangan apdet
Ardiansyah Saputra,5,2025-09-30 07:13:27,mantap,mantap,mantap,['mantap'],['mantap'],['mantap'],mantap
Arfan M,4,2025-09-30 06:52:25,kasih pencerahan dan support buat penggemar game free fayer,kasih pencerahan dan support buat penggemar game free fayer,kasih pencerahan dan support buat penggemar game free fayer,"['kasih', 'pencerahan', 'dan', 'support', 'buat', 'penggemar', 'game', 'free', 'fayer']","['kasih', 'pencerahan', 'support', 'buat', 'penggemar', 'game', 'free', 'fayer']","['kasih', 'cerah', 'support', 'buat', 'gemar', 'game', 'free', 'fayer']",kasih cerah support buat gemar game free fayer
Hariyono 04,5,2025-09-30 06:49:25,min sg OPM keluarin,min sg opm keluarin,min sg opm keluarin,"['min', 'sg', 'opm', 'keluarin']","['min', 'sg', 'opm', 'keluarin']","['min', 'sg', 'opm', 'keluarin']",min sg opm keluarin
Hiras Tinambunan,5,2025-09-30 06:48:56,akun sultan DM 20000000000000 esge 50 bandel Leng kap baju celana tas sayap emot banyak,akun sultan dm 20000000000000 esge 50 bandel leng kap baju celana tas sayap emot banyak,akun sultan dm esge bandel leng kap baju celana tas sayap emot banyak,"['akun', 'sultan', 'dm', 'esge', 'bandel', 'leng', 'kap', 'baju', 'celana', 'tas', 'sayap', 'emot', 'banyak']","['akun', 'sultan', 'dm', 'esge', 'bandel', 'leng', 'kap', 'baju', 'celana', 'tas', 'sayap', 'emot', 'banyak']","['akun', 'sultan', 'dm', 'esge', 'bandel', 'leng', 'kap', 'baju', 'celana', 'tas', 'sayap', 'emot', 'banyak']",akun sultan dm esge bandel leng kap baju celana tas sayap emot banyak
Wira Hardiansyah,2,2025-09-30 06:46:47,game burik kaku scope kedut kedut scope PNG perang spam glowal 😹😹,game burik kaku scope kedut kedut scope png perang spam glowal 😹😹,game burik kaku scope kedut kedut scope png perang spam glowal,"['game', 'burik', 'kaku', 'scope', 'kedut', 'kedut', 'scope', 'png', 'perang', 'spam', 'glowal']","['game', 'burik', 'kaku', 'scope', 'kedut', 'kedut', 'scope', 'png', 'perang', 'spam', 'glowal']","['game', 'burik', 'kaku', 'scope', 'kedut', 'kedut', 'scope', 'png', 'perang', 'spam', 'glowal']",game burik kaku scope kedut kedut scope png perang spam glowal
Name_,1,2025-09-30 06:45:42,itu saya sudah dekat wifi semua pakai itu semua semua geme lancar tapi ini beda padalan sinyal bagus tapi kayak ngelag cepetan diperbaiki Garena mau kalau tidak diperbaiki saya pensi loh,itu saya sudah dekat wifi semua pakai itu semua semua geme lancar tapi ini beda padalan sinyal bagus tapi kayak ngelag cepetan diperbaiki garena mau kalau tidak diperbaiki saya pensi loh,itu saya sudah dekat wifi semua pakai itu semua semua geme lancar tapi ini beda padalan sinyal bagus tapi kayak ngelag cepetan diperbaiki garena mau kalau tidak diperbaiki saya pensi loh,"['itu', 'saya', 'sudah', 'dekat', 'wifi', 'semua', 'pakai', 'itu', 'semua', 'semua', 'geme', 'lancar', 'tapi', 'ini', 'beda', 'padalan', 'sinyal', 'bagus', 'tapi', 'kayak', 'ngelag', 'cepetan', 'diperbaiki', 'garena', 'mau', 'kalau', 'tidak', 'diperbaiki', 'saya', 'pensi', 'loh']","['dekat', 'wifi', 'semua', 'pakai', 'semua', 'semua', 'geme', 'lancar', 'beda', 'padalan', 'sinyal', 'bagus', 'kayak', 'ngelag', 'cepetan', 'diperbaiki', 'garena', 'mau', 'kalau', 'diperbaiki', 'pensi', 'loh']","['dekat', 'wifi', 'semua', 'pakai', 'semua', 'semua', 'geme', 'lancar', 'beda', 'padalan', 'sinyal', 'bagus', 'kayak', 'ngelag', 'cepetan', 'baik', 'garena', 'mau', 'kalau', 'baik', 'pensi', 'loh']",dekat wifi semua pakai semua semua geme lancar beda padalan sinyal bagus kayak ngelag cepetan baik garena mau kalau baik pensi loh
Dewi Maemunah,5,2025-09-30 06:43:04,bagus tapi sering ngeleg,bagus tapi sering ngeleg,bagus tapi sering ngeleg,"['bagus', 'tapi', 'sering', 'ngeleg']","['bagus', 'sering', 'ngeleg']","['bagus', 'sering', 'ngeleg']",bagus sering ngeleg
"R, Sianipar",5,2025-09-30 06:34:56,gem yg paling aku suka,gem yg paling aku suka,gem yg paling aku suka,"['gem', 'yg', 'paling', 'aku', 'suka']","['gem', 'yg', 'paling', 'aku', 'suka']","['gem', 'yg', 'paling', 'aku', 'suka']",gem yg paling aku suka
Deni Denisangalolo,5,2025-09-30 06:30:16,game apaan niii!!! kok bagus amattt🧢🧢,game apaan niii!!! kok bagus amattt🧢🧢,game apaan niii kok bagus amattt,"['game', 'apaan', 'niii', 'kok', 'bagus', 'amattt']","['game', 'apaan', 'niii', 'kok', 'bagus', 'amattt']","['game', 'apa', 'niii', 'kok', 'bagus', 'amattt']",game apa niii kok bagus amattt
Rina Nose,1,2025-09-30 06:28:32,Garena as kasi musuh pro pro tapi tim nya gob,garena as kasi musuh pro pro tapi tim nya gob,garena as kasi musuh pro pro tapi tim nya gob,"['garena', 'as', 'kasi', 'musuh', 'pro', 'pro', 'tapi', 'tim', 'nya', 'gob']","['garena', 'as', 'kasi', 'musuh', 'pro', 'pro', 'tim', 'nya', 'gob']","['garena', 'as', 'kasi', 'musuh', 'pro', 'pro', 'tim', 'nya', 'gob']",garena as kasi musuh pro pro tim nya gob
Golinho,5,2025-09-30 06:20:40,terima kasih untuk ff sadah menemaniku dari tahu 2013,terima kasih untuk ff sadah menemaniku dari tahu 2013,terima kasih untuk ff sadah menemaniku dari tahu,"['terima', 'kasih', 'untuk', 'ff', 'sadah', 'menemaniku', 'dari', 'tahu']","['terima', 'kasih', 'ff', 'sadah', 'menemaniku', 'tahu']","['terima', 'kasih', 'ff', 'sadah', 'teman', 'tahu']",terima kasih ff sadah teman tahu
decha,5,2025-09-30 06:13:54,menghibur untuk gakada kerjaan di rumah maupun diluar rumah,menghibur untuk gakada kerjaan di rumah maupun diluar rumah,menghibur untuk gakada kerjaan di rumah maupun diluar rumah,"['menghibur', 'untuk', 'gakada', 'kerjaan', 'di', 'rumah', 'maupun', 'diluar', 'rumah']","['menghibur', 'gakada', 'kerjaan', 'rumah', 'maupun', 'diluar', 'rumah']","['hibur', 'gakada', 'kerja', 'rumah', 'maupun', 'luar', 'rumah']",hibur gakada kerja rumah maupun luar rumah
Sarifah Hasibuan,5,2025-09-30 06:12:28,aku game ini sangat enak dimainkan,aku game ini sangat enak dimainkan,aku game ini sangat enak dimainkan,"['aku', 'game', 'ini', 'sangat', 'enak', 'dimainkan']","['aku', 'game', 'sangat', 'enak', 'dimainkan']","['aku', 'game', 'sangat', 'enak', 'main']",aku game sangat enak main
Riki Danil,5,2025-09-30 06:07:44,mantap,mantap,mantap,['mantap'],['mantap'],['mantap'],mantap
Nabil Zulhakim,5,2025-09-30 05:58:00,"game seru, hoki","game seru, hoki",game seru hoki,"['game', 'seru', 'hoki']","['game', 'seru', 'hoki']","['game', 'seru', 'hoki']",game seru hoki
botkilff,2,2025-09-30 05:54:40,seru sih tapi ada kaga ngotak jd aku hapus lagi nanti puasa aku download lagi,seru sih tapi ada kaga ngotak jd aku hapus lagi nanti puasa aku download lagi,seru sih tapi ada kaga ngotak jd aku hapus lagi nanti puasa aku download lagi,"['seru', 'sih', 'tapi', 'ada', 'kaga', 'ngotak', 'jd', 'aku', 'hapus', 'lagi', 'nanti', 'puasa', 'aku', 'download', 'lagi']","['seru', 'sih', 'kaga', 'ngotak', 'jd', 'aku', 'hapus', 'puasa', 'aku', 'download']","['seru', 'sih', 'kaga', 'ngotak', 'jd', 'aku', 'hapus', 'puasa', 'aku', 'download']",seru sih kaga ngotak jd aku hapus puasa aku download
Akmal Lathif,5,2025-09-30 05:54:06,gem nya keren banget 😁😁😁😁😁,gem nya keren banget 😁😁😁😁😁,gem nya keren banget,"['gem', 'nya', 'keren', 'banget']","['gem', 'nya', 'keren', 'banget']","['gem', 'nya', 'keren', 'banget']",gem nya keren banget
Kiki Najah saputra,5,2025-09-30 05:53:42,gg mang,gg mang,gg mang,"['gg', 'mang']","['gg', 'mang']","['gg', 'mang']",gg mang
irval roge,5,2025-09-30 05:50:50,aku mu esge riper,aku mu esge riper,aku mu esge riper,"['aku', 'mu', 'esge', 'riper']","['aku', 'mu', 'esge', 'riper']","['aku', 'mu', 'esge', 'riper']",aku mu esge riper
Naura Lestari,5,2025-09-30 05:47:19,aneh banget sih padahal sinyal bagus tapi eror terus 😭,aneh banget sih padahal sinyal bagus tapi eror terus 😭,aneh banget sih padahal sinyal bagus tapi eror terus,"['aneh', 'banget', 'sih', 'padahal', 'sinyal', 'bagus', 'tapi', 'eror', 'terus']","['aneh', 'banget', 'sih', 'padahal', 'sinyal', 'bagus', 'eror', 'terus']","['aneh', 'banget', 'sih', 'padahal', 'sinyal', 'bagus', 'eror', 'terus']",aneh banget sih padahal sinyal bagus eror terus
Suriani Ani,5,2025-09-30 05:47:00,gamenya bagus lumayan,gamenya bagus lumayan,gamenya bagus lumayan,"['gamenya', 'bagus', 'lumayan']","['gamenya', 'bagus', 'lumayan']","['gamenya', 'bagus', 'lumayan']",gamenya bagus lumayan
Xioami Ponsel,5,2025-09-30 05:46:55,ff memang terbaik,ff memang terbaik,ff memang terbaik,"['ff', 'memang', 'terbaik']","['ff', 'memang', 'terbaik']","['ff', 'memang', 'baik']",ff memang baik
Alfin febri,5,2025-09-30 05:46:02,bagus banget gem nya,bagus banget gem nya,bagus banget gem nya,"['bagus', 'banget', 'gem', 'nya']","['bagus', 'banget', 'gem', 'nya']","['bagus', 'banget', 'gem', 'nya']",bagus banget gem nya
putra,5,2025-09-30 05:45:21,menyenangkan,menyenangkan,menyenangkan,['menyenangkan'],['menyenangkan'],['senang'],senang
Anca Susilo,4,2025-09-30 05:43:27,sangat memuaskan,sangat memuaskan,sangat memuaskan,"['sangat', 'memuaskan']","['sangat', 'memuaskan']","['sangat', 'muas']",sangat muas
Uut,1,2025-09-30 05:42:51,karena banyak orang Eropa pada bulan 🌒🌙 aku tidak bisa berangkat sekolah dikarnakan bepergian ke luar negeri yang bisa di kembangkan oleh bangsa lain di luar ruangan orang yang bisa di kembangkan,karena banyak orang eropa pada bulan 🌒🌙 aku tidak bisa berangkat sekolah dikarnakan bepergian ke luar negeri yang bisa di kembangkan oleh bangsa lain di luar ruangan orang yang bisa di kembangkan,karena banyak orang eropa pada bulan aku tidak bisa berangkat sekolah dikarnakan bepergian ke luar negeri yang bisa di kembangkan oleh bangsa lain di luar ruangan orang yang bisa di kembangkan,"['karena', 'banyak', 'orang', 'eropa', 'pada', 'bulan', 'aku', 'tidak', 'bisa', 'berangkat', 'sekolah', 'dikarnakan', 'bepergian', 'ke', 'luar', 'negeri', 'yang', 'bisa', 'di', 'kembangkan', 'oleh', 'bangsa', 'lain', 'di', 'luar', 'ruangan', 'orang', 'yang', 'bisa', 'di', 'kembangkan']","['banyak', 'orang', 'eropa', 'bulan', 'aku', 'berangkat', 'sekolah', 'dikarnakan', 'bepergian', 'luar', 'negeri', 'kembangkan', 'bangsa', 'luar', 'ruangan', 'orang', 'kembangkan']","['banyak', 'orang', 'eropa', 'bulan', 'aku', 'berangkat', 'sekolah', 'dikarnakan', 'pergi', 'luar', 'negeri', 'kembang', 'bangsa', 'luar', 'ruang', 'orang', 'kembang']",banyak orang eropa bulan aku berangkat sekolah dikarnakan pergi luar negeri kembang bangsa luar ruang orang kembang
Firman Lele,5,2025-09-30 05:39:16,ff sangat seru,ff sangat seru,ff sangat seru,"['ff', 'sangat', 'seru']","['ff', 'sangat', 'seru']","['ff', 'sangat', 'seru']",ff sangat seru
FF Natara,3,2025-09-30 05:36:28,tingkatkan grafik dan perhalus gerakan agar realistis,tingkatkan grafik dan perhalus gerakan agar realistis,tingkatkan grafik dan perhalus gerakan agar realistis,"['tingkatkan', 'grafik', 'dan', 'perhalus', 'gerakan', 'agar', 'realistis']","['tingkatkan', 'grafik', 'perhalus', 'gerakan', 'realistis']","['tingkat', 'grafik', 'halus', 'gera', 'realistis']",tingkat grafik halus gera realistis
su Marisy,5,2025-09-30 05:31:22,sangat seru tolong kirimin dm dong,sangat seru tolong kirimin dm dong,sangat seru tolong kirimin dm dong,"['sangat', 'seru', 'tolong', 'kirimin', 'dm', 'dong']","['sangat', 'seru', 'kirimin', 'dm', 'dong']","['sangat', 'seru', 'kirimin', 'dm', 'dong']",sangat seru kirimin dm dong
Aku Ganteng,5,2025-09-30 05:29:44,aku mau DM 253.0000000,aku mau dm 253.0000000,aku mau dm,"['aku', 'mau', 'dm']","['aku', 'mau', 'dm']","['aku', 'mau', 'dm']",aku mau dm
Nadia1234,5,2025-09-30 05:29:38,bahagia,bahagia,bahagia,['bahagia'],['bahagia'],['bahagia'],bahagia
Ujang abdul,5,2025-09-30 05:26:08,sangat Seru👍👍👍👍,sangat seru👍👍👍👍,sangat seru,"['sangat', 'seru']","['sangat', 'seru']","['sangat', 'seru']",sangat seru
૨u,4,2025-09-30 05:20:53,Efek lari fist evo hilang,efek lari fist evo hilang,efek lari fist evo hilang,"['efek', 'lari', 'fist', 'evo', 'hilang']","['efek', 'lari', 'fist', 'evo', 'hilang']","['efek', 'lari', 'fist', 'evo', 'hilang']",efek lari fist evo hilang
Jar Jar,5,2025-09-30 05:19:40,"aplikas ini keren, bisa main epep dan nonton bok ep secara bersamaan.","aplikas ini keren, bisa main epep dan nonton bok ep secara bersamaan.",aplikas ini keren bisa main epep dan nonton bok ep secara bersamaan,"['aplikas', 'ini', 'keren', 'bisa', 'main', 'epep', 'dan', 'nonton', 'bok', 'ep', 'secara', 'bersamaan']","['aplikas', 'keren', 'main', 'epep', 'nonton', 'bok', 'ep', 'bersamaan']","['aplikas', 'keren', 'main', 'epep', 'nonton', 'bok', 'ep', 'sama']",aplikas keren main epep nonton bok ep sama
Putra Wijaya,5,2025-09-30 05:11:18,ff ini sangt bagus jadi kan lah saya anak garena,ff ini sangt bagus jadi kan lah saya anak garena,ff ini sangt bagus jadi kan lah saya anak garena,"['ff', 'ini', 'sangt', 'bagus', 'jadi', 'kan', 'lah', 'saya', 'anak', 'garena']","['ff', 'sangt', 'bagus', 'jadi', 'kan', 'lah', 'anak', 'garena']","['ff', 'sangt', 'bagus', 'jadi', 'kan', 'lah', 'anak', 'garena']",ff sangt bagus jadi kan lah anak garena
Fft Gghu,5,2025-09-30 05:10:11,game ini sangat seru,game ini sangat seru,game ini sangat seru,"['game', 'ini', 'sangat', 'seru']","['game', 'sangat', 'seru']","['game', 'sangat', 'seru']",game sangat seru
Julio Tamalowor,5,2025-09-30 05:06:36,saya mau diamon 10000,saya mau diamon 10000,saya mau diamon,"['saya', 'mau', 'diamon']","['mau', 'diamon']","['mau', 'diamon']",mau diamon
Lord Ucup,1,2025-09-30 05:05:10,sekarang free fire ga bisa onmik tolong perbaiki,sekarang free fire ga bisa onmik tolong perbaiki,sekarang free fire ga bisa onmik tolong perbaiki,"['sekarang', 'free', 'fire', 'ga', 'bisa', 'onmik', 'tolong', 'perbaiki']","['sekarang', 'free', 'fire', 'ga', 'onmik', 'perbaiki']","['sekarang', 'free', 'fire', 'ga', 'onmik', 'baik']",sekarang free fire ga onmik baik
Tr Tqra,1,2025-09-30 05:02:26,pas main ff nya tiba2 keluar2 sendiri padahal jaringan bagus penyimpanan masih banyak emang game rusak bagusan yg dulu,pas main ff nya tiba2 keluar2 sendiri padahal jaringan bagus penyimpanan masih banyak emang game rusak bagusan yg dulu,pas main ff nya tiba keluar sendiri padahal jaringan bagus penyimpanan masih banyak emang game rusak bagusan yg dulu,"['pas', 'main', 'ff', 'nya', 'tiba', 'keluar', 'sendiri', 'padahal', 'jaringan', 'bagus', 'penyimpanan', 'masih', 'banyak', 'emang', 'game', 'rusak', 'bagusan', 'yg', 'dulu']","['pas', 'main', 'ff', 'nya', 'tiba', 'keluar', 'sendiri', 'padahal', 'jaringan', 'bagus', 'penyimpanan', 'banyak', 'emang', 'game', 'rusak', 'bagusan', 'yg', 'dulu']","['pas', 'main', 'ff', 'nya', 'tiba', 'keluar', 'sendiri', 'padahal', 'jaring', 'bagus', 'simpan', 'banyak', 'emang', 'game', 'rusak', 'bagus', 'yg', 'dulu']",pas main ff nya tiba keluar sendiri padahal jaring bagus simpan banyak emang game rusak bagus yg dulu
Yy Uu,3,2025-09-30 05:01:40,download nya lama ayo senggel Garena,download nya lama ayo senggel garena,download nya lama ayo senggel garena,"['download', 'nya', 'lama', 'ayo', 'senggel', 'garena']","['download', 'nya', 'lama', 'ayo', 'senggel', 'garena']","['download', 'nya', 'lama', 'ayo', 'senggel', 'garena']",download nya lama ayo senggel garena
Lena Len,5,2025-09-30 04:56:56,keren,keren,keren,['keren'],['keren'],['keren'],keren
Adam Saputra Ad,5,2025-09-30 04:55:30,game ini sangat bagus karena aku main dari kecil,game ini sangat bagus karena aku main dari kecil,game ini sangat bagus karena aku main dari kecil,"['game', 'ini', 'sangat', 'bagus', 'karena', 'aku', 'main', 'dari', 'kecil']","['game', 'sangat', 'bagus', 'aku', 'main', 'kecil']","['game', 'sangat', 'bagus', 'aku', 'main', 'kecil']",game sangat bagus aku main kecil
Ahmad Rafi,5,2025-09-30 04:53:51,thank,thank,thank,['thank'],['thank'],['thank'],thank
Maat Samsudin,4,2025-09-30 04:48:54,GAME NYA SERU BANGET DAN GRAPIKNYA LUMAYAN TAPI TOLONG PERBAIKIK SEDIKIT YA MIMIN KARENA WAKTU AKU MAIN SOSIAL GA BISA ON MIC JADI PERBAIKI LAGI YA MIN,game nya seru banget dan grapiknya lumayan tapi tolong perbaikik sedikit ya mimin karena waktu aku main sosial ga bisa on mic jadi perbaiki lagi ya min,game nya seru banget dan grapiknya lumayan tapi tolong perbaikik sedikit ya mimin karena waktu aku main sosial ga bisa on mic jadi perbaiki lagi ya min,"['game', 'nya', 'seru', 'banget', 'dan', 'grapiknya', 'lumayan', 'tapi', 'tolong', 'perbaikik', 'sedikit', 'ya', 'mimin', 'karena', 'waktu', 'aku', 'main', 'sosial', 'ga', 'bisa', 'on', 'mic', 'jadi', 'perbaiki', 'lagi', 'ya', 'min']","['game', 'nya', 'seru', 'banget', 'grapiknya', 'lumayan', 'perbaikik', 'sedikit', 'mimin', 'waktu', 'aku', 'main', 'sosial', 'ga', 'on', 'mic', 'jadi', 'perbaiki', 'min']","['game', 'nya', 'seru', 'banget', 'grapiknya', 'lumayan', 'perbaikik', 'sedikit', 'mimin', 'waktu', 'aku', 'main', 'sosial', 'ga', 'on', 'mic', 'jadi', 'baik', 'min']",game nya seru banget grapiknya lumayan perbaikik sedikit mimin waktu aku main sosial ga on mic jadi baik min
Rosyita Rosyita,5,2025-09-30 04:43:38,mainan ff emang seru,mainan ff emang seru,mainan ff emang seru,"['mainan', 'ff', 'emang', 'seru']","['mainan', 'ff', 'emang', 'seru']","['main', 'ff', 'emang', 'seru']",main ff emang seru
RIDZZ Modesad,5,2025-09-30 04:42:15,mantap,mantap,mantap,['mantap'],['mantap'],['mantap'],mantap
Akbar Abdullah,5,2025-09-30 04:39:38,p maksud,p maksud,p maksud,"['p', 'maksud']","['p', 'maksud']","['p', 'maksud']",p maksud
Muhammad Afgan,3,2025-09-30 04:38:47,gacor,gacor,gacor,['gacor'],['gacor'],['gacor'],gacor
Peristiwa Mahyuni,5,2025-09-30 04:34:47,"Semangat ya bikin game nya, oh iya Collab selanjutnya one piece boleh gak😁?","semangat ya bikin game nya, oh iya collab selanjutnya one piece boleh gak😁?",semangat ya bikin game nya oh iya collab selanjutnya one piece boleh gak,"['semangat', 'ya', 'bikin', 'game', 'nya', 'oh', 'iya', 'collab', 'selanjutnya', 'one', 'piece', 'boleh', 'gak']","['semangat', 'bikin', 'game', 'nya', 'iya', 'collab', 'selanjutnya', 'one', 'piece', 'gak']","['semangat', 'bikin', 'game', 'nya', 'iya', 'collab', 'lanjut', 'one', 'piece', 'gak']",semangat bikin game nya iya collab lanjut one piece gak
Saipul Ipul,5,2025-09-30 04:34:19,we need old peak,we need old peak,we need old peak,"['we', 'need', 'old', 'peak']","['we', 'need', 'old', 'peak']","['we', 'need', 'old', 'peak']",we need old peak
Sen Chia,5,2025-09-30 04:27:22,Saya dari player mlbb ingin menyampaikan bahwa player ff banyak yg pindah ke ml truss menjelmah menjadi drak sistem main pou aj sna,saya dari player mlbb ingin menyampaikan bahwa player ff banyak yg pindah ke ml truss menjelmah menjadi drak sistem main pou aj sna,saya dari player mlbb ingin menyampaikan bahwa player ff banyak yg pindah ke ml truss menjelmah menjadi drak sistem main pou aj sna,"['saya', 'dari', 'player', 'mlbb', 'ingin', 'menyampaikan', 'bahwa', 'player', 'ff', 'banyak', 'yg', 'pindah', 'ke', 'ml', 'truss', 'menjelmah', 'menjadi', 'drak', 'sistem', 'main', 'pou', 'aj', 'sna']","['player', 'mlbb', 'menyampaikan', 'player', 'ff', 'banyak', 'yg', 'pindah', 'ml', 'truss', 'menjelmah', 'menjadi', 'drak', 'sistem', 'main', 'pou', 'aj', 'sna']","['player', 'mlbb', 'sampai', 'player', 'ff', 'banyak', 'yg', 'pindah', 'ml', 'truss', 'menjelmah', 'jadi', 'drak', 'sistem', 'main', 'pou', 'aj', 'sna']",player mlbb sampai player ff banyak yg pindah ml truss menjelmah jadi drak sistem main pou aj sna
Rudi atna,1,2025-09-30 04:21:29,"tolong perbaiki lagi sistem jaringan nya,jaringan bagus kok di ff nya mlh sinyal merah,trs pas udah kalah,sengaja kalah udah jls jls sinyal nya di jelekin,fd kok makin burik,kecewa Bert,tolong lah perbaiki lagi sistem jaringan nya","tolong perbaiki lagi sistem jaringan nya,jaringan bagus kok di ff nya mlh sinyal merah,trs pas udah kalah,sengaja kalah udah jls jls sinyal nya di jelekin,fd kok makin burik,kecewa bert,tolong lah perbaiki lagi sistem jaringan nya",tolong perbaiki lagi sistem jaringan nyajaringan bagus kok di ff nya mlh sinyal merahtrs pas udah kalahsengaja kalah udah jls jls sinyal nya di jelekinfd kok makin burikkecewa berttolong lah perbaiki lagi sistem jaringan nya,"['tolong', 'perbaiki', 'lagi', 'sistem', 'jaringan', 'nyajaringan', 'bagus', 'kok', 'di', 'ff', 'nya', 'mlh', 'sinyal', 'merahtrs', 'pas', 'udah', 'kalahsengaja', 'kalah', 'udah', 'jls', 'jls', 'sinyal', 'nya', 'di', 'jelekinfd', 'kok', 'makin', 'burikkecewa', 'berttolong', 'lah', 'perbaiki', 'lagi', 'sistem', 'jaringan', 'nya']","['perbaiki', 'sistem', 'jaringan', 'nyajaringan', 'bagus', 'kok', 'ff', 'nya', 'mlh', 'sinyal', 'merahtrs', 'pas', 'udah', 'kalahsengaja', 'kalah', 'udah', 'jls', 'jls', 'sinyal', 'nya', 'jelekinfd', 'kok', 'makin', 'burikkecewa', 'berttolong', 'lah', 'perbaiki', 'sistem', 'jaringan', 'nya']","['baik', 'sistem', 'jaring', 'nyajaringan', 'bagus', 'kok', 'ff', 'nya', 'mlh', 'sinyal', 'merahtrs', 'pas', 'udah', 'kalahsengaja', 'kalah', 'udah', 'jls', 'jls', 'sinyal', 'nya', 'jelekinfd', 'kok', 'makin', 'burikkecewa', 'berttolong', 'lah', 'baik', 'sistem', 'jaring', 'nya']",baik sistem jaring nyajaringan bagus kok ff nya mlh sinyal merahtrs pas udah kalahsengaja kalah udah jls jls sinyal nya jelekinfd kok makin burikkecewa berttolong lah baik sistem jaring nya
Nur Fadilah,5,2025-09-30 04:20:56,game ini seru tapi gue perna pata hati gara gara akun gue ke ban permanen padahal aku tidak pernah pake app terlarang,game ini seru tapi gue perna pata hati gara gara akun gue ke ban permanen padahal aku tidak pernah pake app terlarang,game ini seru tapi gue perna pata hati gara gara akun gue ke ban permanen padahal aku tidak pernah pake app terlarang,"['game', 'ini', 'seru', 'tapi', 'gue', 'perna', 'pata', 'hati', 'gara', 'gara', 'akun', 'gue', 'ke', 'ban', 'permanen', 'padahal', 'aku', 'tidak', 'pernah', 'pake', 'app', 'terlarang']","['game', 'seru', 'gue', 'perna', 'pata', 'hati', 'gara', 'gara', 'akun', 'gue', 'ban', 'permanen', 'padahal', 'aku', 'pernah', 'pake', 'app', 'terlarang']","['game', 'seru', 'gue', 'perna', 'pata', 'hati', 'gara', 'gara', 'akun', 'gue', 'ban', 'permanen', 'padahal', 'aku', 'pernah', 'pake', 'app', 'larang']",game seru gue perna pata hati gara gara akun gue ban permanen padahal aku pernah pake app larang
Gilbert Tamalonggehe,5,2025-09-30 04:20:46,moga-moga ff makin maju,moga-moga ff makin maju,mogamoga ff makin maju,"['mogamoga', 'ff', 'makin', 'maju']","['mogamoga', 'ff', 'makin', 'maju']","['mogamoga', 'ff', 'makin', 'maju']",mogamoga ff makin maju
isma gsky,5,2025-09-30 04:17:20,seru banget🥰🥰🥰😘😘,seru banget🥰🥰🥰😘😘,seru banget,"['seru', 'banget']","['seru', 'banget']","['seru', 'banget']",seru banget
Ani Afni,5,2025-09-30 04:16:57,seru,seru,seru,['seru'],['seru'],['seru'],seru
Faojan Faojan,5,2025-09-30 04:02:51,malas ngetik,malas ngetik,malas ngetik,"['malas', 'ngetik']","['malas', 'ngetik']","['malas', 'ngetik']",malas ngetik
Aminudin,5,2025-09-30 03:56:57,enak main game ini,enak main game ini,enak main game ini,"['enak', 'main', 'game', 'ini']","['enak', 'main', 'game']","['enak', 'main', 'game']",enak main game
Steven Riski,5,2025-09-30 03:52:09,bagus hd dan mendunia,bagus hd dan mendunia,bagus hd dan mendunia,"['bagus', 'hd', 'dan', 'mendunia']","['bagus', 'hd', 'mendunia']","['bagus', 'hd', 'dunia']",bagus hd dunia
Azkia Maharani,5,2025-09-30 03:39:45,seruuu bgt,seruuu bgt,seruuu bgt,"['seruuu', 'bgt']","['seruuu', 'bgt']","['seruuu', 'bgt']",seruuu bgt
Cahaya Sinaga,5,2025-09-30 03:34:06,aku suka permainan ini,aku suka permainan ini,aku suka permainan ini,"['aku', 'suka', 'permainan', 'ini']","['aku', 'suka', 'permainan']","['aku', 'suka', 'main']",aku suka main
Ahmad Fais,5,2025-09-30 03:25:06,Ahmad faez,ahmad faez,ahmad faez,"['ahmad', 'faez']","['ahmad', 'faez']","['ahmad', 'faez']",ahmad faez
Stengah Satu,1,2025-09-30 03:20:11,"game buriq, Maen CS dapet temen AFK Nilai tetap kurang tolol","game buriq, maen cs dapet temen afk nilai tetap kurang tolol",game buriq maen cs dapet temen afk nilai tetap kurang tolol,"['game', 'buriq', 'maen', 'cs', 'dapet', 'temen', 'afk', 'nilai', 'tetap', 'kurang', 'tolol']","['game', 'buriq', 'maen', 'cs', 'dapet', 'temen', 'afk', 'nilai', 'tetap', 'kurang', 'tolol']","['game', 'buriq', 'maen', 'cs', 'dapet', 'temen', 'afk', 'nilai', 'tetap', 'kurang', 'tolol']",game buriq maen cs dapet temen afk nilai tetap kurang tolol
Ust Tohir,1,2025-09-30 03:17:30,"selalu dapat tim yang sangat lemah dan rentan afk, sangat merugikan pemain. matchmaking yang tidak login dan tidak seimbang. tolong Garena di perbaiki","selalu dapat tim yang sangat lemah dan rentan afk, sangat merugikan pemain. matchmaking yang tidak login dan tidak seimbang. tolong garena di perbaiki",selalu dapat tim yang sangat lemah dan rentan afk sangat merugikan pemain matchmaking yang tidak login dan tidak seimbang tolong garena di perbaiki,"['selalu', 'dapat', 'tim', 'yang', 'sangat', 'lemah', 'dan', 'rentan', 'afk', 'sangat', 'merugikan', 'pemain', 'matchmaking', 'yang', 'tidak', 'login', 'dan', 'tidak', 'seimbang', 'tolong', 'garena', 'di', 'perbaiki']","['selalu', 'tim', 'sangat', 'lemah', 'rentan', 'afk', 'sangat', 'merugikan', 'pemain', 'matchmaking', 'login', 'seimbang', 'garena', 'perbaiki']","['selalu', 'tim', 'sangat', 'lemah', 'rentan', 'afk', 'sangat', 'rugi', 'main', 'matchmaking', 'login', 'imbang', 'garena', 'baik']",selalu tim sangat lemah rentan afk sangat rugi main matchmaking login imbang garena baik
rahmat rahmat,5,2025-09-30 03:16:56,saya sangat senang bermain epep walaupun nga ad temen hehe,saya sangat senang bermain epep walaupun nga ad temen hehe,saya sangat senang bermain epep walaupun nga ad temen hehe,"['saya', 'sangat', 'senang', 'bermain', 'epep', 'walaupun', 'nga', 'ad', 'temen', 'hehe']","['sangat', 'senang', 'bermain', 'epep', 'walaupun', 'nga', 'ad', 'temen', 'hehe']","['sangat', 'senang', 'main', 'epep', 'walaupun', 'nga', 'ad', 'temen', 'hehe']",sangat senang main epep walaupun nga ad temen hehe
Azam Bazil,5,2025-09-30 03:04:13,aku pen di pop up.pinama Mimi. garena,aku pen di pop up.pinama mimi. garena,aku pen di pop uppinama mimi garena,"['aku', 'pen', 'di', 'pop', 'uppinama', 'mimi', 'garena']","['aku', 'pen', 'pop', 'uppinama', 'mimi', 'garena']","['aku', 'pen', 'pop', 'uppinama', 'mimi', 'garena']",aku pen pop uppinama mimi garena
Firaz Walahi,2,2025-09-30 03:04:06,game butut masa 4G aja nge lag pasti kebnyakan update nih makanya jadi begini malas banget deh 4G aja nge lag pdahal aku make wifi kok ngelag banget sih?,game butut masa 4g aja nge lag pasti kebnyakan update nih makanya jadi begini malas banget deh 4g aja nge lag pdahal aku make wifi kok ngelag banget sih?,game butut masa g aja nge lag pasti kebnyakan update nih makanya jadi begini malas banget deh g aja nge lag pdahal aku make wifi kok ngelag banget sih,"['game', 'butut', 'masa', 'g', 'aja', 'nge', 'lag', 'pasti', 'kebnyakan', 'update', 'nih', 'makanya', 'jadi', 'begini', 'malas', 'banget', 'deh', 'g', 'aja', 'nge', 'lag', 'pdahal', 'aku', 'make', 'wifi', 'kok', 'ngelag', 'banget', 'sih']","['game', 'butut', 'masa', 'g', 'aja', 'nge', 'lag', 'kebnyakan', 'update', 'nih', 'makanya', 'jadi', 'begini', 'malas', 'banget', 'deh', 'g', 'aja', 'nge', 'lag', 'pdahal', 'aku', 'make', 'wifi', 'kok', 'ngelag', 'banget', 'sih']","['game', 'butut', 'masa', 'g', 'aja', 'nge', 'lag', 'kebnyakan', 'update', 'nih', 'makanya', 'jadi', 'begini', 'malas', 'banget', 'deh', 'g', 'aja', 'nge', 'lag', 'pdahal', 'aku', 'make', 'wifi', 'kok', 'ngelag', 'banget', 'sih']",game butut masa g aja nge lag kebnyakan update nih makanya jadi begini malas banget deh g aja nge lag pdahal aku make wifi kok ngelag banget sih
Abdul Rojak,5,2025-09-30 02:52:48,syu ges gw bakal kembali ke game ini tapi ga sekarang,syu ges gw bakal kembali ke game ini tapi ga sekarang,syu ges gw bakal kembali ke game ini tapi ga sekarang,"['syu', 'ges', 'gw', 'bakal', 'kembali', 'ke', 'game', 'ini', 'tapi', 'ga', 'sekarang']","['syu', 'ges', 'gw', 'bakal', 'game', 'ga', 'sekarang']","['syu', 'ges', 'gw', 'bakal', 'game', 'ga', 'sekarang']",syu ges gw bakal game ga sekarang
Yellikusrifayanti,5,2025-09-30 02:50:17,ini adalah game yang disukai para manusia semuanya nggak mungkin ada yang nggak suka free fire karena free fire ini sangatlah Bagus coy ketika FF ini dihapus pasti kita akan banyak yang berhenti memegang HP karena nggak ada lagi game kesukaan kita coy,ini adalah game yang disukai para manusia semuanya nggak mungkin ada yang nggak suka free fire karena free fire ini sangatlah bagus coy ketika ff ini dihapus pasti kita akan banyak yang berhenti memegang hp karena nggak ada lagi game kesukaan kita coy,ini adalah game yang disukai para manusia semuanya nggak mungkin ada yang nggak suka free fire karena free fire ini sangatlah bagus coy ketika ff ini dihapus pasti kita akan banyak yang berhenti memegang hp karena nggak ada lagi game kesukaan kita coy,"['ini', 'adalah', 'game', 'yang', 'disukai', 'para', 'manusia', 'semuanya', 'nggak', 'mungkin', 'ada', 'yang', 'nggak', 'suka', 'free', 'fire', 'karena', 'free', 'fire', 'ini', 'sangatlah', 'bagus', 'coy', 'ketika', 'ff', 'ini', 'dihapus', 'pasti', 'kita', 'akan', 'banyak', 'yang', 'berhenti', 'memegang', 'hp', 'karena', 'nggak', 'ada', 'lagi', 'game', 'kesukaan', 'kita', 'coy']","['game', 'disukai', 'manusia', 'semuanya', 'mungkin', 'suka', 'free', 'fire', 'free', 'fire', 'sangatlah', 'bagus', 'coy', 'ff', 'dihapus', 'banyak', 'berhenti', 'memegang', 'hp', 'game', 'kesukaan', 'coy']","['game', 'suka', 'manusia', 'semua', 'mungkin', 'suka', 'free', 'fire', 'free', 'fire', 'sangat', 'bagus', 'coy', 'ff', 'hapus', 'banyak', 'henti', 'pegang', 'hp', 'game', 'suka', 'coy']",game suka manusia semua mungkin suka free fire free fire sangat bagus coy ff hapus banyak henti pegang hp game suka coy
ika Ik,4,2025-09-30 02:39:04,faisal,faisal,faisal,['faisal'],['faisal'],['faisal'],faisal
Tegar Apri,3,2025-09-30 02:38:18,sulit di mengerti,sulit di mengerti,sulit di mengerti,"['sulit', 'di', 'mengerti']","['sulit', 'mengerti']","['sulit', 'erti']",sulit erti
Dian Restu,5,2025-09-30 02:35:17,gua pengen,gua pengen,gua pengen,"['gua', 'pengen']","['gua', 'pengen']","['gua', 'ken']",gua ken
Parta,5,2025-09-30 02:22:46,baguuss seruu bngt,baguuss seruu bngt,baguuss seruu bngt,"['baguuss', 'seruu', 'bngt']","['baguuss', 'seruu', 'bngt']","['baguuss', 'seruu', 'bngt']",baguuss seruu bngt
NugrahaSF,5,2025-09-30 02:18:59,well lah pokok na mah,well lah pokok na mah,well lah pokok na mah,"['well', 'lah', 'pokok', 'na', 'mah']","['well', 'lah', 'pokok', 'na', 'mah']","['well', 'lah', 'pokok', 'na', 'mah']",well lah pokok na mah
Rohim abdul,5,2025-09-30 02:15:03,mantap,mantap,mantap,['mantap'],['mantap'],['mantap'],mantap
Agiee Xenzff,5,2025-09-30 02:08:07,sangat sangat mantap,sangat sangat mantap,sangat sangat mantap,"['sangat', 'sangat', 'mantap']","['sangat', 'sangat', 'mantap']","['sangat', 'sangat', 'mantap']",sangat sangat mantap
Asmiaty Halim,5,2025-09-30 02:05:35,gamenya seruuu bagett,gamenya seruuu bagett,gamenya seruuu bagett,"['gamenya', 'seruuu', 'bagett']","['gamenya', 'seruuu', 'bagett']","['gamenya', 'seruuu', 'bagett']",gamenya seruuu bagett
Nor diana syakila,5,2025-09-30 02:03:45,aplikasinya sngat menghibur,aplikasinya sngat menghibur,aplikasinya sngat menghibur,"['aplikasinya', 'sngat', 'menghibur']","['aplikasinya', 'sngat', 'menghibur']","['aplikasi', 'sngat', 'hibur']",aplikasi sngat hibur
Midi,5,2025-09-30 02:01:28,ok,ok,ok,['ok'],[],[],
Sartini Tini,5,2025-09-30 01:59:13,lucu,lucu,lucu,['lucu'],['lucu'],['lucu'],lucu
Khairul Aceh,1,2025-09-30 01:36:59,tiba tiba ketendang sendiri pas lgi di game,tiba tiba ketendang sendiri pas lgi di game,tiba tiba ketendang sendiri pas lgi di game,"['tiba', 'tiba', 'ketendang', 'sendiri', 'pas', 'lgi', 'di', 'game']","['tiba', 'tiba', 'ketendang', 'sendiri', 'pas', 'lgi', 'game']","['tiba', 'tiba', 'tendang', 'sendiri', 'pas', 'lgi', 'game']",tiba tiba tendang sendiri pas lgi game
Raja rimba gumpang,5,2025-09-30 01:33:10,keren,keren,keren,['keren'],['keren'],['keren'],keren
gengan labu nyaman gengan labu nyaman,5,2025-09-30 01:32:48,mantap,mantap,mantap,['mantap'],['mantap'],['mantap'],mantap
Surip Zidan,1,2025-09-30 01:23:28,"gamenya rusak banget tiba tiba gue teleport sendiri padahal sinyal gue baik baik aja lo,ini game rusak hp bamget hape temen gue sama gue retk semua gara gara game ini jadi minta dukunganya jangan main game ini hame ini game haram lebih baik main bs gamenya realistis ngak kaya ff hu game haram jadi saya kasih bintang 1 hi gue punya kata kata buat game ini. lebih baik nyawa 1 daripada sudah mati masih bisa hidup mana pake toko hu game rusak game jelek jaram🤢🤮🤧","gamenya rusak banget tiba tiba gue teleport sendiri padahal sinyal gue baik baik aja lo,ini game rusak hp bamget hape temen gue sama gue retk semua gara gara game ini jadi minta dukunganya jangan main game ini hame ini game haram lebih baik main bs gamenya realistis ngak kaya ff hu game haram jadi saya kasih bintang 1 hi gue punya kata kata buat game ini. lebih baik nyawa 1 daripada sudah mati masih bisa hidup mana pake toko hu game rusak game jelek jaram🤢🤮🤧",gamenya rusak banget tiba tiba gue teleport sendiri padahal sinyal gue baik baik aja loini game rusak hp bamget hape temen gue sama gue retk semua gara gara game ini jadi minta dukunganya jangan main game ini hame ini game haram lebih baik main bs gamenya realistis ngak kaya ff hu game haram jadi saya kasih bintang hi gue punya kata kata buat game ini lebih baik nyawa daripada sudah mati masih bisa hidup mana pake toko hu game rusak game jelek jaram,"['gamenya', 'rusak', 'banget', 'tiba', 'tiba', 'gue', 'teleport', 'sendiri', 'padahal', 'sinyal', 'gue', 'baik', 'baik', 'aja', 'loini', 'game', 'rusak', 'hp', 'bamget', 'hape', 'temen', 'gue', 'sama', 'gue', 'retk', 'semua', 'gara', 'gara', 'game', 'ini', 'jadi', 'minta', 'dukunganya', 'jangan', 'main', 'game', 'ini', 'hame', 'ini', 'game', 'haram', 'lebih', 'baik', 'main', 'bs', 'gamenya', 'realistis', 'ngak', 'kaya', 'ff', 'hu', 'game', 'haram', 'jadi', 'saya', 'kasih', 'bintang', 'hi', 'gue', 'punya', 'kata', 'kata', 'buat', 'game', 'ini', 'lebih', 'baik', 'nyawa', 'daripada', 'sudah', 'mati', 'masih', 'bisa', 'hidup', 'mana', 'pake', 'toko', 'hu', 'game', 'rusak', 'game', 'jelek', 'jaram']","['gamenya', 'rusak', 'banget', 'tiba', 'tiba', 'gue', 'teleport', 'sendiri', 'padahal', 'sinyal', 'gue', 'baik', 'baik', 'aja', 'loini', 'game', 'rusak', 'hp', 'bamget', 'hape', 'temen', 'gue', 'sama', 'gue', 'retk', 'semua', 'gara', 'gara', 'game', 'jadi', 'minta', 'dukunganya', 'jangan', 'main', 'game', 'hame', 'game', 'haram', 'lebih', 'baik', 'main', 'bs', 'gamenya', 'realistis', 'ngak', 'kaya', 'ff', 'hu', 'game', 'haram', 'jadi', 'kasih', 'bintang', 'hi', 'gue', 'punya', 'kata', 'kata', 'buat', 'game', 'lebih', 'baik', 'nyawa', 'mati', 'hidup', 'mana', 'pake', 'toko', 'hu', 'game', 'rusak', 'game', 'jelek', 'jaram']","['gamenya', 'rusak', 'banget', 'tiba', 'tiba', 'gue', 'teleport', 'sendiri', 'padahal', 'sinyal', 'gue', 'baik', 'baik', 'aja', 'loini', 'game', 'rusak', 'hp', 'bamget', 'hape', 'temen', 'gue', 'sama', 'gue', 'retk', 'semua', 'gara', 'gara', 'game', 'jadi', 'minta', 'dukunganya', 'jangan', 'main', 'game', 'hame', 'game', 'haram', 'lebih', 'baik', 'main', 'bs', 'gamenya', 'realistis', 'ngak', 'kaya', 'ff', 'hu', 'game', 'haram', 'jadi', 'kasih', 'bintang', 'hi', 'gue', 'punya', 'kata', 'kata', 'buat', 'game', 'lebih', 'baik', 'nyawa', 'mati', 'hidup', 'mana', 'pake', 'toko', 'hu', 'game', 'rusak', 'game', 'jelek', 'jaram']",gamenya rusak banget tiba tiba gue teleport sendiri padahal sinyal gue baik baik aja loini game rusak hp bamget hape temen gue sama gue retk semua gara gara game jadi minta dukunganya jangan main game hame game haram lebih baik main bs gamenya realistis ngak kaya ff hu game haram jadi kasih bintang hi gue punya kata kata buat game lebih baik nyawa mati hidup mana pake toko hu game rusak game jelek jaram
Raihan Bom bom,5,2025-09-30 00:57:22,game yang cukup bagus tapi sering ngelag padahal jaringan bagus buka aplikasi lain nya juga bisa tapi kalau aplikasinya free fire langsung ngelag sengaja kasih bintang 5 supaya di baca dan di perbarui,game yang cukup bagus tapi sering ngelag padahal jaringan bagus buka aplikasi lain nya juga bisa tapi kalau aplikasinya free fire langsung ngelag sengaja kasih bintang 5 supaya di baca dan di perbarui,game yang cukup bagus tapi sering ngelag padahal jaringan bagus buka aplikasi lain nya juga bisa tapi kalau aplikasinya free fire langsung ngelag sengaja kasih bintang supaya di baca dan di perbarui,"['game', 'yang', 'cukup', 'bagus', 'tapi', 'sering', 'ngelag', 'padahal', 'jaringan', 'bagus', 'buka', 'aplikasi', 'lain', 'nya', 'juga', 'bisa', 'tapi', 'kalau', 'aplikasinya', 'free', 'fire', 'langsung', 'ngelag', 'sengaja', 'kasih', 'bintang', 'supaya', 'di', 'baca', 'dan', 'di', 'perbarui']","['game', 'cukup', 'bagus', 'sering', 'ngelag', 'padahal', 'jaringan', 'bagus', 'buka', 'aplikasi', 'nya', 'kalau', 'aplikasinya', 'free', 'fire', 'langsung', 'ngelag', 'sengaja', 'kasih', 'bintang', 'baca', 'perbarui']","['game', 'cukup', 'bagus', 'sering', 'ngelag', 'padahal', 'jaring', 'bagus', 'buka', 'aplikasi', 'nya', 'kalau', 'aplikasi', 'free', 'fire', 'langsung', 'ngelag', 'sengaja', 'kasih', 'bintang', 'baca', 'baru']",game cukup bagus sering ngelag padahal jaring bagus buka aplikasi nya kalau aplikasi free fire langsung ngelag sengaja kasih bintang baca baru
RENDI JI RENDI,5,2025-09-30 00:35:11,bagus tapi boleh lh fps nya di tambahin untuk hp kentang,bagus tapi boleh lh fps nya di tambahin untuk hp kentang,bagus tapi boleh lh fps nya di tambahin untuk hp kentang,"['bagus', 'tapi', 'boleh', 'lh', 'fps', 'nya', 'di', 'tambahin', 'untuk', 'hp', 'kentang']","['bagus', 'lh', 'fps', 'nya', 'tambahin', 'hp', 'kentang']","['bagus', 'lh', 'fps', 'nya', 'tambahin', 'hp', 'kentang']",bagus lh fps nya tambahin hp kentang
Rahma Fatha Rani,5,2025-09-30 00:32:07,gem ini sangat seru,gem ini sangat seru,gem ini sangat seru,"['gem', 'ini', 'sangat', 'seru']","['gem', 'sangat', 'seru']","['gem', 'sangat', 'seru']",gem sangat seru
Aldi Aldi,5,2025-09-30 00:31:12,bagus saya suka,bagus saya suka,bagus saya suka,"['bagus', 'saya', 'suka']","['bagus', 'suka']","['bagus', 'suka']",bagus suka
Christian Natanael,1,2025-09-30 00:21:30,gak ada pintu,gak ada pintu,gak ada pintu,"['gak', 'ada', 'pintu']","['gak', 'pintu']","['gak', 'pintu']",gak pintu
Afriel Yani,5,2025-09-30 00:02:42,bagus epik,bagus epik,bagus epik,"['bagus', 'epik']","['bagus', 'epik']","['bagus', 'epik']",bagus epik
Muhammad Azzam,5,2025-09-30 00:00:06,mantap,mantap,mantap,['mantap'],['mantap'],['mantap'],mantap
M. J 0.88 Indonesia,1,2025-09-29 23:55:37,game banyak cit nya tidak layak di mainkan. jangan download game ini.,game banyak cit nya tidak layak di mainkan. jangan download game ini.,game banyak cit nya tidak layak di mainkan jangan download game ini,"['game', 'banyak', 'cit', 'nya', 'tidak', 'layak', 'di', 'mainkan', 'jangan', 'download', 'game', 'ini']","['game', 'banyak', 'cit', 'nya', 'layak', 'mainkan', 'jangan', 'download', 'game']","['game', 'banyak', 'cit', 'nya', 'layak', 'main', 'jangan', 'download', 'game']",game banyak cit nya layak main jangan download game
Mhmmad Rival,5,2025-09-29 23:31:21,asek,asek,asek,['asek'],['asek'],['asek'],asek
Yuni Azahh,5,2025-09-29 23:19:04,seru bangett,seru bangett,seru bangett,"['seru', 'bangett']","['seru', 'bangett']","['seru', 'bangett']",seru bangett
Yulianti Towile,1,2025-09-29 22:57:52,Game Burik 8 Bit 🤣,game burik 8 bit 🤣,game burik bit,"['game', 'burik', 'bit']","['game', 'burik', 'bit']","['game', 'burik', 'bit']",game burik bit
Muhammad Rezky,5,2025-09-29 22:53:06,seru bangettttt,seru bangettttt,seru bangettttt,"['seru', 'bangettttt']","['seru', 'bangettttt']","['seru', 'bangettttt']",seru bangettttt
Zhiandru Azwa,5,2025-09-29 22:38:11,game nya bagus grafik nya bisa di atur jadi yang hp kentang bisa main apa lagi yg yang dulu cocok buat hp kentang,game nya bagus grafik nya bisa di atur jadi yang hp kentang bisa main apa lagi yg yang dulu cocok buat hp kentang,game nya bagus grafik nya bisa di atur jadi yang hp kentang bisa main apa lagi yg yang dulu cocok buat hp kentang,"['game', 'nya', 'bagus', 'grafik', 'nya', 'bisa', 'di', 'atur', 'jadi', 'yang', 'hp', 'kentang', 'bisa', 'main', 'apa', 'lagi', 'yg', 'yang', 'dulu', 'cocok', 'buat', 'hp', 'kentang']","['game', 'nya', 'bagus', 'grafik', 'nya', 'atur', 'jadi', 'hp', 'kentang', 'main', 'apa', 'yg', 'dulu', 'cocok', 'buat', 'hp', 'kentang']","['game', 'nya', 'bagus', 'grafik', 'nya', 'atur', 'jadi', 'hp', 'kentang', 'main', 'apa', 'yg', 'dulu', 'cocok', 'buat', 'hp', 'kentang']",game nya bagus grafik nya atur jadi hp kentang main apa yg dulu cocok buat hp kentang
RYT _ 10,2,2025-09-29 22:08:52,makin hari makin males main ff masak mau masuk Mach making aja nunggu 3 menit ini gamenya mulai down server apa memang game nya burik...padahal saya pakai wifi dan saya coba memakai data seluler masih aja gk bisa masuk pertandingan...lama lama game ini kayak sapah...mendingan main game sebelah..males lama lama kalo kayak gini terus susah masuk pertandingan ..estimasi 25 sampai 3 menit nunggu masuk ini apa game apa antri berobat di klinik lama banget..,makin hari makin males main ff masak mau masuk mach making aja nunggu 3 menit ini gamenya mulai down server apa memang game nya burik...padahal saya pakai wifi dan saya coba memakai data seluler masih aja gk bisa masuk pertandingan...lama lama game ini kayak sapah...mendingan main game sebelah..males lama lama kalo kayak gini terus susah masuk pertandingan ..estimasi 25 sampai 3 menit nunggu masuk ini apa game apa antri berobat di klinik lama banget..,makin hari makin males main ff masak mau masuk mach making aja nunggu menit ini gamenya mulai down server apa memang game nya burikpadahal saya pakai wifi dan saya coba memakai data seluler masih aja gk bisa masuk pertandinganlama lama game ini kayak sapahmendingan main game sebelahmales lama lama kalo kayak gini terus susah masuk pertandingan estimasi sampai menit nunggu masuk ini apa game apa antri berobat di klinik lama banget,"['makin', 'hari', 'makin', 'males', 'main', 'ff', 'masak', 'mau', 'masuk', 'mach', 'making', 'aja', 'nunggu', 'menit', 'ini', 'gamenya', 'mulai', 'down', 'server', 'apa', 'memang', 'game', 'nya', 'burikpadahal', 'saya', 'pakai', 'wifi', 'dan', 'saya', 'coba', 'memakai', 'data', 'seluler', 'masih', 'aja', 'gk', 'bisa', 'masuk', 'pertandinganlama', 'lama', 'game', 'ini', 'kayak', 'sapahmendingan', 'main', 'game', 'sebelahmales', 'lama', 'lama', 'kalo', 'kayak', 'gini', 'terus', 'susah', 'masuk', 'pertandingan', 'estimasi', 'sampai', 'menit', 'nunggu', 'masuk', 'ini', 'apa', 'game', 'apa', 'antri', 'berobat', 'di', 'klinik', 'lama', 'banget']","['makin', 'hari', 'makin', 'males', 'main', 'ff', 'masak', 'mau', 'masuk', 'mach', 'making', 'aja', 'nunggu', 'menit', 'gamenya', 'mulai', 'down', 'server', 'apa', 'memang', 'game', 'nya', 'burikpadahal', 'pakai', 'wifi', 'coba', 'memakai', 'data', 'seluler', 'aja', 'gk', 'masuk', 'pertandinganlama', 'lama', 'game', 'kayak', 'sapahmendingan', 'main', 'game', 'sebelahmales', 'lama', 'lama', 'kalo', 'kayak', 'gini', 'terus', 'susah', 'masuk', 'pertandingan', 'estimasi', 'menit', 'nunggu', 'masuk', 'apa', 'game', 'apa', 'antri', 'berobat', 'klinik', 'lama', 'banget']","['makin', 'hari', 'makin', 'males', 'main', 'ff', 'masak', 'mau', 'masuk', 'mach', 'making', 'aja', 'nunggu', 'menit', 'gamenya', 'mulai', 'down', 'server', 'apa', 'memang', 'game', 'nya', 'burikpadahal', 'pakai', 'wifi', 'coba', 'pakai', 'data', 'seluler', 'aja', 'gk', 'masuk', 'pertandinganlama', 'lama', 'game', 'kayak', 'sapahmendingan', 'main', 'game', 'sebelahmales', 'lama', 'lama', 'kalo', 'kayak', 'gin', 'terus', 'susah', 'masuk', 'tanding', 'estimasi', 'menit', 'nunggu', 'masuk', 'apa', 'game', 'apa', 'antri', 'obat', 'klinik', 'lama', 'banget']",makin hari makin males main ff masak mau masuk mach making aja nunggu menit gamenya mulai down server apa memang game nya burikpadahal pakai wifi coba pakai data seluler aja gk masuk pertandinganlama lama game kayak sapahmendingan main game sebelahmales lama lama kalo kayak gin terus susah masuk tanding estimasi menit nunggu masuk apa game apa antri obat klinik lama banget
Sah Roni,5,2025-09-29 21:46:58,kalo main gem jangan pake pulsa pake data,kalo main gem jangan pake pulsa pake data,kalo main gem jangan pake pulsa pake data,"['kalo', 'main', 'gem', 'jangan', 'pake', 'pulsa', 'pake', 'data']","['kalo', 'main', 'gem', 'jangan', 'pake', 'pulsa', 'pake', 'data']","['kalo', 'main', 'gem', 'jangan', 'pake', 'pulsa', 'pake', 'data']",kalo main gem jangan pake pulsa pake data
Ibnu Parit,1,2025-09-29 20:21:53,apasih game nya burik udah update malah mangkin rusak ni game,apasih game nya burik udah update malah mangkin rusak ni game,apasih game nya burik udah update malah mangkin rusak ni game,"['apasih', 'game', 'nya', 'burik', 'udah', 'update', 'malah', 'mangkin', 'rusak', 'ni', 'game']","['apasih', 'game', 'nya', 'burik', 'udah', 'update', 'malah', 'mangkin', 'rusak', 'ni', 'game']","['apasih', 'game', 'nya', 'burik', 'udah', 'update', 'malah', 'mangkin', 'rusak', 'ni', 'game']",apasih game nya burik udah update malah mangkin rusak ni game
Parmin Parmin sah,5,2025-09-29 19:44:24,lebi bagus si,lebi bagus si,lebi bagus si,"['lebi', 'bagus', 'si']","['lebi', 'bagus', 'si']","['lebi', 'bagus', 'si']",lebi bagus si
Ganz Tzy,5,2025-09-29 19:38:19,Ngok,ngok,ngok,['ngok'],['ngok'],['ngok'],ngok
Arya Arya,3,2025-09-29 19:10:00,aing. bewan musuh na te paeh paeh,aing. bewan musuh na te paeh paeh,aing bewan musuh na te paeh paeh,"['aing', 'bewan', 'musuh', 'na', 'te', 'paeh', 'paeh']","['aing', 'bewan', 'musuh', 'na', 'te', 'paeh', 'paeh']","['aing', 'bewan', 'musuh', 'na', 'te', 'paeh', 'paeh']",aing bewan musuh na te paeh paeh
AG3NG PANGESTU,5,2025-09-29 19:08:49,gg masih burik,gg masih burik,gg masih burik,"['gg', 'masih', 'burik']","['gg', 'burik']","['gg', 'burik']",gg burik
Mhd Aji,5,2025-09-29 18:40:28,free fire proxy server,free fire proxy server,free fire proxy server,"['free', 'fire', 'proxy', 'server']","['free', 'fire', 'proxy', 'server']","['free', 'fire', 'proxy', 'server']",free fire proxy server
Iyan Jack,5,2025-09-29 18:28:44,terbaik mennn 👍👍🔴,terbaik mennn 👍👍🔴,terbaik mennn,"['terbaik', 'mennn']","['terbaik', 'mennn']","['baik', 'mennn']",baik mennn
Slow Bg do,5,2025-09-29 18:23:17,sayang ff,sayang ff,sayang ff,"['sayang', 'ff']","['sayang', 'ff']","['sayang', 'ff']",sayang ff
Mikhael Bani,5,2025-09-29 18:19:50,sangat baik,sangat baik,sangat baik,"['sangat', 'baik']","['sangat', 'baik']","['sangat', 'baik']",sangat baik
Aidil Putra,5,2025-09-29 18:00:10,bagus apalagi kalo fitur ban nya diperbaiki ke yang cheat saja,bagus apalagi kalo fitur ban nya diperbaiki ke yang cheat saja,bagus apalagi kalo fitur ban nya diperbaiki ke yang cheat saja,"['bagus', 'apalagi', 'kalo', 'fitur', 'ban', 'nya', 'diperbaiki', 'ke', 'yang', 'cheat', 'saja']","['bagus', 'kalo', 'fitur', 'ban', 'nya', 'diperbaiki', 'cheat']","['bagus', 'kalo', 'fitur', 'ban', 'nya', 'baik', 'cheat']",bagus kalo fitur ban nya baik cheat
Yandres Ruimassa,5,2025-09-29 17:53:17,sagat bagus games ini,sagat bagus games ini,sagat bagus games ini,"['sagat', 'bagus', 'games', 'ini']","['sagat', 'bagus', 'games']","['sagat', 'bagus', 'games']",sagat bagus games
Fuji Anas Tasya,5,2025-09-29 17:37:18,favorit bangettt,favorit bangettt,favorit bangettt,"['favorit', 'bangettt']","['favorit', 'bangettt']","['favorit', 'bangettt']",favorit bangettt
Sry Lup Lup,1,2025-09-29 17:34:42,burik,burik,burik,['burik'],['burik'],['burik'],burik
Saidah Zha,5,2025-09-29 17:34:23,🥰🥰🥰,🥰🥰🥰,,[],[],[],
Kelvin 25,5,2025-09-29 17:15:36,saya pengen dm,saya pengen dm,saya pengen dm,"['saya', 'pengen', 'dm']","['pengen', 'dm']","['ken', 'dm']",ken dm
Koler Aja,5,2025-09-29 17:06:16,mantappp dan makin seruhh,mantappp dan makin seruhh,mantappp dan makin seruhh,"['mantappp', 'dan', 'makin', 'seruhh']","['mantappp', 'makin', 'seruhh']","['mantappp', 'makin', 'seruhh']",mantappp makin seruhh
Khamed Med,4,2025-09-29 16:40:57,sangat suka,sangat suka,sangat suka,"['sangat', 'suka']","['sangat', 'suka']","['sangat', 'suka']",sangat suka
Hasbi,5,2025-09-29 16:19:24,sangat bagus,sangat bagus,sangat bagus,"['sangat', 'bagus']","['sangat', 'bagus']","['sangat', 'bagus']",sangat bagus
Miswanto,4,2025-09-29 16:10:46,𝑚𝑎𝑛𝑡𝑎𝑝,𝑚𝑎𝑛𝑡𝑎𝑝,,[],[],[],
Jdjd Jdj,5,2025-09-29 15:48:36,bagus dong,bagus dong,bagus dong,"['bagus', 'dong']","['bagus', 'dong']","['bagus', 'dong']",bagus dong
Arip Arip,1,2025-09-29 15:37:39,we need old peak,we need old peak,we need old peak,"['we', 'need', 'old', 'peak']","['we', 'need', 'old', 'peak']","['we', 'need', 'old', 'peak']",we need old peak
Tommy Aditiya,1,2025-09-29 15:37:24,akun gua baju 723hilang Garena gimana gua pensi,akun gua baju 723hilang garena gimana gua pensi,akun gua baju hilang garena gimana gua pensi,"['akun', 'gua', 'baju', 'hilang', 'garena', 'gimana', 'gua', 'pensi']","['akun', 'gua', 'baju', 'hilang', 'garena', 'gimana', 'gua', 'pensi']","['akun', 'gua', 'baju', 'hilang', 'garena', 'gimana', 'gua', 'pensi']",akun gua baju hilang garena gimana gua pensi
Dilan Saja,5,2025-09-29 15:37:07,sangat menarik dan asik,sangat menarik dan asik,sangat menarik dan asik,"['sangat', 'menarik', 'dan', 'asik']","['sangat', 'menarik', 'asik']","['sangat', 'tarik', 'asik']",sangat tarik asik
AIDIL OPET,1,2025-09-29 15:24:16,ga main ff tapi kena reset HP ku aku donwload ff gua mau bin akun ku lalu kok gak bisa ga bin cok,ga main ff tapi kena reset hp ku aku donwload ff gua mau bin akun ku lalu kok gak bisa ga bin cok,ga main ff tapi kena reset hp ku aku donwload ff gua mau bin akun ku lalu kok gak bisa ga bin cok,"['ga', 'main', 'ff', 'tapi', 'kena', 'reset', 'hp', 'ku', 'aku', 'donwload', 'ff', 'gua', 'mau', 'bin', 'akun', 'ku', 'lalu', 'kok', 'gak', 'bisa', 'ga', 'bin', 'cok']","['ga', 'main', 'ff', 'kena', 'reset', 'hp', 'ku', 'aku', 'donwload', 'ff', 'gua', 'mau', 'bin', 'akun', 'ku', 'lalu', 'kok', 'gak', 'ga', 'bin', 'cok']","['ga', 'main', 'ff', 'kena', 'reset', 'hp', 'ku', 'aku', 'donwload', 'ff', 'gua', 'mau', 'bin', 'akun', 'ku', 'lalu', 'kok', 'gak', 'ga', 'bin', 'cok']",ga main ff kena reset hp ku aku donwload ff gua mau bin akun ku lalu kok gak ga bin cok
Namira Sahida,4,2025-09-29 15:20:06,setiap main ff lag2 patah2 gtu dia padahal jaringan aman penyimpanan hp aman tp patah2 . tolong diperbaiki biar makin semangat mainnya🥰🥶🥶,setiap main ff lag2 patah2 gtu dia padahal jaringan aman penyimpanan hp aman tp patah2 . tolong diperbaiki biar makin semangat mainnya🥰🥶🥶,setiap main ff lag patah gtu dia padahal jaringan aman penyimpanan hp aman tp patah tolong diperbaiki biar makin semangat mainnya,"['setiap', 'main', 'ff', 'lag', 'patah', 'gtu', 'dia', 'padahal', 'jaringan', 'aman', 'penyimpanan', 'hp', 'aman', 'tp', 'patah', 'tolong', 'diperbaiki', 'biar', 'makin', 'semangat', 'mainnya']","['main', 'ff', 'lag', 'patah', 'gtu', 'padahal', 'jaringan', 'aman', 'penyimpanan', 'hp', 'aman', 'tp', 'patah', 'diperbaiki', 'biar', 'makin', 'semangat', 'mainnya']","['main', 'ff', 'lag', 'patah', 'gtu', 'padahal', 'jaring', 'aman', 'simpan', 'hp', 'aman', 'tp', 'patah', 'baik', 'biar', 'makin', 'semangat', 'main']",main ff lag patah gtu padahal jaring aman simpan hp aman tp patah baik biar makin semangat main
Sri Rahayu,3,2025-09-29 15:09:18,ok,ok,ok,['ok'],[],[],
Adelina Bawiling,5,2025-09-29 15:08:01,seru bgt🤩🤩🤩,seru bgt🤩🤩🤩,seru bgt,"['seru', 'bgt']","['seru', 'bgt']","['seru', 'bgt']",seru bgt
Selpi Selpi yani,5,2025-09-29 15:06:50,Selfi,selfi,selfi,['selfi'],['selfi'],['selfi'],selfi
Rofikoh trihapsari123,5,2025-09-29 15:01:35,bagussssssssssss bngttttt,bagussssssssssss bngttttt,bagussssssssssss bngttttt,"['bagussssssssssss', 'bngttttt']","['bagussssssssssss', 'bngttttt']","['bagussssssssssss', 'bngttttt']",bagussssssssssss bngttttt
Tri Suci,5,2025-09-29 14:56:37,🥰🥰🥰😊🐣,🥰🥰🥰😊🐣,,[],[],[],
Farhan anak hebat Farhan anak hebat,2,2025-09-29 14:52:40,game bagus cuma kalo bisa habis update/seasonan musuhnya jangan terlalu susah ya Garena aku kalah terus banyak yang pake panel tolong Garena ya kalo enggak rank ku makin turun🙏🙏🙏,game bagus cuma kalo bisa habis update/seasonan musuhnya jangan terlalu susah ya garena aku kalah terus banyak yang pake panel tolong garena ya kalo enggak rank ku makin turun🙏🙏🙏,game bagus cuma kalo bisa habis updateseasonan musuhnya jangan terlalu susah ya garena aku kalah terus banyak yang pake panel tolong garena ya kalo enggak rank ku makin turun,"['game', 'bagus', 'cuma', 'kalo', 'bisa', 'habis', 'updateseasonan', 'musuhnya', 'jangan', 'terlalu', 'susah', 'ya', 'garena', 'aku', 'kalah', 'terus', 'banyak', 'yang', 'pake', 'panel', 'tolong', 'garena', 'ya', 'kalo', 'enggak', 'rank', 'ku', 'makin', 'turun']","['game', 'bagus', 'cuma', 'kalo', 'habis', 'updateseasonan', 'musuhnya', 'jangan', 'terlalu', 'susah', 'garena', 'aku', 'kalah', 'terus', 'banyak', 'pake', 'panel', 'garena', 'kalo', 'enggak', 'rank', 'ku', 'makin', 'turun']","['game', 'bagus', 'cuma', 'kalo', 'habis', 'updateseasonan', 'musuh', 'jangan', 'terlalu', 'susah', 'garena', 'aku', 'kalah', 'terus', 'banyak', 'pake', 'panel', 'garena', 'kalo', 'enggak', 'rank', 'ku', 'makin', 'turun']",game bagus cuma kalo habis updateseasonan musuh jangan terlalu susah garena aku kalah terus banyak pake panel garena kalo enggak rank ku makin turun
Naufal,5,2025-09-29 14:32:33,GEM nga bagus,gem nga bagus,gem nga bagus,"['gem', 'nga', 'bagus']","['gem', 'nga', 'bagus']","['gem', 'nga', 'bagus']",gem nga bagus
Muhammad Ilham,2,2025-09-29 14:32:29,"ini bug ngelagnya mau sampai kapan ada terus?, saya main tidak bisa inii","ini bug ngelagnya mau sampai kapan ada terus?, saya main tidak bisa inii",ini bug ngelagnya mau sampai kapan ada terus saya main tidak bisa inii,"['ini', 'bug', 'ngelagnya', 'mau', 'sampai', 'kapan', 'ada', 'terus', 'saya', 'main', 'tidak', 'bisa', 'inii']","['bug', 'ngelagnya', 'mau', 'kapan', 'terus', 'main', 'inii']","['bug', 'ngelagnya', 'mau', 'kapan', 'terus', 'main', 'ini']",bug ngelagnya mau kapan terus main ini
komang adi ane,5,2025-09-29 14:23:14,mantap,mantap,mantap,['mantap'],['mantap'],['mantap'],mantap
ian Gustian,1,2025-09-29 14:19:55,gem ga guna jaringan bagus tapi pas main di br malah 999.ini gem gak guna APUS aja ini gem jijik gua liat ya,gem ga guna jaringan bagus tapi pas main di br malah 999.ini gem gak guna apus aja ini gem jijik gua liat ya,gem ga guna jaringan bagus tapi pas main di br malah ini gem gak guna apus aja ini gem jijik gua liat ya,"['gem', 'ga', 'guna', 'jaringan', 'bagus', 'tapi', 'pas', 'main', 'di', 'br', 'malah', 'ini', 'gem', 'gak', 'guna', 'apus', 'aja', 'ini', 'gem', 'jijik', 'gua', 'liat', 'ya']","['gem', 'ga', 'jaringan', 'bagus', 'pas', 'main', 'br', 'malah', 'gem', 'gak', 'apus', 'aja', 'gem', 'jijik', 'gua', 'liat']","['gem', 'ga', 'jaring', 'bagus', 'pas', 'main', 'br', 'malah', 'gem', 'gak', 'apus', 'aja', 'gem', 'jijik', 'gua', 'liat']",gem ga jaring bagus pas main br malah gem gak apus aja gem jijik gua liat
Azza Yuhu,5,2025-09-29 14:14:27,Min kok setelah updet ini kok ga bisa di mainin kenapa ini Min bang kulgar ga bisa di mainin,min kok setelah updet ini kok ga bisa di mainin kenapa ini min bang kulgar ga bisa di mainin,min kok setelah updet ini kok ga bisa di mainin kenapa ini min bang kulgar ga bisa di mainin,"['min', 'kok', 'setelah', 'updet', 'ini', 'kok', 'ga', 'bisa', 'di', 'mainin', 'kenapa', 'ini', 'min', 'bang', 'kulgar', 'ga', 'bisa', 'di', 'mainin']","['min', 'kok', 'updet', 'kok', 'ga', 'mainin', 'min', 'bang', 'kulgar', 'ga', 'mainin']","['min', 'kok', 'updet', 'kok', 'ga', 'mainin', 'min', 'bang', 'kulgar', 'ga', 'mainin']",min kok updet kok ga mainin min bang kulgar ga mainin
TOP 1 YIN,5,2025-09-29 14:10:19,keren,keren,keren,['keren'],['keren'],['keren'],keren
Yheni Anakay,5,2025-09-29 14:10:04,bagus,bagus,bagus,['bagus'],['bagus'],['bagus'],bagus
Ihya Robby,5,2025-09-29 14:10:04,lebih seru,lebih seru,lebih seru,"['lebih', 'seru']","['lebih', 'seru']","['lebih', 'seru']",lebih seru
Devia Ananda,2,2025-09-29 14:09:36,sangat bagus sekali,sangat bagus sekali,sangat bagus sekali,"['sangat', 'bagus', 'sekali']","['sangat', 'bagus', 'sekali']","['sangat', 'bagus', 'sekali']",sangat bagus sekali
Atha safari Adji,5,2025-09-29 14:04:21,sangat bagus,sangat bagus,sangat bagus,"['sangat', 'bagus']","['sangat', 'bagus']","['sangat', 'bagus']",sangat bagus
dimas DIMASS,2,2025-09-29 13:59:27,bg Garena knp akun ku di bl padahal main ku murni,bg garena knp akun ku di bl padahal main ku murni,bg garena knp akun ku di bl padahal main ku murni,"['bg', 'garena', 'knp', 'akun', 'ku', 'di', 'bl', 'padahal', 'main', 'ku', 'murni']","['bg', 'garena', 'knp', 'akun', 'ku', 'bl', 'padahal', 'main', 'ku', 'murni']","['bg', 'garena', 'knp', 'akun', 'ku', 'bl', 'padahal', 'main', 'ku', 'murni']",bg garena knp akun ku bl padahal main ku murni
M. Sakti Rauddahfahrullah,1,2025-09-29 13:56:28,"game hama, masih ada bug, musuh masih ada pake cheat, musuh tiba tiba tembus gloowal sama tembok, plisss deh perbaikan aja dulu itu capek sya maen nya ya 🙏🙏","game hama, masih ada bug, musuh masih ada pake cheat, musuh tiba tiba tembus gloowal sama tembok, plisss deh perbaikan aja dulu itu capek sya maen nya ya 🙏🙏",game hama masih ada bug musuh masih ada pake cheat musuh tiba tiba tembus gloowal sama tembok plisss deh perbaikan aja dulu itu capek sya maen nya ya,"['game', 'hama', 'masih', 'ada', 'bug', 'musuh', 'masih', 'ada', 'pake', 'cheat', 'musuh', 'tiba', 'tiba', 'tembus', 'gloowal', 'sama', 'tembok', 'plisss', 'deh', 'perbaikan', 'aja', 'dulu', 'itu', 'capek', 'sya', 'maen', 'nya', 'ya']","['game', 'hama', 'bug', 'musuh', 'pake', 'cheat', 'musuh', 'tiba', 'tiba', 'tembus', 'gloowal', 'sama', 'tembok', 'plisss', 'deh', 'perbaikan', 'aja', 'dulu', 'capek', 'sya', 'maen', 'nya']","['game', 'hama', 'bug', 'musuh', 'pake', 'cheat', 'musuh', 'tiba', 'tiba', 'tembus', 'gloowal', 'sama', 'tembok', 'plisss', 'deh', 'baik', 'aja', 'dulu', 'capek', 'sya', 'maen', 'nya']",game hama bug musuh pake cheat musuh tiba tiba tembus gloowal sama tembok plisss deh baik aja dulu capek sya maen nya
Ahnaf Hisyam,5,2025-09-29 13:51:26,bagus,bagus,bagus,['bagus'],['bagus'],['bagus'],bagus
Ragil AinulyaQin,5,2025-09-29 13:49:36,garena saya ingin dm 5000 dan koin 6000,garena saya ingin dm 5000 dan koin 6000,garena saya ingin dm dan koin,"['garena', 'saya', 'ingin', 'dm', 'dan', 'koin']","['garena', 'dm', 'koin']","['garena', 'dm', 'koin']",garena dm koin
Mulyawan Mulyawanmulyawan231,5,2025-09-29 13:47:26,baik,baik,baik,['baik'],['baik'],['baik'],baik
Aisyah Mecca,5,2025-09-29 13:40:38,ff max sangat bagus,ff max sangat bagus,ff max sangat bagus,"['ff', 'max', 'sangat', 'bagus']","['ff', 'max', 'sangat', 'bagus']","['ff', 'max', 'sangat', 'bagus']",ff max sangat bagus
sandy livi,1,2025-09-29 13:39:38,gema ini memang seru tapi kenapa panutan ku gk bisa main bagaimana lah garena masa bang budi harus pensi lagi kocak kali kaw garena,gema ini memang seru tapi kenapa panutan ku gk bisa main bagaimana lah garena masa bang budi harus pensi lagi kocak kali kaw garena,gema ini memang seru tapi kenapa panutan ku gk bisa main bagaimana lah garena masa bang budi harus pensi lagi kocak kali kaw garena,"['gema', 'ini', 'memang', 'seru', 'tapi', 'kenapa', 'panutan', 'ku', 'gk', 'bisa', 'main', 'bagaimana', 'lah', 'garena', 'masa', 'bang', 'budi', 'harus', 'pensi', 'lagi', 'kocak', 'kali', 'kaw', 'garena']","['gema', 'memang', 'seru', 'panutan', 'ku', 'gk', 'main', 'bagaimana', 'lah', 'garena', 'masa', 'bang', 'budi', 'pensi', 'kocak', 'kali', 'kaw', 'garena']","['gema', 'memang', 'seru', 'panutan', 'ku', 'gk', 'main', 'bagaimana', 'lah', 'garena', 'masa', 'bang', 'budi', 'pensi', 'kocak', 'kali', 'kaw', 'garena']",gema memang seru panutan ku gk main bagaimana lah garena masa bang budi pensi kocak kali kaw garena
Super Happy,5,2025-09-29 13:36:12,open,open,open,['open'],['open'],['open'],open
Naura Aisyah,5,2025-09-29 13:35:47,bagus,bagus,bagus,['bagus'],['bagus'],['bagus'],bagus
Emma Rahmawati,5,2025-09-29 13:35:37,bagus banget bintang 5,bagus banget bintang 5,bagus banget bintang,"['bagus', 'banget', 'bintang']","['bagus', 'banget', 'bintang']","['bagus', 'banget', 'bintang']",bagus banget bintang
Augustivo Mokoagouw,5,2025-09-29 13:32:57,game ini seru banget,game ini seru banget,game ini seru banget,"['game', 'ini', 'seru', 'banget']","['game', 'seru', 'banget']","['game', 'seru', 'banget']",game seru banget
Infinix Hot,5,2025-09-29 13:32:20,permainan yang sangat seru🔥😆,permainan yang sangat seru🔥😆,permainan yang sangat seru,"['permainan', 'yang', 'sangat', 'seru']","['permainan', 'sangat', 'seru']","['main', 'sangat', 'seru']",main sangat seru
Sherly rahma,5,2025-09-29 13:29:54,semoga aku jadi elite cees,semoga aku jadi elite cees,semoga aku jadi elite cees,"['semoga', 'aku', 'jadi', 'elite', 'cees']","['semoga', 'aku', 'jadi', 'elite', 'cees']","['moga', 'aku', 'jadi', 'elite', 'cees']",moga aku jadi elite cees
Wuuu Lan,1,2025-09-29 13:25:07,citer banyak perogram ga tokxik ga boeh on mic padahal temen yang toksxik citer ga di ben,citer banyak perogram ga tokxik ga boeh on mic padahal temen yang toksxik citer ga di ben,citer banyak perogram ga tokxik ga boeh on mic padahal temen yang toksxik citer ga di ben,"['citer', 'banyak', 'perogram', 'ga', 'tokxik', 'ga', 'boeh', 'on', 'mic', 'padahal', 'temen', 'yang', 'toksxik', 'citer', 'ga', 'di', 'ben']","['citer', 'banyak', 'perogram', 'ga', 'tokxik', 'ga', 'boeh', 'on', 'mic', 'padahal', 'temen', 'toksxik', 'citer', 'ga', 'ben']","['citer', 'banyak', 'perogram', 'ga', 'tokxik', 'ga', 'boeh', 'on', 'mic', 'padahal', 'temen', 'toksxik', 'citer', 'ga', 'ben']",citer banyak perogram ga tokxik ga boeh on mic padahal temen toksxik citer ga ben
Fattahrizq Ramadhan,5,2025-09-29 13:24:27,permainan yang seru membuat kita selalu ingin bermain freefire,permainan yang seru membuat kita selalu ingin bermain freefire,permainan yang seru membuat kita selalu ingin bermain freefire,"['permainan', 'yang', 'seru', 'membuat', 'kita', 'selalu', 'ingin', 'bermain', 'freefire']","['permainan', 'seru', 'membuat', 'selalu', 'bermain', 'freefire']","['main', 'seru', 'buat', 'selalu', 'main', 'freefire']",main seru buat selalu main freefire
Ningsih Nursiatun,5,2025-09-29 13:24:11,mantap,mantap,mantap,['mantap'],['mantap'],['mantap'],mantap
Ihsan nahar Ihsan,5,2025-09-29 13:22:44,Epp burik ahhhh tapi tetap burik,epp burik ahhhh tapi tetap burik,epp burik ahhhh tapi tetap burik,"['epp', 'burik', 'ahhhh', 'tapi', 'tetap', 'burik']","['epp', 'burik', 'ahhhh', 'tetap', 'burik']","['epp', 'burik', 'ahhhh', 'tetap', 'burik']",epp burik ahhhh tetap burik
edi supriyadi,5,2025-09-29 13:21:01,gak nglag game nya,gak nglag game nya,gak nglag game nya,"['gak', 'nglag', 'game', 'nya']","['gak', 'nglag', 'game', 'nya']","['gak', 'nglag', 'game', 'nya']",gak nglag game nya
ajmiel ruhiyat,5,2025-09-29 13:20:04,𝐞𝐧𝐚𝐤 𝐬𝐞𝐫𝐮 𝐛𝐚𝐧𝐠𝐞𝐭,𝐞𝐧𝐚𝐤 𝐬𝐞𝐫𝐮 𝐛𝐚𝐧𝐠𝐞𝐭,,[],[],[],
Abid,5,2025-09-29 13:11:47,jarang main,jarang main,jarang main,"['jarang', 'main']","['jarang', 'main']","['jarang', 'main']",jarang main
Defanan karo sekali,1,2025-09-29 13:10:32,game burik makin lama makin ngbug sistem nya banyak orang chiter tapi ga di respon,game burik makin lama makin ngbug sistem nya banyak orang chiter tapi ga di respon,game burik makin lama makin ngbug sistem nya banyak orang chiter tapi ga di respon,"['game', 'burik', 'makin', 'lama', 'makin', 'ngbug', 'sistem', 'nya', 'banyak', 'orang', 'chiter', 'tapi', 'ga', 'di', 'respon']","['game', 'burik', 'makin', 'lama', 'makin', 'ngbug', 'sistem', 'nya', 'banyak', 'orang', 'chiter', 'ga', 'respon']","['game', 'burik', 'makin', 'lama', 'makin', 'ngbug', 'sistem', 'nya', 'banyak', 'orang', 'chiter', 'ga', 'respon']",game burik makin lama makin ngbug sistem nya banyak orang chiter ga respon
Pak Edi,5,2025-09-29 13:06:14,5 Bintang🔥🔥🔥,5 bintang🔥🔥🔥,bintang,['bintang'],['bintang'],['bintang'],bintang
Uwin Saja,4,2025-09-29 13:04:16,ff adalah permainan terbaik,ff adalah permainan terbaik,ff adalah permainan terbaik,"['ff', 'adalah', 'permainan', 'terbaik']","['ff', 'permainan', 'terbaik']","['ff', 'main', 'baik']",ff main baik
Kang Bacot,1,2025-09-29 13:03:05,mau DM gratis,mau dm gratis,mau dm gratis,"['mau', 'dm', 'gratis']","['mau', 'dm', 'gratis']","['mau', 'dm', 'gratis']",mau dm gratis
Bayu Oca,1,2025-09-29 12:59:59,game burik pas gua maen kok malah ngelag sendiri udah gak bisa on mic lagi,game burik pas gua maen kok malah ngelag sendiri udah gak bisa on mic lagi,game burik pas gua maen kok malah ngelag sendiri udah gak bisa on mic lagi,"['game', 'burik', 'pas', 'gua', 'maen', 'kok', 'malah', 'ngelag', 'sendiri', 'udah', 'gak', 'bisa', 'on', 'mic', 'lagi']","['game', 'burik', 'pas', 'gua', 'maen', 'kok', 'malah', 'ngelag', 'sendiri', 'udah', 'gak', 'on', 'mic']","['game', 'burik', 'pas', 'gua', 'maen', 'kok', 'malah', 'ngelag', 'sendiri', 'udah', 'gak', 'on', 'mic']",game burik pas gua maen kok malah ngelag sendiri udah gak on mic
Evan Nopri,1,2025-09-29 12:57:45,"tolong perbaiki masalah sinyal nge-lag mi ini sangat mengganggu padahal kalo main game lain itu sinyalnya baik-baik aja, tapi pas main ff sinyalnya langsung ngeleh tolong perbaiki garena.","tolong perbaiki masalah sinyal nge-lag mi ini sangat mengganggu padahal kalo main game lain itu sinyalnya baik-baik aja, tapi pas main ff sinyalnya langsung ngeleh tolong perbaiki garena.",tolong perbaiki masalah sinyal ngelag mi ini sangat mengganggu padahal kalo main game lain itu sinyalnya baikbaik aja tapi pas main ff sinyalnya langsung ngeleh tolong perbaiki garena,"['tolong', 'perbaiki', 'masalah', 'sinyal', 'ngelag', 'mi', 'ini', 'sangat', 'mengganggu', 'padahal', 'kalo', 'main', 'game', 'lain', 'itu', 'sinyalnya', 'baikbaik', 'aja', 'tapi', 'pas', 'main', 'ff', 'sinyalnya', 'langsung', 'ngeleh', 'tolong', 'perbaiki', 'garena']","['perbaiki', 'masalah', 'sinyal', 'ngelag', 'mi', 'sangat', 'mengganggu', 'padahal', 'kalo', 'main', 'game', 'sinyalnya', 'baikbaik', 'aja', 'pas', 'main', 'ff', 'sinyalnya', 'langsung', 'ngeleh', 'perbaiki', 'garena']","['baik', 'masalah', 'sinyal', 'ngelag', 'mi', 'sangat', 'ganggu', 'padahal', 'kalo', 'main', 'game', 'sinyal', 'baikbaik', 'aja', 'pas', 'main', 'ff', 'sinyal', 'langsung', 'ngeleh', 'baik', 'garena']",baik masalah sinyal ngelag mi sangat ganggu padahal kalo main game sinyal baikbaik aja pas main ff sinyal langsung ngeleh baik garena
Samsung Batam,5,2025-09-29 12:55:39,game ini seru saya suka dan setiap saya masuk server tidak ada hacker dan bug👍,game ini seru saya suka dan setiap saya masuk server tidak ada hacker dan bug👍,game ini seru saya suka dan setiap saya masuk server tidak ada hacker dan bug,"['game', 'ini', 'seru', 'saya', 'suka', 'dan', 'setiap', 'saya', 'masuk', 'server', 'tidak', 'ada', 'hacker', 'dan', 'bug']","['game', 'seru', 'suka', 'masuk', 'server', 'hacker', 'bug']","['game', 'seru', 'suka', 'masuk', 'server', 'hacker', 'bug']",game seru suka masuk server hacker bug
Alu Baim,5,2025-09-29 12:53:36,bagus sekali.,bagus sekali.,bagus sekali,"['bagus', 'sekali']","['bagus', 'sekali']","['bagus', 'sekali']",bagus sekali
Siti Anisa,5,2025-09-29 12:48:18,ya saya main ff dari 2021 sampai sekarang 2025 saya masih main,ya saya main ff dari 2021 sampai sekarang 2025 saya masih main,ya saya main ff dari sampai sekarang saya masih main,"['ya', 'saya', 'main', 'ff', 'dari', 'sampai', 'sekarang', 'saya', 'masih', 'main']","['main', 'ff', 'sekarang', 'main']","['main', 'ff', 'sekarang', 'main']",main ff sekarang main
Muhammad Rizal,5,2025-09-29 12:44:00,game nya sangat bagus,game nya sangat bagus,game nya sangat bagus,"['game', 'nya', 'sangat', 'bagus']","['game', 'nya', 'sangat', 'bagus']","['game', 'nya', 'sangat', 'bagus']",game nya sangat bagus
Muhamad Sultan,1,2025-09-29 12:43:38,game buriq gak jelas akun gw gak di pakein cheat ke bl kocak😹 padahal gw cuma ketemu citer pas beywan malah akun gw yang di bl kocak kocak😹,game buriq gak jelas akun gw gak di pakein cheat ke bl kocak😹 padahal gw cuma ketemu citer pas beywan malah akun gw yang di bl kocak kocak😹,game buriq gak jelas akun gw gak di pakein cheat ke bl kocak padahal gw cuma ketemu citer pas beywan malah akun gw yang di bl kocak kocak,"['game', 'buriq', 'gak', 'jelas', 'akun', 'gw', 'gak', 'di', 'pakein', 'cheat', 'ke', 'bl', 'kocak', 'padahal', 'gw', 'cuma', 'ketemu', 'citer', 'pas', 'beywan', 'malah', 'akun', 'gw', 'yang', 'di', 'bl', 'kocak', 'kocak']","['game', 'buriq', 'gak', 'jelas', 'akun', 'gw', 'gak', 'pakein', 'cheat', 'bl', 'kocak', 'padahal', 'gw', 'cuma', 'ketemu', 'citer', 'pas', 'beywan', 'malah', 'akun', 'gw', 'bl', 'kocak', 'kocak']","['game', 'buriq', 'gak', 'jelas', 'akun', 'gw', 'gak', 'pakein', 'cheat', 'bl', 'kocak', 'padahal', 'gw', 'cuma', 'ketemu', 'citer', 'pas', 'beywan', 'malah', 'akun', 'gw', 'bl', 'kocak', 'kocak']",game buriq gak jelas akun gw gak pakein cheat bl kocak padahal gw cuma ketemu citer pas beywan malah akun gw bl kocak kocak
Firda Hasanah,5,2025-09-29 12:40:23,gacor,gacor,gacor,['gacor'],['gacor'],['gacor'],gacor
ilham pratama,5,2025-09-29 12:36:14,mantap,mantap,mantap,['mantap'],['mantap'],['mantap'],mantap
Hafiza Fiza,1,2025-09-29 12:32:47,buejes puicek celeng,buejes puicek celeng,buejes puicek celeng,"['buejes', 'puicek', 'celeng']","['buejes', 'puicek', 'celeng']","['buejes', 'puicek', 'celeng']",buejes puicek celeng
Holili Munifah,1,2025-09-29 12:32:22,GEM NI NAPA LAH KOK SERING ERROR PADAHAL JARINGAN GUA ENAK MAIN DI GEM SEBELAH TAPI SAAT MAIN FREE FIRE TIBA JARINGANNYA JADI MERAH TOLONG LAH GARENA SAYA MAU MAIN DENGAN TENANG DAN NYAMAN DAN BAHAGIA (TAPI KALO BAG NGELEK NYA DI FIKS) DAN JUGA YANG PAKE FEK LAG tolong di ban dah,gem ni napa lah kok sering error padahal jaringan gua enak main di gem sebelah tapi saat main free fire tiba jaringannya jadi merah tolong lah garena saya mau main dengan tenang dan nyaman dan bahagia (tapi kalo bag ngelek nya di fiks) dan juga yang pake fek lag tolong di ban dah,gem ni napa lah kok sering error padahal jaringan gua enak main di gem sebelah tapi saat main free fire tiba jaringannya jadi merah tolong lah garena saya mau main dengan tenang dan nyaman dan bahagia tapi kalo bag ngelek nya di fiks dan juga yang pake fek lag tolong di ban dah,"['gem', 'ni', 'napa', 'lah', 'kok', 'sering', 'error', 'padahal', 'jaringan', 'gua', 'enak', 'main', 'di', 'gem', 'sebelah', 'tapi', 'saat', 'main', 'free', 'fire', 'tiba', 'jaringannya', 'jadi', 'merah', 'tolong', 'lah', 'garena', 'saya', 'mau', 'main', 'dengan', 'tenang', 'dan', 'nyaman', 'dan', 'bahagia', 'tapi', 'kalo', 'bag', 'ngelek', 'nya', 'di', 'fiks', 'dan', 'juga', 'yang', 'pake', 'fek', 'lag', 'tolong', 'di', 'ban', 'dah']","['gem', 'ni', 'napa', 'lah', 'kok', 'sering', 'error', 'padahal', 'jaringan', 'gua', 'enak', 'main', 'gem', 'sebelah', 'main', 'free', 'fire', 'tiba', 'jaringannya', 'jadi', 'merah', 'lah', 'garena', 'mau', 'main', 'tenang', 'nyaman', 'bahagia', 'kalo', 'bag', 'ngelek', 'nya', 'fiks', 'pake', 'fek', 'lag', 'ban', 'dah']","['gem', 'ni', 'napa', 'lah', 'kok', 'sering', 'error', 'padahal', 'jaring', 'gua', 'enak', 'main', 'gem', 'belah', 'main', 'free', 'fire', 'tiba', 'jaring', 'jadi', 'merah', 'lah', 'garena', 'mau', 'main', 'tenang', 'nyaman', 'bahagia', 'kalo', 'bag', 'ngelek', 'nya', 'fiks', 'pake', 'fek', 'lag', 'ban', 'dah']",gem ni napa lah kok sering error padahal jaring gua enak main gem belah main free fire tiba jaring jadi merah lah garena mau main tenang nyaman bahagia kalo bag ngelek nya fiks pake fek lag ban dah
Lingga Firnata,5,2025-09-29 12:31:19,Karena geam ini sangat seru pacak Mabar dan juga bisa cari pacar,karena geam ini sangat seru pacak mabar dan juga bisa cari pacar,karena geam ini sangat seru pacak mabar dan juga bisa cari pacar,"['karena', 'geam', 'ini', 'sangat', 'seru', 'pacak', 'mabar', 'dan', 'juga', 'bisa', 'cari', 'pacar']","['geam', 'sangat', 'seru', 'pacak', 'mabar', 'cari', 'pacar']","['geam', 'sangat', 'seru', 'pacak', 'mabar', 'cari', 'pacar']",geam sangat seru pacak mabar cari pacar
KHAIRRUL ARIFIN 1111,1,2025-09-29 12:30:33,game anjeng tolol gua udah ngekil 5 malah mines game anjeng nggak usahlah game burik nggak ada pintu nggak usah di downlod,game anjeng tolol gua udah ngekil 5 malah mines game anjeng nggak usahlah game burik nggak ada pintu nggak usah di downlod,game anjeng tolol gua udah ngekil malah mines game anjeng nggak usahlah game burik nggak ada pintu nggak usah di downlod,"['game', 'anjeng', 'tolol', 'gua', 'udah', 'ngekil', 'malah', 'mines', 'game', 'anjeng', 'nggak', 'usahlah', 'game', 'burik', 'nggak', 'ada', 'pintu', 'nggak', 'usah', 'di', 'downlod']","['game', 'anjeng', 'tolol', 'gua', 'udah', 'ngekil', 'malah', 'mines', 'game', 'anjeng', 'usahlah', 'game', 'burik', 'pintu', 'usah', 'downlod']","['game', 'anjeng', 'tolol', 'gua', 'udah', 'ngekil', 'malah', 'mes', 'game', 'anjeng', 'usah', 'game', 'burik', 'pintu', 'usah', 'downlod']",game anjeng tolol gua udah ngekil malah mes game anjeng usah game burik pintu usah downlod
Pakde Boyboy,3,2025-09-29 12:30:25,"Selama ini,, baik baik saya, namun tolonglah jangan terlalu sering untuk menyuruh untuk meng uptade ,,karena banyak menguras cover kita ,dan akun lama dapat hilang, jika terlalu sering untuk meng uptade ny","selama ini,, baik baik saya, namun tolonglah jangan terlalu sering untuk menyuruh untuk meng uptade ,,karena banyak menguras cover kita ,dan akun lama dapat hilang, jika terlalu sering untuk meng uptade ny",selama ini baik baik saya namun tolonglah jangan terlalu sering untuk menyuruh untuk meng uptade karena banyak menguras cover kita dan akun lama dapat hilang jika terlalu sering untuk meng uptade ny,"['selama', 'ini', 'baik', 'baik', 'saya', 'namun', 'tolonglah', 'jangan', 'terlalu', 'sering', 'untuk', 'menyuruh', 'untuk', 'meng', 'uptade', 'karena', 'banyak', 'menguras', 'cover', 'kita', 'dan', 'akun', 'lama', 'dapat', 'hilang', 'jika', 'terlalu', 'sering', 'untuk', 'meng', 'uptade', 'ny']","['selama', 'baik', 'baik', 'tolonglah', 'jangan', 'terlalu', 'sering', 'menyuruh', 'meng', 'uptade', 'banyak', 'menguras', 'cover', 'akun', 'lama', 'hilang', 'terlalu', 'sering', 'meng', 'uptade', 'ny']","['lama', 'baik', 'baik', 'tolong', 'jangan', 'terlalu', 'sering', 'suruh', 'meng', 'uptade', 'banyak', 'uras', 'cover', 'akun', 'lama', 'hilang', 'terlalu', 'sering', 'meng', 'uptade', 'ny']",lama baik baik tolong jangan terlalu sering suruh meng uptade banyak uras cover akun lama hilang terlalu sering meng uptade ny
Mhd Ali,5,2025-09-29 12:29:37,ini bagus aku suka,ini bagus aku suka,ini bagus aku suka,"['ini', 'bagus', 'aku', 'suka']","['bagus', 'aku', 'suka']","['bagus', 'aku', 'suka']",bagus aku suka
bumi nata,1,2025-09-29 12:26:42,"lama' stres game, onmic kaga bisa ""suara gagal menyambung server, menyambung kembali"" udh sebulan lebih kaya begitu gajelas","lama' stres game, onmic kaga bisa ""suara gagal menyambung server, menyambung kembali"" udh sebulan lebih kaya begitu gajelas",lama stres game onmic kaga bisa suara gagal menyambung server menyambung kembali udh sebulan lebih kaya begitu gajelas,"['lama', 'stres', 'game', 'onmic', 'kaga', 'bisa', 'suara', 'gagal', 'menyambung', 'server', 'menyambung', 'kembali', 'udh', 'sebulan', 'lebih', 'kaya', 'begitu', 'gajelas']","['lama', 'stres', 'game', 'onmic', 'kaga', 'suara', 'gagal', 'menyambung', 'server', 'menyambung', 'udh', 'sebulan', 'lebih', 'kaya', 'gajelas']","['lama', 'stres', 'game', 'onmic', 'kaga', 'suara', 'gagal', 'sambung', 'server', 'sambung', 'udh', 'bulan', 'lebih', 'kaya', 'gajelas']",lama stres game onmic kaga suara gagal sambung server sambung udh bulan lebih kaya gajelas
Riki Riki,1,2025-09-29 12:25:18,gw mau pensi epep karna akun gw kena BL dan untuk garena jangan nge BL akun orang sesuka hati gw kaga ngapa ngapain tiba² di BL apalah izin pamit ke ML,gw mau pensi epep karna akun gw kena bl dan untuk garena jangan nge bl akun orang sesuka hati gw kaga ngapa ngapain tiba² di bl apalah izin pamit ke ml,gw mau pensi epep karna akun gw kena bl dan untuk garena jangan nge bl akun orang sesuka hati gw kaga ngapa ngapain tiba di bl apalah izin pamit ke ml,"['gw', 'mau', 'pensi', 'epep', 'karna', 'akun', 'gw', 'kena', 'bl', 'dan', 'untuk', 'garena', 'jangan', 'nge', 'bl', 'akun', 'orang', 'sesuka', 'hati', 'gw', 'kaga', 'ngapa', 'ngapain', 'tiba', 'di', 'bl', 'apalah', 'izin', 'pamit', 'ke', 'ml']","['gw', 'mau', 'pensi', 'epep', 'karna', 'akun', 'gw', 'kena', 'bl', 'garena', 'jangan', 'nge', 'bl', 'akun', 'orang', 'sesuka', 'hati', 'gw', 'kaga', 'ngapa', 'ngapain', 'tiba', 'bl', 'apalah', 'izin', 'pamit', 'ml']","['gw', 'mau', 'pensi', 'epep', 'karna', 'akun', 'gw', 'kena', 'bl', 'garena', 'jangan', 'nge', 'bl', 'akun', 'orang', 'suka', 'hati', 'gw', 'kaga', 'ngapa', 'ngapain', 'tiba', 'bl', 'apa', 'izin', 'pamit', 'ml']",gw mau pensi epep karna akun gw kena bl garena jangan nge bl akun orang suka hati gw kaga ngapa ngapain tiba bl apa izin pamit ml
Gema Gum,5,2025-09-29 12:22:32,collab bareng karakter troublemaker dong🗿,collab bareng karakter troublemaker dong🗿,collab bareng karakter troublemaker dong,"['collab', 'bareng', 'karakter', 'troublemaker', 'dong']","['collab', 'bareng', 'karakter', 'troublemaker', 'dong']","['collab', 'bareng', 'karakter', 'troublemaker', 'dong']",collab bareng karakter troublemaker dong
Irvan raga,5,2025-09-29 12:20:54,seru tapi diperbaiki lagi lah,seru tapi diperbaiki lagi lah,seru tapi diperbaiki lagi lah,"['seru', 'tapi', 'diperbaiki', 'lagi', 'lah']","['seru', 'diperbaiki', 'lah']","['seru', 'baik', 'lah']",seru baik lah
Dudung Sanusi,3,2025-09-29 12:20:17,bagus,bagus,bagus,['bagus'],['bagus'],['bagus'],bagus
Imelda,4,2025-09-29 12:17:44,"ff jangan sering "" update ya soal nya memori aku nya abis","ff jangan sering "" update ya soal nya memori aku nya abis",ff jangan sering update ya soal nya memori aku nya abis,"['ff', 'jangan', 'sering', 'update', 'ya', 'soal', 'nya', 'memori', 'aku', 'nya', 'abis']","['ff', 'jangan', 'sering', 'update', 'soal', 'nya', 'memori', 'aku', 'nya', 'abis']","['ff', 'jangan', 'sering', 'update', 'soal', 'nya', 'memori', 'aku', 'nya', 'abis']",ff jangan sering update soal nya memori aku nya abis
Dimas Daviansyah,1,2025-09-29 12:07:45,Game burik,game burik,game burik,"['game', 'burik']","['game', 'burik']","['game', 'burik']",game burik
Rinrin Anggraeni,5,2025-09-29 12:06:11,game ini seru dan bisa ngerifef tim kita jadi kita tinggal cari coin,game ini seru dan bisa ngerifef tim kita jadi kita tinggal cari coin,game ini seru dan bisa ngerifef tim kita jadi kita tinggal cari coin,"['game', 'ini', 'seru', 'dan', 'bisa', 'ngerifef', 'tim', 'kita', 'jadi', 'kita', 'tinggal', 'cari', 'coin']","['game', 'seru', 'ngerifef', 'tim', 'jadi', 'tinggal', 'cari', 'coin']","['game', 'seru', 'ngerifef', 'tim', 'jadi', 'tinggal', 'cari', 'coin']",game seru ngerifef tim jadi tinggal cari coin
Redi Redi,5,2025-09-29 12:03:36,FF SANGAT BAIK,ff sangat baik,ff sangat baik,"['ff', 'sangat', 'baik']","['ff', 'sangat', 'baik']","['ff', 'sangat', 'baik']",ff sangat baik
Samuel Samderubun,5,2025-09-29 12:02:55,💯,💯,,[],[],[],
Dip Ta,5,2025-09-29 12:00:20,min tolong perbaiki bug sinyal bagus tapi gak bisa lootting tolong di perbaiki min,min tolong perbaiki bug sinyal bagus tapi gak bisa lootting tolong di perbaiki min,min tolong perbaiki bug sinyal bagus tapi gak bisa lootting tolong di perbaiki min,"['min', 'tolong', 'perbaiki', 'bug', 'sinyal', 'bagus', 'tapi', 'gak', 'bisa', 'lootting', 'tolong', 'di', 'perbaiki', 'min']","['min', 'perbaiki', 'bug', 'sinyal', 'bagus', 'gak', 'lootting', 'perbaiki', 'min']","['min', 'baik', 'bug', 'sinyal', 'bagus', 'gak', 'lootting', 'baik', 'min']",min baik bug sinyal bagus gak lootting baik min
Komang Trisna Widyantari,5,2025-09-29 11:50:36,asik banget main nya,asik banget main nya,asik banget main nya,"['asik', 'banget', 'main', 'nya']","['asik', 'banget', 'main', 'nya']","['asik', 'banget', 'main', 'nya']",asik banget main nya
al gaza,5,2025-09-29 11:45:46,game terseru,game terseru,game terseru,"['game', 'terseru']","['game', 'terseru']","['game', 'seru']",game seru
Kadek Lia,5,2025-09-29 11:44:31,game yang sangat bagus,game yang sangat bagus,game yang sangat bagus,"['game', 'yang', 'sangat', 'bagus']","['game', 'sangat', 'bagus']","['game', 'sangat', 'bagus']",game sangat bagus
kwkw Wkwk,2,2025-09-29 11:42:17,saya tau game bukan untuk selamanya tapi dengan mudahnya garena mengambil akun saya jadi mohon maaf saya memberikan sedikit ulasan untuk pemain berikutnya tetapi ini game seru cuma harus sedikit diperbaiki,saya tau game bukan untuk selamanya tapi dengan mudahnya garena mengambil akun saya jadi mohon maaf saya memberikan sedikit ulasan untuk pemain berikutnya tetapi ini game seru cuma harus sedikit diperbaiki,saya tau game bukan untuk selamanya tapi dengan mudahnya garena mengambil akun saya jadi mohon maaf saya memberikan sedikit ulasan untuk pemain berikutnya tetapi ini game seru cuma harus sedikit diperbaiki,"['saya', 'tau', 'game', 'bukan', 'untuk', 'selamanya', 'tapi', 'dengan', 'mudahnya', 'garena', 'mengambil', 'akun', 'saya', 'jadi', 'mohon', 'maaf', 'saya', 'memberikan', 'sedikit', 'ulasan', 'untuk', 'pemain', 'berikutnya', 'tetapi', 'ini', 'game', 'seru', 'cuma', 'harus', 'sedikit', 'diperbaiki']","['tau', 'game', 'bukan', 'selamanya', 'mudahnya', 'garena', 'mengambil', 'akun', 'jadi', 'mohon', 'maaf', 'memberikan', 'sedikit', 'ulasan', 'pemain', 'berikutnya', 'game', 'seru', 'cuma', 'sedikit', 'diperbaiki']","['tau', 'game', 'bukan', 'lama', 'mudah', 'garena', 'ambil', 'akun', 'jadi', 'mohon', 'maaf', 'beri', 'sedikit', 'ulas', 'main', 'ikut', 'game', 'seru', 'cuma', 'sedikit', 'baik']",tau game bukan lama mudah garena ambil akun jadi mohon maaf beri sedikit ulas main ikut game seru cuma sedikit baik
Arya Prasetio,4,2025-09-29 11:37:55,good,good,good,['good'],['good'],['good'],good
Aska Askandy,5,2025-09-29 11:25:32,game ini memang bagus cmn mohon di perbaiki jangan ksih musuh yg susah padahal saya msh gold 2 tpi musuh nya susah susah,game ini memang bagus cmn mohon di perbaiki jangan ksih musuh yg susah padahal saya msh gold 2 tpi musuh nya susah susah,game ini memang bagus cmn mohon di perbaiki jangan ksih musuh yg susah padahal saya msh gold tpi musuh nya susah susah,"['game', 'ini', 'memang', 'bagus', 'cmn', 'mohon', 'di', 'perbaiki', 'jangan', 'ksih', 'musuh', 'yg', 'susah', 'padahal', 'saya', 'msh', 'gold', 'tpi', 'musuh', 'nya', 'susah', 'susah']","['game', 'memang', 'bagus', 'cmn', 'mohon', 'perbaiki', 'jangan', 'ksih', 'musuh', 'yg', 'susah', 'padahal', 'msh', 'gold', 'tpi', 'musuh', 'nya', 'susah', 'susah']","['game', 'memang', 'bagus', 'cmn', 'mohon', 'baik', 'jangan', 'ksih', 'musuh', 'yg', 'susah', 'padahal', 'msh', 'gold', 'tpi', 'musuh', 'nya', 'susah', 'susah']",game memang bagus cmn mohon baik jangan ksih musuh yg susah padahal msh gold tpi musuh nya susah susah
siskaaulia 18,5,2025-09-29 11:22:48,YAREUUU SERUUU,yareuuu seruuu,yareuuu seruuu,"['yareuuu', 'seruuu']","['yareuuu', 'seruuu']","['yareuuu', 'seruuu']",yareuuu seruuu
adzhar fathir,5,2025-09-29 11:22:20,bagusss tapi pakek jaringan,bagusss tapi pakek jaringan,bagusss tapi pakek jaringan,"['bagusss', 'tapi', 'pakek', 'jaringan']","['bagusss', 'pakek', 'jaringan']","['bagusss', 'pakek', 'jaring']",bagusss pakek jaring
St.Salsabila Dinda,5,2025-09-29 11:17:18,intinya seru!,intinya seru!,intinya seru,"['intinya', 'seru']","['intinya', 'seru']","['inti', 'seru']",inti seru
Dasimin,5,2025-09-29 11:16:46,bagus,bagus,bagus,['bagus'],['bagus'],['bagus'],bagus
Curut ananana,1,2025-09-29 11:16:19,game gak jelas banyak bug gua udh 1 harian suara game ni hilang,game gak jelas banyak bug gua udh 1 harian suara game ni hilang,game gak jelas banyak bug gua udh harian suara game ni hilang,"['game', 'gak', 'jelas', 'banyak', 'bug', 'gua', 'udh', 'harian', 'suara', 'game', 'ni', 'hilang']","['game', 'gak', 'jelas', 'banyak', 'bug', 'gua', 'udh', 'harian', 'suara', 'game', 'ni', 'hilang']","['game', 'gak', 'jelas', 'banyak', 'bug', 'gua', 'udh', 'hari', 'suara', 'game', 'ni', 'hilang']",game gak jelas banyak bug gua udh hari suara game ni hilang
Ananda Ilham,5,2025-09-29 11:15:21,tolong ya developer itu animasi spesial airdrop itu gak guna banget aseli,tolong ya developer itu animasi spesial airdrop itu gak guna banget aseli,tolong ya developer itu animasi spesial airdrop itu gak guna banget aseli,"['tolong', 'ya', 'developer', 'itu', 'animasi', 'spesial', 'airdrop', 'itu', 'gak', 'guna', 'banget', 'aseli']","['developer', 'animasi', 'spesial', 'airdrop', 'gak', 'banget', 'aseli']","['developer', 'animasi', 'spesial', 'airdrop', 'gak', 'banget', 'aseli']",developer animasi spesial airdrop gak banget aseli
Hansen,1,2025-09-29 11:14:25,pas saya main lone wolf headshot saya udah headshot tapi gak mati diperbaiki ya,pas saya main lone wolf headshot saya udah headshot tapi gak mati diperbaiki ya,pas saya main lone wolf headshot saya udah headshot tapi gak mati diperbaiki ya,"['pas', 'saya', 'main', 'lone', 'wolf', 'headshot', 'saya', 'udah', 'headshot', 'tapi', 'gak', 'mati', 'diperbaiki', 'ya']","['pas', 'main', 'lone', 'wolf', 'headshot', 'udah', 'headshot', 'gak', 'mati', 'diperbaiki']","['pas', 'main', 'lone', 'wolf', 'headshot', 'udah', 'headshot', 'gak', 'mati', 'baik']",pas main lone wolf headshot udah headshot gak mati baik
Sri Tutik,5,2025-09-29 11:13:50,game nya saya suka tapi di hilangkan chiter,game nya saya suka tapi di hilangkan chiter,game nya saya suka tapi di hilangkan chiter,"['game', 'nya', 'saya', 'suka', 'tapi', 'di', 'hilangkan', 'chiter']","['game', 'nya', 'suka', 'hilangkan', 'chiter']","['game', 'nya', 'suka', 'hilang', 'chiter']",game nya suka hilang chiter
Khusnul Khotimah,5,2025-09-29 11:09:39,game ini sangatlah seru tetapi aku ingin 1000 diamond boleh ga,game ini sangatlah seru tetapi aku ingin 1000 diamond boleh ga,game ini sangatlah seru tetapi aku ingin diamond boleh ga,"['game', 'ini', 'sangatlah', 'seru', 'tetapi', 'aku', 'ingin', 'diamond', 'boleh', 'ga']","['game', 'sangatlah', 'seru', 'aku', 'diamond', 'ga']","['game', 'sangat', 'seru', 'aku', 'diamond', 'ga']",game sangat seru aku diamond ga
Adam Yoga,1,2025-09-29 11:01:13,GAME APA NI AJG?!! DAMAGE 750 GA MATI!!!,game apa ni ajg?!! damage 750 ga mati!!!,game apa ni ajg damage ga mati,"['game', 'apa', 'ni', 'ajg', 'damage', 'ga', 'mati']","['game', 'apa', 'ni', 'ajg', 'damage', 'ga', 'mati']","['game', 'apa', 'ni', 'ajg', 'damage', 'ga', 'mati']",game apa ni ajg damage ga mati
Alvaro mullet,5,2025-09-29 10:53:14,game burik tapi saya suka saya sering marah marah karna kalah main game,game burik tapi saya suka saya sering marah marah karna kalah main game,game burik tapi saya suka saya sering marah marah karna kalah main game,"['game', 'burik', 'tapi', 'saya', 'suka', 'saya', 'sering', 'marah', 'marah', 'karna', 'kalah', 'main', 'game']","['game', 'burik', 'suka', 'sering', 'marah', 'marah', 'karna', 'kalah', 'main', 'game']","['game', 'burik', 'suka', 'sering', 'marah', 'marah', 'karna', 'kalah', 'main', 'game']",game burik suka sering marah marah karna kalah main game
Khusus Freefire,5,2025-09-29 10:50:36,nya kitu weu teu alus teuing dm gratis atuh,nya kitu weu teu alus teuing dm gratis atuh,nya kitu weu teu alus teuing dm gratis atuh,"['nya', 'kitu', 'weu', 'teu', 'alus', 'teuing', 'dm', 'gratis', 'atuh']","['nya', 'kitu', 'weu', 'teu', 'alus', 'teuing', 'dm', 'gratis', 'atuh']","['nya', 'kitu', 'weu', 'teu', 'alus', 'teuing', 'dm', 'gratis', 'atuh']",nya kitu weu teu alus teuing dm gratis atuh
Farida F,5,2025-09-29 10:49:37,FF adalah permainan yang terbaik Q,ff adalah permainan yang terbaik q,ff adalah permainan yang terbaik q,"['ff', 'adalah', 'permainan', 'yang', 'terbaik', 'q']","['ff', 'permainan', 'terbaik', 'q']","['ff', 'main', 'baik', 'q']",ff main baik q
Hafish Hafuza,5,2025-09-29 10:45:06,game ini sngat seru,game ini sngat seru,game ini sngat seru,"['game', 'ini', 'sngat', 'seru']","['game', 'sngat', 'seru']","['game', 'sngat', 'seru']",game sngat seru
Piter Sermatan,1,2025-09-29 10:44:08,game kontil game buruk masa akun saya di ban tanpa melakukan kesalahan apapun. cheat dan skrip ilegal tidak saya gunakan tapi kenapa akun saya harus di ban,game kontil game buruk masa akun saya di ban tanpa melakukan kesalahan apapun. cheat dan skrip ilegal tidak saya gunakan tapi kenapa akun saya harus di ban,game kontil game buruk masa akun saya di ban tanpa melakukan kesalahan apapun cheat dan skrip ilegal tidak saya gunakan tapi kenapa akun saya harus di ban,"['game', 'kontil', 'game', 'buruk', 'masa', 'akun', 'saya', 'di', 'ban', 'tanpa', 'melakukan', 'kesalahan', 'apapun', 'cheat', 'dan', 'skrip', 'ilegal', 'tidak', 'saya', 'gunakan', 'tapi', 'kenapa', 'akun', 'saya', 'harus', 'di', 'ban']","['game', 'kontil', 'game', 'buruk', 'masa', 'akun', 'ban', 'melakukan', 'kesalahan', 'apapun', 'cheat', 'skrip', 'ilegal', 'gunakan', 'akun', 'ban']","['game', 'kontil', 'game', 'buruk', 'masa', 'akun', 'ban', 'laku', 'salah', 'apa', 'cheat', 'skrip', 'ilegal', 'guna', 'akun', 'ban']",game kontil game buruk masa akun ban laku salah apa cheat skrip ilegal guna akun ban
khoirul azm,4,2025-09-29 10:43:21,gamenya seru dan bagus tetapi malesnya kalo ketemu tim beban🗿,gamenya seru dan bagus tetapi malesnya kalo ketemu tim beban🗿,gamenya seru dan bagus tetapi malesnya kalo ketemu tim beban,"['gamenya', 'seru', 'dan', 'bagus', 'tetapi', 'malesnya', 'kalo', 'ketemu', 'tim', 'beban']","['gamenya', 'seru', 'bagus', 'malesnya', 'kalo', 'ketemu', 'tim', 'beban']","['gamenya', 'seru', 'bagus', 'malesnya', 'kalo', 'ketemu', 'tim', 'beban']",gamenya seru bagus malesnya kalo ketemu tim beban
Ditz・cs,4,2025-09-29 10:32:49,baguss sii bagusss tapiii sering bug dan sering ngelag apalagi bug mic tuh gajee bangett sering marah² klo toosond🗿,baguss sii bagusss tapiii sering bug dan sering ngelag apalagi bug mic tuh gajee bangett sering marah² klo toosond🗿,baguss sii bagusss tapiii sering bug dan sering ngelag apalagi bug mic tuh gajee bangett sering marah klo toosond,"['baguss', 'sii', 'bagusss', 'tapiii', 'sering', 'bug', 'dan', 'sering', 'ngelag', 'apalagi', 'bug', 'mic', 'tuh', 'gajee', 'bangett', 'sering', 'marah', 'klo', 'toosond']","['baguss', 'sii', 'bagusss', 'tapiii', 'sering', 'bug', 'sering', 'ngelag', 'bug', 'mic', 'tuh', 'gajee', 'bangett', 'sering', 'marah', 'klo', 'toosond']","['baguss', 'sii', 'bagusss', 'tapiii', 'sering', 'bug', 'sering', 'ngelag', 'bug', 'mic', 'tuh', 'gajee', 'bangett', 'sering', 'marah', 'klo', 'toosond']",baguss sii bagusss tapiii sering bug sering ngelag bug mic tuh gajee bangett sering marah klo toosond
Albi Ardian,5,2025-09-29 10:30:56,bagus mantap,bagus mantap,bagus mantap,"['bagus', 'mantap']","['bagus', 'mantap']","['bagus', 'mantap']",bagus mantap
Sandy Sanzx,5,2025-09-29 10:27:27,bagus🫵🏻👍🏻,bagus🫵🏻👍🏻,bagus,['bagus'],['bagus'],['bagus'],bagus
dwiki darmawan,1,2025-09-29 10:26:32,ingin main,ingin main,ingin main,"['ingin', 'main']",['main'],['main'],main
Towi Jaya,5,2025-09-29 10:25:58,kasih dm min,kasih dm min,kasih dm min,"['kasih', 'dm', 'min']","['kasih', 'dm', 'min']","['kasih', 'dm', 'min']",kasih dm min
Fajar Adinata,5,2025-09-29 10:25:07,bagus,bagus,bagus,['bagus'],['bagus'],['bagus'],bagus
Andika Saputra,2,2025-09-29 10:24:26,terlalu banyak mb nya,terlalu banyak mb nya,terlalu banyak mb nya,"['terlalu', 'banyak', 'mb', 'nya']","['terlalu', 'banyak', 'mb', 'nya']","['terlalu', 'banyak', 'mb', 'nya']",terlalu banyak mb nya
Iin Inayah,5,2025-09-29 10:22:52,fifa. fire. max. x. N. beri. rating. aplikasi. ini,fifa. fire. max. x. n. beri. rating. aplikasi. ini,fifa fire max x n beri rating aplikasi ini,"['fifa', 'fire', 'max', 'x', 'n', 'beri', 'rating', 'aplikasi', 'ini']","['fifa', 'fire', 'max', 'x', 'n', 'beri', 'rating', 'aplikasi']","['fifa', 'fire', 'max', 'x', 'n', 'beri', 'rating', 'aplikasi']",fifa fire max x n beri rating aplikasi
Umbu Parowa,5,2025-09-29 10:15:59,aplikasi nya mantap👍👍,aplikasi nya mantap👍👍,aplikasi nya mantap,"['aplikasi', 'nya', 'mantap']","['aplikasi', 'nya', 'mantap']","['aplikasi', 'nya', 'mantap']",aplikasi nya mantap
27_ Raka Aditya saputra,5,2025-09-29 10:13:16,saya sudah cukup lama main free fire max ini menurut aku lumayan bagus terus sekarang updatenya Naruto lagi itu yang paling saya suka 😉👍☺️,saya sudah cukup lama main free fire max ini menurut aku lumayan bagus terus sekarang updatenya naruto lagi itu yang paling saya suka 😉👍☺️,saya sudah cukup lama main free fire max ini menurut aku lumayan bagus terus sekarang updatenya naruto lagi itu yang paling saya suka,"['saya', 'sudah', 'cukup', 'lama', 'main', 'free', 'fire', 'max', 'ini', 'menurut', 'aku', 'lumayan', 'bagus', 'terus', 'sekarang', 'updatenya', 'naruto', 'lagi', 'itu', 'yang', 'paling', 'saya', 'suka']","['cukup', 'lama', 'main', 'free', 'fire', 'max', 'aku', 'lumayan', 'bagus', 'terus', 'sekarang', 'updatenya', 'naruto', 'paling', 'suka']","['cukup', 'lama', 'main', 'free', 'fire', 'max', 'aku', 'lumayan', 'bagus', 'terus', 'sekarang', 'updatenya', 'naruto', 'paling', 'suka']",cukup lama main free fire max aku lumayan bagus terus sekarang updatenya naruto paling suka
Arham Fauzi,2,2025-09-29 10:08:23,kok Gmail udah bisa main lama-lama jadi ngelag jadinya kalau yang kalau membutuhkan sumber daya kok nggak bisa dipencet malah ditunggu ditunggu lagi malah rusak tunggu dipencet nggak bisa,kok gmail udah bisa main lama-lama jadi ngelag jadinya kalau yang kalau membutuhkan sumber daya kok nggak bisa dipencet malah ditunggu ditunggu lagi malah rusak tunggu dipencet nggak bisa,kok gmail udah bisa main lamalama jadi ngelag jadinya kalau yang kalau membutuhkan sumber daya kok nggak bisa dipencet malah ditunggu ditunggu lagi malah rusak tunggu dipencet nggak bisa,"['kok', 'gmail', 'udah', 'bisa', 'main', 'lamalama', 'jadi', 'ngelag', 'jadinya', 'kalau', 'yang', 'kalau', 'membutuhkan', 'sumber', 'daya', 'kok', 'nggak', 'bisa', 'dipencet', 'malah', 'ditunggu', 'ditunggu', 'lagi', 'malah', 'rusak', 'tunggu', 'dipencet', 'nggak', 'bisa']","['kok', 'gmail', 'udah', 'main', 'lamalama', 'jadi', 'ngelag', 'jadinya', 'kalau', 'kalau', 'membutuhkan', 'sumber', 'daya', 'kok', 'dipencet', 'malah', 'ditunggu', 'ditunggu', 'malah', 'rusak', 'tunggu', 'dipencet']","['kok', 'gmail', 'udah', 'main', 'lamalama', 'jadi', 'ngelag', 'jadi', 'kalau', 'kalau', 'butuh', 'sumber', 'daya', 'kok', 'pencet', 'malah', 'tunggu', 'tunggu', 'malah', 'rusak', 'tunggu', 'pencet']",kok gmail udah main lamalama jadi ngelag jadi kalau kalau butuh sumber daya kok pencet malah tunggu tunggu malah rusak tunggu pencet
Hendri Surliana,5,2025-09-29 10:05:13,gem ini sangat menyenangkan,gem ini sangat menyenangkan,gem ini sangat menyenangkan,"['gem', 'ini', 'sangat', 'menyenangkan']","['gem', 'sangat', 'menyenangkan']","['gem', 'sangat', 'senang']",gem sangat senang
farisabdul13,5,2025-09-29 09:51:48,semangat kelly,semangat kelly,semangat kelly,"['semangat', 'kelly']","['semangat', 'kelly']","['semangat', 'kelly']",semangat kelly
Ade saputra Ade saputra,5,2025-09-29 09:49:09,suka,suka,suka,['suka'],['suka'],['suka'],suka
grace Nabunome,1,2025-09-29 09:45:57,"najis, gw lagi push rank malah reconnect kan on ol, yang ada honor score gw yang turun on ol","najis, gw lagi push rank malah reconnect kan on ol, yang ada honor score gw yang turun on ol",najis gw lagi push rank malah reconnect kan on ol yang ada honor score gw yang turun on ol,"['najis', 'gw', 'lagi', 'push', 'rank', 'malah', 'reconnect', 'kan', 'on', 'ol', 'yang', 'ada', 'honor', 'score', 'gw', 'yang', 'turun', 'on', 'ol']","['najis', 'gw', 'push', 'rank', 'malah', 'reconnect', 'kan', 'on', 'ol', 'honor', 'score', 'gw', 'turun', 'on', 'ol']","['najis', 'gw', 'push', 'rank', 'malah', 'reconnect', 'kan', 'on', 'ol', 'honor', 'score', 'gw', 'turun', 'on', 'ol']",najis gw push rank malah reconnect kan on ol honor score gw turun on ol
Muhammad Abriansyah,5,2025-09-29 09:44:27,mantap,mantap,mantap,['mantap'],['mantap'],['mantap'],mantap
Bima abdi Ramadhan,1,2025-09-29 09:43:21,game gajelas main murni malah kena bl,game gajelas main murni malah kena bl,game gajelas main murni malah kena bl,"['game', 'gajelas', 'main', 'murni', 'malah', 'kena', 'bl']","['game', 'gajelas', 'main', 'murni', 'malah', 'kena', 'bl']","['game', 'gajelas', 'main', 'murni', 'malah', 'kena', 'bl']",game gajelas main murni malah kena bl
Teguh Hans28,2,2025-09-29 09:40:36,"tolong bagusin sinyal nya,terlalu ngelaq,padahal jaringan gua bagus-bagus aja,gua kasih bintang2.","tolong bagusin sinyal nya,terlalu ngelaq,padahal jaringan gua bagus-bagus aja,gua kasih bintang2.",tolong bagusin sinyal nyaterlalu ngelaqpadahal jaringan gua bagusbagus ajagua kasih bintang,"['tolong', 'bagusin', 'sinyal', 'nyaterlalu', 'ngelaqpadahal', 'jaringan', 'gua', 'bagusbagus', 'ajagua', 'kasih', 'bintang']","['bagusin', 'sinyal', 'nyaterlalu', 'ngelaqpadahal', 'jaringan', 'gua', 'bagusbagus', 'ajagua', 'kasih', 'bintang']","['bagusin', 'sinyal', 'nyaterlalu', 'ngelaqpadahal', 'jaring', 'gua', 'bagusbagus', 'ajagua', 'kasih', 'bintang']",bagusin sinyal nyaterlalu ngelaqpadahal jaring gua bagusbagus ajagua kasih bintang
Lusiana nurani,4,2025-09-29 09:36:09,ini sangat seru tapi aku tidak boleh top up,ini sangat seru tapi aku tidak boleh top up,ini sangat seru tapi aku tidak boleh top up,"['ini', 'sangat', 'seru', 'tapi', 'aku', 'tidak', 'boleh', 'top', 'up']","['sangat', 'seru', 'aku', 'top', 'up']","['sangat', 'seru', 'aku', 'top', 'up']",sangat seru aku top up
Riki Neta,5,2025-09-29 09:31:36,frifayer yang terbaik dan yang terkeren di dunia,frifayer yang terbaik dan yang terkeren di dunia,frifayer yang terbaik dan yang terkeren di dunia,"['frifayer', 'yang', 'terbaik', 'dan', 'yang', 'terkeren', 'di', 'dunia']","['frifayer', 'terbaik', 'terkeren', 'dunia']","['frifayer', 'baik', 'keren', 'dunia']",frifayer baik keren dunia
Susi Lawati,5,2025-09-29 09:30:32,bocil game harus coba game ini seru banget,bocil game harus coba game ini seru banget,bocil game harus coba game ini seru banget,"['bocil', 'game', 'harus', 'coba', 'game', 'ini', 'seru', 'banget']","['bocil', 'game', 'coba', 'game', 'seru', 'banget']","['bocil', 'game', 'coba', 'game', 'seru', 'banget']",bocil game coba game seru banget
Syandana,3,2025-09-29 09:28:47,"game bagus tapi banyak dark sistem. setiap saya repot,saya -1 honor score","game bagus tapi banyak dark sistem. setiap saya repot,saya -1 honor score",game bagus tapi banyak dark sistem setiap saya repotsaya honor score,"['game', 'bagus', 'tapi', 'banyak', 'dark', 'sistem', 'setiap', 'saya', 'repotsaya', 'honor', 'score']","['game', 'bagus', 'banyak', 'dark', 'sistem', 'repotsaya', 'honor', 'score']","['game', 'bagus', 'banyak', 'dark', 'sistem', 'repotsaya', 'honor', 'score']",game bagus banyak dark sistem repotsaya honor score
